offering_id,catnum,semester_id,section_number,instructor_id,building_id,room_number,capacity,meeting_days,start_time,end_time
100001,ENGR-1010,1,01,5072,GERBERHAL,105,36,TR,11:00,12:15
100002,ENGR-1010,1,02,5073,GERBERHAL,105,36,MWF,08:00,08:50
100003,ENGR-1010,1,03,5074,GERBERHAL,105,36,MWF,14:00,14:50
100004,ENGR-1010,1,04,5075,GERBERHAL,201,36,MWF,08:00,08:50
100005,ENGR-1010,1,05,5076,GERBERHAL,105,36,MWF,15:00,15:50
100006,ENGR-1010,1,06,5077,GERBERHAL,105,36,TR,09:30,10:45
100007,ENGR-1010,1,07,5078,GERBERHAL,105,36,MWF,09:00,09:50
100008,ENGR-1010,1,08,5079,GERBERHAL,201,36,MWF,09:00,09:50
100009,MATH-1010,1,01,5160,GERBERHAL,201,36,TR,11:00,12:15
100010,MATH-1010,1,02,5161,GERBERHAL,201,36,MWF,15:00,15:50
100011,MATH-1010,1,03,5162,HOLLISTER,105,36,TR,11:00,12:15
100012,MATH-1010,1,04,5163,GERBERHAL,105,36,MWF,11:00,11:50
100013,MATH-1010,1,05,5164,GERBERHAL,201,36,MWF,14:00,14:50
100014,MATH-1010,1,06,5165,HOLLISTER,105,36,MWF,09:00,09:50
100015,MATH-1010,1,07,5166,HOLLISTER,105,36,MWF,14:00,14:50
100016,MATH-1010,1,08,5167,HOLLISTER,105,36,MWF,08:00,08:50
100017,MATL-1005,1,01,5129,GERBERHAL,105,36,TR,14:00,15:15
100018,MATL-1010,1,01,5130,GERBERHAL,201,36,MWF,11:00,11:50
100019,MATL-2010,1,01,5131,HOLLISTER,106,36,MWF,08:00,08:50
100020,MATL-4010,1,01,5132,HOLLISTER,106,36,MWF,09:00,09:50
100021,PHYS-1005,1,01,5197,GERBERHAL,105,36,TR,12:30,13:45
100022,PHYS-1005,1,02,5198,HOLLISTER,202,36,MWF,09:00,09:50
100023,PHYS-1005,1,03,5199,GERBERHAL,201,36,TR,12:30,13:45
100024,PHYS-1005,1,04,5200,KEITHHALL,106,36,MWF,09:00,09:50
100025,PHYS-1005,1,05,5201,GERBERHAL,105,36,TR,15:30,16:45
100026,PHYS-1005,1,06,5202,KEITHHALL,201,36,MWF,09:00,09:50
100027,PHYS-1005,1,07,5203,HOLLISTER,105,36,MWF,11:00,11:50
100028,PHYS-1005,1,08,5204,GERBERHAL,105,36,TR,08:00,09:15
100029,AERO-1010,1,01,5001,GERBERHAL,105,33,MWF,13:00,13:50
100030,AERO-2015,1,01,5002,HOLLISTER,202,33,MWF,08:00,08:50
100031,AERO-2020,1,01,5003,HOLLISTER,106,33,MWF,14:00,14:50
100032,AERO-3005,1,01,5004,HOLLISTER,202,33,MWF,14:00,14:50
100033,AERO-4010,1,01,5005,GERBERHAL,201,33,TR,14:00,15:15
100034,CHEM-1005,1,01,5016,KUROMAKUH,104,32,TR,09:30,10:45
100035,CHEM-2005,1,01,5017,KUROMAKUH,104,32,TR,15:30,16:45
100036,CHEM-3005,1,01,5018,KUROMAKUH,104,32,TR,11:00,12:15
100037,CHEM-3015,1,01,5019,KUROMAKUH,104,32,MWF,10:00,10:50
100038,CHEM-4010,1,01,5020,KUROMAKUH,106,32,MWF,10:00,10:50
100039,CHMY-1015,1,01,5033,KUROMAKUH,104,32,MWF,15:00,15:50
100040,CIVL-1010,1,01,5040,KUROMAKUH,104,32,TR,12:30,13:45
100041,CIVL-2005,1,01,5041,KUROMAKUH,106,32,MWF,15:00,15:50
100042,CIVL-4010,1,01,5042,KUROMAKUH,106,32,TR,11:00,12:15
100043,EENG-1005,1,01,5085,KUROMAKUH,106,32,TR,09:30,10:45
100044,EENG-3005,1,01,5086,KUROMAKUH,106,32,TR,15:30,16:45
100045,EENG-4010,1,01,5087,KEITHHALL,105,32,TR,09:30,10:45
100046,MATH-2005,1,01,5168,KUROMAKUH,104,31,MWF,09:00,09:50
100047,MATH-2005,1,02,5169,KUROMAKUH,104,31,MWF,08:00,08:50
100048,MATH-2005,1,03,5170,KUROMAKUH,104,31,MWF,13:00,13:50
100049,MATH-3005,1,01,5171,KEITHHALL,105,31,MWF,10:00,10:50
100050,MATH-3005,1,02,5172,KUROMAKUH,104,31,TR,14:00,15:15
100051,COMP-1015,1,01,5055,KUROMAKUH,106,30,TR,14:00,15:15
100052,COMP-2005,1,01,5056,KUROMAKUH,106,30,MWF,13:00,13:50
100053,COMP-3005,1,01,5057,KUROMAKUH,106,30,MWF,09:00,09:50
100054,MANU-2005,1,01,5115,KUROMAKUH,104,30,MWF,14:00,14:50
100055,MANU-2010,1,01,5116,KEITHHALL,105,30,TR,14:00,15:15
100056,MANU-4010,1,01,5117,KRIEBELHA,201,30,MWF,10:00,10:50
100057,MATH-2015,1,01,5174,KUROMAKUH,104,30,MWF,11:00,11:50
100058,MECH-2005,1,01,5146,KUROMAKUH,105,28,TR,12:30,13:45
100059,MECH-2010,1,01,5147,KUROMAKUH,105,28,TR,11:00,12:15
100060,MECH-3005,1,01,5148,GERBERHAL,103,28,TR,12:30,13:45
100061,MECH-4010,1,01,5149,KUROMAKUH,105,28,TR,15:30,16:45
100062,HUMN-1005,1,01,5100,KUROMAKUH,105,26,MWF,10:00,10:50
100063,HUMN-1005,1,02,5101,KUROMAKUH,105,26,TR,14:00,15:15
100064,HUMN-1010,1,01,5102,KUROMAKUH,105,26,TR,09:30,10:45
100065,HUMN-1010,1,02,5103,KUROMAKUH,105,26,TR,08:00,09:15
100066,HUMN-1015,1,01,5104,KUROMAKUH,105,26,MWF,15:00,15:50
100067,HUMN-1015,1,02,5105,HOLLISTER,102,26,TR,12:30,13:45
100068,HUMN-2005,1,01,5106,GERBERHAL,103,26,MWF,15:00,15:50
100069,HUMN-2005,1,02,5107,KUROMAKUH,105,26,MWF,09:00,09:50
100070,HUMN-2010,1,01,5108,GERBERHAL,103,26,TR,15:30,16:45
100071,HUMN-2010,1,02,5109,GERBERHAL,103,26,MWF,09:00,09:50
100072,HUMN-2015,1,01,5110,GERBERHAL,103,26,TR,14:00,15:15
100073,HUMN-2015,1,02,5112,KUROMAKUH,105,26,MWF,14:00,14:50
100074,HUMN-3005,1,01,5113,KUROMAKUH,105,26,MWF,11:00,11:50
100075,HUMN-3005,1,02,5101,GERBERHAL,103,26,TR,11:00,12:15
100076,HUMN-3010,1,01,5103,GERBERHAL,103,26,TR,09:30,10:45
100077,HUMN-3010,1,02,5102,HOLLISTER,102,26,TR,15:30,16:45
100078,SOCS-1005,1,01,5220,GERBERHAL,103,26,MWF,11:00,11:50
100079,SOCS-1005,1,02,5221,GERBERHAL,103,26,MWF,14:00,14:50
100080,SOCS-1010,1,01,5222,HOLLISTER,102,26,MWF,11:00,11:50
100081,SOCS-1010,1,02,5223,KUROMAKUH,105,26,MWF,08:00,08:50
100082,SOCS-2005,1,01,5224,GERBERHAL,103,26,TR,08:00,09:15
100083,SOCS-2005,1,02,5225,HOLLISTER,103,26,TR,15:30,16:45
100084,SOCS-2010,1,01,5226,HOLLISTER,102,26,MWF,15:00,15:50
100085,SOCS-2010,1,02,5227,HOLLISTER,102,26,TR,09:30,10:45
100086,SOCS-2015,1,01,5228,HOLLISTER,103,26,MWF,15:00,15:50
100087,SOCS-2015,1,02,5229,HOLLISTER,102,26,MWF,09:00,09:50
100088,SOCS-3005,1,01,5230,KUROMAKUH,105,26,MWF,13:00,13:50
100089,SOCS-3005,1,02,5231,HOLLISTER,102,26,TR,08:00,09:15
100090,SOCS-3010,1,01,5232,HOLLISTER,103,26,TR,12:30,13:45
100091,SOCS-3010,1,02,5233,HOLLISTER,103,26,TR,09:30,10:45
100092,SOCS-3015,1,01,5234,HOLLISTER,102,26,TR,11:00,12:15
100093,SOCS-3015,1,02,5220,HOLLISTER,201,26,MWF,15:00,15:50
100094,CHEM-3025,1,01,5021,HOLLISTER,201,25,TR,15:30,16:45
100095,CHEM-3030,1,01,5022,HOLLISTER,103,25,MWF,11:00,11:50
100096,CHEM-4035,1,01,5023,HOLLISTER,201,25,TR,09:30,10:45
100097,CHEM-4040,1,01,5024,KEITHHALL,103,25,MWF,15:00,15:50
100098,PHYS-2005,1,01,5205,GERBERHAL,103,25,MWF,13:00,13:50
100099,PHYS-2005,1,02,5206,HOLLISTER,102,25,MWF,13:00,13:50
100100,PHYS-2005,1,03,5207,GERBERHAL,103,25,MWF,08:00,08:50
100101,MANU-3025,1,01,5118,HOLLISTER,103,23,TR,11:00,12:15
100102,MANU-3030,1,01,5119,KEITHHALL,103,23,TR,09:30,10:45
100103,MANU-3045,1,01,5120,HOLLISTER,201,23,TR,12:30,13:45
100104,MANU-4040,1,01,5121,HOLLISTER,103,23,MWF,09:00,09:50
100105,EENG-3030,1,01,5088,HOLLISTER,201,21,TR,11:00,12:15
100106,EENG-3050,1,01,5089,KUROMAKUH,201,21,R,13:00,16:00
100107,EENG-3100,1,01,5090,KEITHHALL,103,21,TR,15:30,16:45
100108,EENG-3120,1,01,5091,KUROMAKUH,201,21,T,09:00,12:00
100109,EENG-4020,1,01,5092,HOLLISTER,201,21,MWF,09:00,09:50
100110,EENG-4110,1,01,5093,GERBERHAL,204,21,T,09:00,12:00
100111,MATL-3020,1,01,5133,GERBERHAL,103,21,MWF,10:00,10:50
100112,MATL-3035,1,01,5134,HOLLISTER,204,21,T,09:00,12:00
100113,MATL-3040,1,01,5135,HOLLISTER,103,21,TR,08:00,09:15
100114,MATL-3055,1,01,5136,KEITHHALL,103,21,TR,11:00,12:15
100115,MATL-3060,1,01,5137,KEITHHALL,103,21,TR,12:30,13:45
100116,MATL-4025,1,01,5138,HOLLISTER,103,21,MWF,13:00,13:50
100117,MATL-4030,1,01,5139,KRIEBELHA,103,21,MWF,15:00,15:50
100118,MECH-3025,1,01,5150,KRIEBELHA,103,21,TR,15:30,16:45
100119,MECH-3030,1,01,5151,LUKSICHAL,104,21,TR,15:30,16:45
100120,MECH-3050,1,01,5152,KRIEBELHA,103,21,TR,12:30,13:45
100121,MECH-4040,1,01,5153,LUKSICHAL,104,21,TR,12:30,13:45
100122,AERO-3010,1,01,5006,LUKSICHAL,104,20,MWF,15:00,15:50
100123,AERO-3025,1,01,5007,LUKSICHAL,201,20,TR,15:30,16:45
100124,AERO-3030,1,01,5008,LUKSICHAL,201,20,MWF,15:00,15:50
100125,AERO-4015,1,01,5009,LUKSICHAL,202,20,TR,15:30,16:45
100126,AERO-4020,1,01,5010,KUROMAKUH,202,20,T,09:00,12:00
100127,COMP-3025,1,01,5058,KRIEBELHA,103,20,TR,09:30,10:45
100128,COMP-3030,1,01,5059,HORNCOMPU,103,20,R,09:00,12:00
100129,COMP-3045,1,01,5060,LUKSICHAL,104,20,TR,09:30,10:45
100130,COMP-3050,1,01,5061,HOLLISTER,201,20,MWF,11:00,11:50
100131,COMP-4015,1,01,5062,HOLLISTER,102,20,TR,14:00,15:15
100132,COMP-4020,1,01,5063,KRIEBELHA,103,20,TR,11:00,12:15
100133,NUCL-1010,1,01,5178,LUKSICHAL,201,20,TR,12:30,13:45
100134,NUCL-1010,1,02,5179,HOLLISTER,102,20,MWF,14:00,14:50
100135,NUCL-2010,1,01,5180,HOLLISTER,103,20,MWF,14:00,14:50
100136,NUCL-2010,1,02,5181,LUKSICHAL,202,20,TR,12:30,13:45
100137,NUCL-3005,1,01,5182,HOLLISTER,103,20,TR,14:00,15:15
100138,NUCL-3005,1,02,5183,HOLLISTER,102,20,MWF,08:00,08:50
100139,NUCL-3015,1,01,5184,KUROMAKUH,202,20,R,09:00,12:00
100140,NUCL-3015,1,02,5185,KUROMAKUH,202,20,R,13:00,16:00
100141,NUCL-3035,1,01,5186,LUKSICHAL,104,20,TR,11:00,12:15
100142,NUCL-3040,1,01,5187,KEITHHALL,103,20,MWF,11:00,11:50
100143,NUCL-3055,1,01,5188,KRIEBELHA,103,20,MWF,11:00,11:50
100144,NUCL-3060,1,01,5189,KUROMAKUH,203,20,R,13:00,16:00
100145,NUCL-4010,1,01,5190,LUKSICHAL,201,20,TR,11:00,12:15
100146,NUCL-4010,1,02,5191,HOLLISTER,103,20,MWF,08:00,08:50
100147,NUCL-4025,1,01,5192,HOLLISTER,102,20,MWF,10:00,10:50
100148,NUCL-4030,1,01,5195,LUKSICHAL,202,20,TR,11:00,12:15
100149,PHYS-1010,1,01,5208,KUROMAKUH,202,20,W,13:00,16:00
100150,PHYS-1010,1,02,5209,KUROMAKUH,203,20,T,09:00,12:00
100151,PHYS-1010,1,03,5210,KUROMAKUH,203,20,R,09:00,12:00
100152,PHYS-1010,1,04,5211,KUROMAKUH,202,20,T,13:00,16:00
100153,PHYS-1010,1,05,5212,KUROMAKUH,202,20,F,13:00,16:00
100154,PHYS-1010,1,06,5213,KUROMAKUH,203,20,T,13:00,16:00
100155,PHYS-1010,1,07,5216,KUROMAKUH,203,20,W,13:00,16:00
100156,PHYS-1010,1,08,5217,GERBERHAL,203,20,R,13:00,16:00
100157,PHYS-1010,1,09,5197,KUROMAKUH,202,20,M,13:00,16:00
100158,PHYS-1010,1,10,5198,GERBERHAL,203,20,R,09:00,12:00
100159,PHYS-1010,1,11,5199,GERBERHAL,203,20,W,13:00,16:00
100160,PHYS-1010,1,12,5200,GERBERHAL,206,20,R,13:00,16:00
100161,PHYS-1010,1,13,5202,GERBERHAL,203,20,T,13:00,16:00
100162,CIVL-3015,1,01,5043,KEITHHALL,103,19,MWF,09:00,09:50
100163,CIVL-3020,1,01,5044,GERBERHAL,206,19,T,13:00,16:00
100164,CIVL-3040,1,01,5045,HOLLISTER,201,19,MWF,14:00,14:50
100165,CIVL-3060,1,01,5046,LUKSICHAL,201,19,TR,09:30,10:45
100166,CIVL-4030,1,01,5047,HOLLISTER,201,19,TR,08:00,09:15
100167,MATL-3005,1,01,5140,GERBERHAL,203,18,T,09:00,12:00
100168,MATL-3005,1,02,5141,GERBERHAL,206,18,R,09:00,12:00
100169,AERO-1015,1,01,5011,GERBERHAL,206,17,T,09:00,12:00
100170,AERO-1015,1,02,5012,KUROMAKUH,203,17,F,13:00,16:00
100171,CHEM-3010,1,01,5025,GERBERHAL,205,16,R,09:00,12:00
100172,CHEM-3010,1,02,5026,GERBERHAL,205,16,M,13:00,16:00
100173,CIVL-1015,1,01,5048,KEITHHALL,203,16,R,09:00,12:00
100174,CIVL-1015,1,02,5049,GERBERHAL,205,16,F,13:00,16:00
100175,EENG-1010,1,01,5094,GERBERHAL,205,16,T,09:00,12:00
100176,EENG-1010,1,02,5095,KEITHHALL,203,16,M,13:00,16:00
100177,COMP-1020,1,01,5064,HORNCOMPU,103,15,F,13:00,16:00
100178,COMP-1020,1,02,5065,HORNCOMPU,104,15,R,09:00,12:00
100179,MANU-1010,1,01,5122,KEITHHALL,205,15,R,09:00,12:00
100180,MANU-1010,1,02,5123,GERBERHAL,205,15,R,13:00,16:00
100181,CHEM-3045,1,01,5027,HORNLIBRA,101,13,F,13:00,14:50
100182,CHEM-3045,1,02,5028,HORNLIBRA,102,13,F,13:00,14:50
100183,AERO-1005,1,01,5014,KEITHHALL,103,12,TR,08:00,09:15
100184,AERO-2005,1,01,5015,MUSTARDHA,104,12,TR,12:30,13:45
100185,AERO-2010,1,01,5001,KEITHHALL,203,12,T,09:00,12:00
100186,CHEM-2010,1,01,5031,LUKSICHAL,202,12,MWF,15:00,15:50
100187,CHEM-2015,1,01,5017,HOLLISTER,201,12,TR,14:00,15:15
100188,CHEM-2020,1,01,5018,KEITHHALL,203,12,F,13:00,16:00
100189,CHMY-1005,1,01,5034,KRIEBELHA,103,12,MWF,09:00,09:50
100190,CHMY-1010,1,01,5035,KRIEBELHA,206,12,R,09:00,12:00
100191,CHMY-2005,1,01,5036,MUSTARDHA,104,12,TR,11:00,12:15
100192,CIVL-1005,1,01,5050,LUKSICHAL,104,12,MWF,09:00,09:50
100193,CIVL-2010,1,01,5053,HOLLISTER,201,12,MWF,08:00,08:50
100194,CIVL-2015,1,01,5054,LUKSICHAL,201,12,MWF,09:00,09:50
100195,CIVL-3005,1,01,5042,MALLOYHAL,201,12,TR,12:30,13:45
100196,CIVL-3010,1,01,5040,KEITHHALL,205,12,T,09:00,12:00
100197,COMP-1005,1,01,5066,KEITHHALL,103,12,MWF,08:00,08:50
100198,COMP-1010,1,01,5068,HORNCOMPU,103,12,T,13:00,16:00
100199,COMP-2010,1,01,5070,MUSTARDHA,104,12,MWF,15:00,15:50
100200,COMP-3010,1,01,5071,KEITHHALL,103,12,TR,14:00,15:15
100201,COMP-4010,1,01,5055,HORNLIBRA,103,12,W,16:00,17:50
100202,COMP-4010,1,02,5056,HORNLIBRA,103,12,F,15:00,16:50
100203,COMP-4010,1,03,5057,HORNLIBRA,103,12,T,16:00,17:50
100204,EENG-1015,1,01,5099,KRIEBELHA,103,12,TR,08:00,09:15
100205,EENG-2005,1,01,5085,KEITHHALL,103,12,MWF,14:00,14:50
100206,EENG-2010,1,01,5086,MUSTARDHA,203,12,R,09:00,12:00
100207,EENG-2015,1,01,5087,KRIEBELHA,103,12,MWF,08:00,08:50
100208,EENG-3010,1,01,5088,LUKSICHAL,202,12,MWF,09:00,09:50
100209,ENGR-1005,1,01,5080,HOLLISTER,201,12,MWF,13:00,13:50
100210,ENGR-1015,1,01,5081,LUKSICHAL,104,12,MWF,08:00,08:50
100211,ENGR-2005,1,01,5084,LUKSICHAL,201,12,MWF,08:00,08:50
100212,ENGR-3005,1,01,5072,MUSTARDHA,104,12,TR,15:30,16:45
100213,MANU-1005,1,01,5124,LUKSICHAL,104,12,MWF,11:00,11:50
100214,MANU-2015,1,01,5126,KRIEBELHA,206,12,T,09:00,12:00
100215,MANU-2020,1,01,5127,KEITHHALL,103,12,MWF,13:00,13:50
100216,MANU-3005,1,01,5115,LUKSICHAL,202,12,MWF,08:00,08:50
100217,MANU-3010,1,01,5116,LUKSICHAL,104,12,TR,08:00,09:15
100218,MATH-1005,1,01,5176,MUSTARDHA,104,12,MWF,08:00,08:50
100219,MATH-2010,1,01,5160,HOLLISTER,103,12,MWF,10:00,10:50
100220,MATH-2020,1,01,5161,LUKSICHAL,202,12,TR,09:30,10:45
100221,MATH-3010,1,01,5162,SULLIVANB,201,12,TR,12:30,13:45
100222,MATH-3015,1,01,5163,KRIEBELHA,103,12,TR,14:00,15:15
100223,MATL-2005,1,01,5142,HOLLISTER,201,12,MWF,10:00,10:50
100224,MATL-2015,1,01,5143,MUSTARDHA,104,12,MWF,09:00,09:50
100225,MATL-3010,1,01,5144,LUKSICHAL,201,12,TR,08:00,09:15
100226,MATL-3015,1,01,5130,GERBERHAL,205,12,T,13:00,16:00
100227,MECH-2015,1,01,5154,MALLOYHAL,201,12,TR,15:30,16:45
100228,MECH-2020,1,01,5155,MALLOYHAL,201,12,MWF,15:00,15:50
100229,MECH-2025,1,01,5157,MUSTARDHA,203,12,T,09:00,12:00
100230,MECH-3010,1,01,5146,KEITHHALL,205,12,F,13:00,16:00
100231,MECH-3015,1,01,5147,LUKSICHAL,201,12,MWF,11:00,11:50
100232,NUCL-1005,1,01,5196,MALLOYHAL,201,12,TR,11:00,12:15
100233,NUCL-2005,1,01,5178,MUSTARDHA,104,12,TR,09:30,10:45
100234,NUCL-3010,1,01,5179,MALLOYHAL,201,12,TR,09:30,10:45
100235,NUCL-3020,1,01,5182,KRIEBELHA,206,12,F,13:00,16:00
100236,PHYS-1015,1,01,5201,SULLIVANB,201,12,TR,11:00,12:15
100237,PHYS-1020,1,01,5203,MALLOYHAL,203,12,R,09:00,12:00
100238,ENGR-1010,2,01,5072,GERBERHAL,105,36,MWF,10:00,10:50
100239,ENGR-1010,2,02,5073,GERBERHAL,105,36,MWF,08:00,08:50
100240,ENGR-1010,2,03,5074,GERBERHAL,105,36,MWF,11:00,11:50
100241,ENGR-1010,2,04,5075,GERBERHAL,105,36,MWF,14:00,14:50
100242,ENGR-1010,2,05,5076,GERBERHAL,105,36,TR,11:00,12:15
100243,ENGR-1010,2,06,5077,GERBERHAL,105,36,MWF,13:00,13:50
100244,ENGR-1010,2,07,5078,GERBERHAL,105,36,TR,14:00,15:15
100245,ENGR-1010,2,08,5079,GERBERHAL,201,36,TR,11:00,12:15
100246,MATH-1010,2,01,5160,GERBERHAL,201,36,MWF,10:00,10:50
100247,MATH-1010,2,02,5161,GERBERHAL,105,36,MWF,09:00,09:50
100248,MATH-1010,2,03,5162,GERBERHAL,201,36,MWF,08:00,08:50
100249,MATH-1010,2,04,5163,GERBERHAL,105,36,TR,09:30,10:45
100250,MATH-1010,2,05,5164,GERBERHAL,105,36,MWF,15:00,15:50
100251,MATH-1010,2,06,5165,HOLLISTER,105,36,MWF,10:00,10:50
100252,MATH-1010,2,07,5166,HOLLISTER,105,36,TR,11:00,12:15
100253,MATH-1010,2,08,5167,HOLLISTER,106,36,TR,11:00,12:15
100254,MATL-1005,2,01,5129,GERBERHAL,105,36,TR,08:00,09:15
100255,MATL-1010,2,01,5130,GERBERHAL,201,36,MWF,13:00,13:50
100256,MATL-2010,2,01,5131,GERBERHAL,201,36,MWF,09:00,09:50
100257,MATL-4010,2,01,5132,GERBERHAL,105,36,TR,12:30,13:45
100258,PHYS-1005,2,01,5197,HOLLISTER,105,36,MWF,13:00,13:50
100259,PHYS-1005,2,02,5198,GERBERHAL,201,36,MWF,14:00,14:50
100260,PHYS-1005,2,03,5199,HOLLISTER,106,36,MWF,13:00,13:50
100261,PHYS-1005,2,04,5200,GERBERHAL,201,36,MWF,11:00,11:50
100262,PHYS-1005,2,05,5201,GERBERHAL,201,36,TR,14:00,15:15
100263,PHYS-1005,2,06,5202,HOLLISTER,202,36,TR,11:00,12:15
100264,PHYS-1005,2,07,5203,HOLLISTER,202,36,MWF,13:00,13:50
100265,PHYS-1005,2,08,5204,GERBERHAL,105,36,TR,15:30,16:45
100266,AERO-1010,2,01,5001,GERBERHAL,201,33,TR,15:30,16:45
100267,AERO-2015,2,01,5002,HOLLISTER,105,33,TR,14:00,15:15
100268,AERO-2020,2,01,5003,GERBERHAL,201,33,TR,08:00,09:15
100269,AERO-3005,2,01,5004,HOLLISTER,106,33,TR,14:00,15:15
100270,AERO-4010,2,01,5005,HOLLISTER,105,33,TR,15:30,16:45
100271,CHEM-1005,2,01,5016,KUROMAKUH,104,32,TR,15:30,16:45
100272,CHEM-2005,2,01,5017,KUROMAKUH,104,32,TR,12:30,13:45
100273,CHEM-3005,2,01,5018,KUROMAKUH,104,32,TR,09:30,10:45
100274,CHEM-3015,2,01,5019,KUROMAKUH,104,32,MWF,09:00,09:50
100275,CHEM-4010,2,01,5020,KUROMAKUH,104,32,MWF,08:00,08:50
100276,CHMY-1015,2,01,5033,KUROMAKUH,104,32,TR,08:00,09:15
100277,CIVL-1010,2,01,5040,KUROMAKUH,104,32,MWF,15:00,15:50
100278,CIVL-2005,2,01,5041,KUROMAKUH,104,32,MWF,10:00,10:50
100279,CIVL-4010,2,01,5042,KUROMAKUH,104,32,MWF,11:00,11:50
100280,EENG-1005,2,01,5085,KUROMAKUH,104,32,MWF,13:00,13:50
100281,EENG-3005,2,01,5086,KUROMAKUH,106,32,MWF,15:00,15:50
100282,EENG-4010,2,01,5087,KUROMAKUH,106,32,MWF,13:00,13:50
100283,MATH-2005,2,01,5168,KUROMAKUH,104,31,MWF,14:00,14:50
100284,MATH-2005,2,02,5169,KUROMAKUH,104,31,TR,14:00,15:15
100285,MATH-2005,2,03,5170,KEITHHALL,105,31,MWF,13:00,13:50
100286,MATH-3005,2,01,5171,KUROMAKUH,106,31,TR,09:30,10:45
100287,MATH-3005,2,02,5172,KUROMAKUH,106,31,MWF,11:00,11:50
100288,COMP-1015,2,01,5055,KRIEBELHA,201,30,MWF,13:00,13:50
100289,COMP-2005,2,01,5056,KEITHHALL,105,30,MWF,11:00,11:50
100290,COMP-3005,2,01,5057,KRIEBELHA,202,30,MWF,13:00,13:50
100291,MANU-2005,2,01,5115,KUROMAKUH,106,30,TR,12:30,13:45
100292,MANU-2010,2,01,5116,KUROMAKUH,104,30,TR,11:00,12:15
100293,MANU-4010,2,01,5117,KUROMAKUH,106,30,MWF,09:00,09:50
100294,MATH-2015,2,01,5174,MUSTARDHA,105,30,MWF,13:00,13:50
100295,MECH-2005,2,01,5146,KUROMAKUH,105,28,TR,15:30,16:45
100296,MECH-2010,2,01,5147,KUROMAKUH,105,28,MWF,14:00,14:50
100297,MECH-3005,2,01,5148,KUROMAKUH,105,28,TR,11:00,12:15
100298,MECH-4010,2,01,5149,KUROMAKUH,105,28,TR,09:30,10:45
100299,HUMN-1005,2,01,5100,KUROMAKUH,105,26,MWF,10:00,10:50
100300,HUMN-1005,2,02,5101,GERBERHAL,103,26,TR,15:30,16:45
100301,HUMN-1010,2,01,5102,HOLLISTER,102,26,TR,15:30,16:45
100302,HUMN-1010,2,02,5103,KUROMAKUH,105,26,MWF,15:00,15:50
100303,HUMN-1015,2,01,5104,KUROMAKUH,105,26,MWF,11:00,11:50
100304,HUMN-1015,2,02,5105,GERBERHAL,103,26,MWF,15:00,15:50
100305,HUMN-2005,2,01,5106,GERBERHAL,103,26,TR,11:00,12:15
100306,HUMN-2005,2,02,5107,KUROMAKUH,105,26,TR,12:30,13:45
100307,HUMN-2010,2,01,5108,GERBERHAL,103,26,TR,12:30,13:45
100308,HUMN-2010,2,02,5109,KUROMAKUH,105,26,TR,14:00,15:15
100309,HUMN-2015,2,01,5110,HOLLISTER,102,26,TR,11:00,12:15
100310,HUMN-2015,2,02,5112,GERBERHAL,103,26,MWF,10:00,10:50
100311,HUMN-3005,2,01,5113,GERBERHAL,103,26,TR,14:00,15:15
100312,HUMN-3005,2,02,5101,GERBERHAL,103,26,MWF,14:00,14:50
100313,HUMN-3010,2,01,5102,HOLLISTER,102,26,MWF,14:00,14:50
100314,HUMN-3010,2,02,5104,HOLLISTER,102,26,MWF,15:00,15:50
100315,SOCS-1005,2,01,5220,HOLLISTER,103,26,MWF,14:00,14:50
100316,SOCS-1005,2,02,5221,HOLLISTER,102,26,MWF,10:00,10:50
100317,SOCS-1010,2,01,5222,HOLLISTER,201,26,MWF,14:00,14:50
100318,SOCS-1010,2,02,5223,HOLLISTER,102,26,TR,12:30,13:45
100319,SOCS-2005,2,01,5224,HOLLISTER,103,26,TR,12:30,13:45
100320,SOCS-2005,2,02,5225,KUROMAKUH,105,26,MWF,08:00,08:50
100321,SOCS-2010,2,01,5226,KUROMAKUH,105,26,TR,08:00,09:15
100322,SOCS-2010,2,02,5227,HOLLISTER,103,26,TR,15:30,16:45
100323,SOCS-2015,2,01,5228,HOLLISTER,102,26,TR,14:00,15:15
100324,SOCS-2015,2,02,5229,HOLLISTER,103,26,TR,14:00,15:15
100325,SOCS-3005,2,01,5230,HOLLISTER,103,26,MWF,15:00,15:50
100326,SOCS-3005,2,02,5231,GERBERHAL,103,26,MWF,11:00,11:50
100327,SOCS-3010,2,01,5232,HOLLISTER,201,26,TR,12:30,13:45
100328,SOCS-3010,2,02,5233,KEITHHALL,103,26,TR,12:30,13:45
100329,SOCS-3015,2,01,5234,HOLLISTER,201,26,TR,14:00,15:15
100330,SOCS-3015,2,02,5220,GERBERHAL,103,26,TR,09:30,10:45
100331,CHEM-3025,2,01,5021,HOLLISTER,103,25,TR,11:00,12:15
100332,CHEM-3030,2,01,5022,GERBERHAL,103,25,MWF,08:00,08:50
100333,CHEM-4035,2,01,5023,HOLLISTER,102,25,MWF,08:00,08:50
100334,CHEM-4040,2,01,5024,HOLLISTER,102,25,TR,09:30,10:45
100335,PHYS-2005,2,01,5205,GERBERHAL,103,25,TR,08:00,09:15
100336,PHYS-2005,2,02,5206,KRIEBELHA,103,25,TR,12:30,13:45
100337,PHYS-2005,2,03,5207,HOLLISTER,103,25,MWF,10:00,10:50
100338,MANU-3025,2,01,5118,KUROMAKUH,105,23,MWF,13:00,13:50
100339,MANU-3030,2,01,5119,HOLLISTER,201,23,TR,11:00,12:15
100340,MANU-3045,2,01,5120,HOLLISTER,103,23,MWF,08:00,08:50
100341,MANU-4040,2,01,5121,HOLLISTER,201,23,MWF,15:00,15:50
100342,EENG-3030,2,01,5088,HOLLISTER,103,21,TR,09:30,10:45
100343,EENG-3050,2,01,5089,KUROMAKUH,201,21,T,09:00,12:00
100344,EENG-3100,2,01,5090,KEITHHALL,103,21,MWF,15:00,15:50
100345,EENG-3120,2,01,5091,KUROMAKUH,201,21,W,13:00,16:00
100346,EENG-4020,2,01,5092,HOLLISTER,102,21,TR,08:00,09:15
100347,EENG-4110,2,01,5093,GERBERHAL,204,21,W,13:00,16:00
100348,MATL-3020,2,01,5133,HOLLISTER,103,21,TR,08:00,09:15
100349,MATL-3035,2,01,5134,KUROMAKUH,201,21,R,13:00,16:00
100350,MATL-3040,2,01,5135,GERBERHAL,103,21,MWF,13:00,13:50
100351,MATL-3055,2,01,5136,KEITHHALL,103,21,TR,11:00,12:15
100352,MATL-3060,2,01,5137,HOLLISTER,201,21,MWF,10:00,10:50
100353,MATL-4025,2,01,5138,KEITHHALL,103,21,MWF,10:00,10:50
100354,MATL-4030,2,01,5139,HOLLISTER,201,21,TR,15:30,16:45
100355,MECH-3025,2,01,5150,HOLLISTER,201,21,TR,09:30,10:45
100356,MECH-3030,2,01,5151,KEITHHALL,103,21,TR,09:30,10:45
100357,MECH-3050,2,01,5152,HOLLISTER,201,21,MWF,08:00,08:50
100358,MECH-4040,2,01,5153,KRIEBELHA,103,21,MWF,15:00,15:50
100359,AERO-3010,2,01,5006,HOLLISTER,102,20,MWF,11:00,11:50
100360,AERO-3025,2,01,5007,HOLLISTER,103,20,MWF,11:00,11:50
100361,AERO-3030,2,01,5008,KUROMAKUH,105,20,MWF,09:00,09:50
100362,AERO-4015,2,01,5009,HOLLISTER,201,20,TR,08:00,09:15
100363,AERO-4020,2,01,5010,KUROMAKUH,202,20,W,13:00,16:00
100364,COMP-3025,2,01,5058,KRIEBELHA,103,20,TR,11:00,12:15
100365,COMP-3030,2,01,5059,HORNCOMPU,103,20,T,09:00,12:00
100366,COMP-3045,2,01,5060,HOLLISTER,102,20,MWF,13:00,13:50
100367,COMP-3050,2,01,5061,LUKSICHAL,104,20,MWF,15:00,15:50
100368,COMP-4015,2,01,5062,KEITHHALL,103,20,MWF,14:00,14:50
100369,COMP-4020,2,01,5063,HOLLISTER,201,20,MWF,11:00,11:50
100370,NUCL-1010,2,01,5178,LUKSICHAL,104,20,TR,11:00,12:15
100371,NUCL-1010,2,02,5179,LUKSICHAL,104,20,TR,12:30,13:45
100372,NUCL-2010,2,01,5180,KEITHHALL,103,20,MWF,08:00,08:50
100373,NUCL-2010,2,02,5181,GERBERHAL,103,20,MWF,09:00,09:50
100374,NUCL-3005,2,01,5182,KRIEBELHA,103,20,MWF,08:00,08:50
100375,NUCL-3005,2,02,5183,KEITHHALL,103,20,MWF,11:00,11:50
100376,NUCL-3015,2,01,5184,KUROMAKUH,202,20,M,13:00,16:00
100377,NUCL-3015,2,02,5185,KUROMAKUH,202,20,R,13:00,16:00
100378,NUCL-3035,2,01,5186,KEITHHALL,103,20,TR,15:30,16:45
100379,NUCL-3040,2,01,5187,KRIEBELHA,103,20,MWF,14:00,14:50
100380,NUCL-3055,2,01,5188,LUKSICHAL,104,20,MWF,08:00,08:50
100381,NUCL-3060,2,01,5189,KUROMAKUH,202,20,T,13:00,16:00
100382,NUCL-4010,2,01,5190,KRIEBELHA,103,20,MWF,11:00,11:50
100383,NUCL-4010,2,02,5191,LUKSICHAL,201,20,TR,12:30,13:45
100384,NUCL-4025,2,01,5192,LUKSICHAL,202,20,TR,12:30,13:45
100385,NUCL-4030,2,01,5195,HOLLISTER,103,20,MWF,13:00,13:50
100386,PHYS-1010,2,01,5208,KUROMAKUH,202,20,R,09:00,12:00
100387,PHYS-1010,2,02,5209,KUROMAKUH,203,20,W,13:00,16:00
100388,PHYS-1010,2,03,5210,GERBERHAL,203,20,W,13:00,16:00
100389,PHYS-1010,2,04,5211,KUROMAKUH,203,20,R,09:00,12:00
100390,PHYS-1010,2,05,5212,KUROMAKUH,203,20,M,13:00,16:00
100391,PHYS-1010,2,06,5213,GERBERHAL,206,20,W,13:00,16:00
100392,PHYS-1010,2,07,5216,KUROMAKUH,202,20,F,13:00,16:00
100393,PHYS-1010,2,08,5217,KUROMAKUH,202,20,T,09:00,12:00
100394,PHYS-1010,2,09,5200,HOLLISTER,203,20,W,13:00,16:00
100395,PHYS-1010,2,10,5201,KUROMAKUH,203,20,F,13:00,16:00
100396,PHYS-1010,2,11,5197,KUROMAKUH,203,20,T,13:00,16:00
100397,PHYS-1010,2,12,5202,HOLLISTER,205,20,W,13:00,16:00
100398,PHYS-1010,2,13,5198,GERBERHAL,203,20,T,13:00,16:00
100399,CIVL-3015,2,01,5043,KRIEBELHA,103,19,TR,09:30,10:45
100400,CIVL-3020,2,01,5044,GERBERHAL,203,19,M,13:00,16:00
100401,CIVL-3040,2,01,5045,LUKSICHAL,201,19,TR,11:00,12:15
100402,CIVL-3060,2,01,5046,LUKSICHAL,201,19,MWF,08:00,08:50
100403,CIVL-4030,2,01,5047,MUSTARDHA,104,19,TR,12:30,13:45
100404,MATL-3005,2,01,5140,GERBERHAL,206,18,T,13:00,16:00
100405,MATL-3005,2,02,5141,KUROMAKUH,203,18,R,13:00,16:00
100406,AERO-1015,2,01,5011,GERBERHAL,203,17,R,09:00,12:00
100407,AERO-1015,2,02,5012,GERBERHAL,206,17,M,13:00,16:00
100408,CHEM-3010,2,01,5025,GERBERHAL,205,16,R,13:00,16:00
100409,CHEM-3010,2,02,5026,GERBERHAL,205,16,R,09:00,12:00
100410,CIVL-1015,2,01,5048,KEITHHALL,203,16,R,09:00,12:00
100411,CIVL-1015,2,02,5049,GERBERHAL,205,16,F,13:00,16:00
100412,EENG-1010,2,01,5094,GERBERHAL,205,16,W,13:00,16:00
100413,EENG-1010,2,02,5095,GERBERHAL,205,16,T,09:00,12:00
100414,COMP-1020,2,01,5064,HORNCOMPU,103,15,R,13:00,16:00
100415,COMP-1020,2,02,5065,HORNCOMPU,103,15,F,13:00,16:00
100416,MANU-1010,2,01,5122,KEITHHALL,203,15,T,09:00,12:00
100417,MANU-1010,2,02,5123,KEITHHALL,205,15,R,09:00,12:00
100418,CHEM-3045,2,01,5027,HORNLIBRA,101,13,W,16:00,17:50
100419,CHEM-3045,2,02,5028,HORNLIBRA,101,13,F,15:00,16:50
100420,AERO-1005,2,01,5014,KRIEBELHA,103,12,MWF,10:00,10:50
100421,AERO-2005,2,01,5015,HOLLISTER,201,12,MWF,13:00,13:50
100422,AERO-2010,2,01,5001,KEITHHALL,203,12,W,13:00,16:00
100423,CHEM-2010,2,01,5031,LUKSICHAL,202,12,TR,11:00,12:15
100424,CHEM-2015,2,01,5017,KEITHHALL,103,12,TR,14:00,15:15
100425,CHEM-2020,2,01,5018,KEITHHALL,203,12,F,13:00,16:00
100426,CHMY-1005,2,01,5034,LUKSICHAL,104,12,MWF,10:00,10:50
100427,CHMY-1010,2,01,5035,KEITHHALL,205,12,T,09:00,12:00
100428,CHMY-2005,2,01,5036,KEITHHALL,103,12,TR,08:00,09:15
100429,CIVL-1005,2,01,5050,LUKSICHAL,104,12,MWF,14:00,14:50
100430,CIVL-2010,2,01,5053,LUKSICHAL,201,12,MWF,10:00,10:50
100431,CIVL-2015,2,01,5054,MUSTARDHA,104,12,TR,11:00,12:15
100432,CIVL-3005,2,01,5040,KRIEBELHA,103,12,TR,08:00,09:15
100433,CIVL-3010,2,01,5042,KEITHHALL,203,12,R,13:00,16:00
100434,COMP-1005,2,01,5066,KRIEBELHA,103,12,TR,14:00,15:15
100435,COMP-1010,2,01,5068,HORNCOMPU,103,12,R,09:00,12:00
100436,COMP-2010,2,01,5070,LUKSICHAL,104,12,TR,14:00,15:15
100437,COMP-3010,2,01,5071,HOLLISTER,102,12,MWF,09:00,09:50
100438,COMP-4010,2,01,5055,HORNLIBRA,103,12,F,15:00,16:50
100439,COMP-4010,2,02,5056,HORNLIBRA,103,12,W,16:00,17:50
100440,COMP-4010,2,03,5057,HORNLIBRA,103,12,T,16:00,17:50
100441,EENG-1015,2,01,5099,MALLOYHAL,201,12,TR,11:00,12:15
100442,EENG-2005,2,01,5085,MALLOYHAL,201,12,TR,12:30,13:45
100443,EENG-2010,2,01,5088,GERBERHAL,205,12,M,13:00,16:00
100444,EENG-2015,2,01,5086,LUKSICHAL,104,12,MWF,11:00,11:50
100445,EENG-3010,2,01,5087,LUKSICHAL,104,12,TR,08:00,09:15
100446,ENGR-1005,2,01,5080,LUKSICHAL,202,12,MWF,08:00,08:50
100447,ENGR-1015,2,01,5081,SULLIVANB,201,12,TR,12:30,13:45
100448,ENGR-2005,2,01,5084,MUSTARDHA,104,12,MWF,08:00,08:50
100449,ENGR-3005,2,01,5072,KEITHHALL,103,12,MWF,13:00,13:50
100450,MANU-1005,2,01,5124,LUKSICHAL,201,12,MWF,15:00,15:50
100451,MANU-2015,2,01,5126,KEITHHALL,203,12,M,13:00,16:00
100452,MANU-2020,2,01,5127,LUKSICHAL,201,12,TR,08:00,09:15
100453,MANU-3005,2,01,5115,LUKSICHAL,104,12,TR,09:30,10:45
100454,MANU-3010,2,01,5116,HOLLISTER,103,12,MWF,09:00,09:50
100455,MATH-1005,2,01,5176,LUKSICHAL,201,12,TR,14:00,15:15
100456,MATH-2010,2,01,5160,LUKSICHAL,201,12,MWF,11:00,11:50
100457,MATH-2020,2,01,5161,MALLOYHAL,201,12,MWF,08:00,08:50
100458,MATH-3010,2,01,5162,LUKSICHAL,202,12,MWF,15:00,15:50
100459,MATH-3015,2,01,5163,LUKSICHAL,202,12,TR,14:00,15:15
100460,MATL-2005,2,01,5142,LUKSICHAL,201,12,MWF,14:00,14:50
100461,MATL-2015,2,01,5143,MUSTARDHA,104,12,TR,14:00,15:15
100462,MATL-3010,2,01,5144,LUKSICHAL,202,12,MWF,10:00,10:50
100463,MATL-3015,2,01,5129,KEITHHALL,205,12,R,13:00,16:00
100464,MECH-2015,2,01,5154,WESTGATEH,103,12,TR,12:30,13:45
100465,MECH-2020,2,01,5155,LUKSICHAL,202,12,MWF,11:00,11:50
100466,MECH-2025,2,01,5157,KRIEBELHA,206,12,T,09:00,12:00
100467,MECH-3010,2,01,5146,MUSTARDHA,203,12,T,09:00,12:00
100468,MECH-3015,2,01,5147,LUKSICHAL,202,12,TR,08:00,09:15
100469,NUCL-1005,2,01,5196,KRIEBELHA,103,12,MWF,13:00,13:50
100470,NUCL-2005,2,01,5178,WESTGATEH,201,12,TR,12:30,13:45
100471,NUCL-3010,2,01,5179,MUSTARDHA,104,12,MWF,10:00,10:50
100472,NUCL-3020,2,01,5180,KRIEBELHA,206,12,R,13:00,16:00
100473,PHYS-1015,2,01,5199,MUSTARDHA,104,12,TR,08:00,09:15
100474,PHYS-1020,2,01,5203,KRIEBELHA,206,12,R,09:00,12:00
100475,ENGR-1010,3,01,5072,GERBERHAL,105,36,MWF,10:00,10:50
100476,ENGR-1010,3,02,5073,GERBERHAL,105,36,TR,14:00,15:15
100477,ENGR-1010,3,03,5074,GERBERHAL,105,36,TR,12:30,13:45
100478,ENGR-1010,3,04,5075,GERBERHAL,105,36,TR,08:00,09:15
100479,ENGR-1010,3,05,5076,GERBERHAL,105,36,MWF,15:00,15:50
100480,ENGR-1010,3,06,5077,GERBERHAL,201,36,TR,12:30,13:45
100481,ENGR-1010,3,07,5078,GERBERHAL,105,36,MWF,08:00,08:50
100482,ENGR-1010,3,08,5079,GERBERHAL,105,36,TR,15:30,16:45
100483,MATH-1010,3,01,5160,GERBERHAL,201,36,MWF,15:00,15:50
100484,MATH-1010,3,02,5161,GERBERHAL,201,36,TR,15:30,16:45
100485,MATH-1010,3,03,5162,GERBERHAL,105,36,TR,11:00,12:15
100486,MATH-1010,3,04,5163,GERBERHAL,105,36,MWF,11:00,11:50
100487,MATH-1010,3,05,5164,GERBERHAL,105,36,MWF,13:00,13:50
100488,MATH-1010,3,06,5165,GERBERHAL,105,36,MWF,09:00,09:50
100489,MATH-1010,3,07,5166,GERBERHAL,201,36,TR,14:00,15:15
100490,MATH-1010,3,08,5167,HOLLISTER,105,36,TR,14:00,15:15
100491,MATL-1005,3,01,5129,GERBERHAL,201,36,TR,11:00,12:15
100492,MATL-1010,3,01,5130,GERBERHAL,105,36,MWF,14:00,14:50
100493,MATL-2010,3,01,5131,GERBERHAL,201,36,MWF,08:00,08:50
100494,MATL-4010,3,01,5132,HOLLISTER,105,36,MWF,15:00,15:50
100495,PHYS-1005,3,01,5197,GERBERHAL,201,36,MWF,11:00,11:50
100496,PHYS-1005,3,02,5198,HOLLISTER,106,36,MWF,15:00,15:50
100497,PHYS-1005,3,03,5199,HOLLISTER,105,36,TR,12:30,13:45
100498,PHYS-1005,3,04,5200,GERBERHAL,201,36,MWF,10:00,10:50
100499,PHYS-1005,3,05,5201,GERBERHAL,201,36,TR,08:00,09:15
100500,PHYS-1005,3,06,5202,GERBERHAL,105,36,TR,09:30,10:45
100501,PHYS-1005,3,07,5203,HOLLISTER,106,36,TR,12:30,13:45
100502,PHYS-1005,3,08,5204,HOLLISTER,105,36,TR,08:00,09:15
100503,AERO-1010,3,01,5001,GERBERHAL,201,33,MWF,14:00,14:50
100504,AERO-2015,3,01,5002,HOLLISTER,105,33,MWF,14:00,14:50
100505,AERO-2020,3,01,5003,HOLLISTER,106,33,TR,08:00,09:15
100506,AERO-3005,3,01,5004,HOLLISTER,106,33,MWF,14:00,14:50
100507,AERO-4010,3,01,5005,HOLLISTER,105,33,MWF,08:00,08:50
100508,CHEM-1005,3,01,5016,KUROMAKUH,104,32,TR,15:30,16:45
100509,CHEM-2005,3,01,5017,KUROMAKUH,104,32,MWF,15:00,15:50
100510,CHEM-3005,3,01,5018,KUROMAKUH,104,32,MWF,11:00,11:50
100511,CHEM-3015,3,01,5019,KUROMAKUH,106,32,TR,15:30,16:45
100512,CHEM-4010,3,01,5020,KUROMAKUH,104,32,MWF,10:00,10:50
100513,CHMY-1015,3,01,5033,KUROMAKUH,104,32,TR,09:30,10:45
100514,CIVL-1010,3,01,5040,KUROMAKUH,106,32,TR,09:30,10:45
100515,CIVL-2005,3,01,5041,KUROMAKUH,104,32,TR,11:00,12:15
100516,CIVL-4010,3,01,5042,KUROMAKUH,104,32,MWF,09:00,09:50
100517,EENG-1005,3,01,5085,KUROMAKUH,104,32,MWF,14:00,14:50
100518,EENG-3005,3,01,5086,KEITHHALL,105,32,TR,15:30,16:45
100519,EENG-4010,3,01,5087,KUROMAKUH,104,32,TR,12:30,13:45
100520,MATH-2005,3,01,5168,KUROMAKUH,106,31,MWF,11:00,11:50
100521,MATH-2005,3,02,5169,KUROMAKUH,104,31,TR,08:00,09:15
100522,MATH-2005,3,03,5170,KUROMAKUH,106,31,MWF,14:00,14:50
100523,MATH-3005,3,01,5171,KUROMAKUH,104,31,MWF,08:00,08:50
100524,MATH-3005,3,02,5172,KUROMAKUH,106,31,MWF,10:00,10:50
100525,COMP-1015,3,01,5055,KRIEBELHA,201,30,TR,15:30,16:45
100526,COMP-2005,3,01,5056,KUROMAKUH,106,30,TR,12:30,13:45
100527,COMP-3005,3,01,5057,KUROMAKUH,104,30,TR,14:00,15:15
100528,MANU-2005,3,01,5115,KUROMAKUH,106,30,TR,11:00,12:15
100529,MANU-2010,3,01,5116,KUROMAKUH,106,30,MWF,15:00,15:50
100530,MANU-4010,3,01,5117,KEITHHALL,105,30,TR,11:00,12:15
100531,MATH-2015,3,01,5174,KEITHHALL,105,30,TR,09:30,10:45
100532,MECH-2005,3,01,5146,KUROMAKUH,105,28,MWF,14:00,14:50
100533,MECH-2010,3,01,5147,KUROMAKUH,105,28,MWF,13:00,13:50
100534,MECH-3005,3,01,5148,KUROMAKUH,105,28,MWF,08:00,08:50
100535,MECH-4010,3,01,5149,KUROMAKUH,105,28,TR,11:00,12:15
100536,HUMN-1005,3,01,5100,GERBERHAL,103,26,MWF,08:00,08:50
100537,HUMN-1005,3,02,5101,KUROMAKUH,105,26,MWF,10:00,10:50
100538,HUMN-1010,3,01,5102,HOLLISTER,102,26,MWF,08:00,08:50
100539,HUMN-1010,3,02,5103,KUROMAKUH,105,26,TR,12:30,13:45
100540,HUMN-1015,3,01,5104,KUROMAKUH,105,26,MWF,11:00,11:50
100541,HUMN-1015,3,02,5105,GERBERHAL,103,26,TR,11:00,12:15
100542,HUMN-2005,3,01,5106,GERBERHAL,103,26,MWF,14:00,14:50
100543,HUMN-2005,3,02,5107,KUROMAKUH,105,26,TR,09:30,10:45
100544,HUMN-2010,3,01,5108,KUROMAKUH,105,26,TR,15:30,16:45
100545,HUMN-2010,3,02,5109,HOLLISTER,103,26,MWF,08:00,08:50
100546,HUMN-2015,3,01,5110,GERBERHAL,103,26,TR,15:30,16:45
100547,HUMN-2015,3,02,5112,KUROMAKUH,105,26,MWF,09:00,09:50
100548,HUMN-3005,3,01,5113,KUROMAKUH,105,26,MWF,15:00,15:50
100549,HUMN-3005,3,02,5114,HOLLISTER,102,26,MWF,14:00,14:50
100550,HUMN-3010,3,01,5101,GERBERHAL,103,26,TR,12:30,13:45
100551,HUMN-3010,3,02,5102,GERBERHAL,103,26,MWF,10:00,10:50
100552,SOCS-1005,3,01,5220,GERBERHAL,103,26,MWF,13:00,13:50
100553,SOCS-1005,3,02,5221,GERBERHAL,103,26,MWF,11:00,11:50
100554,SOCS-1010,3,01,5222,HOLLISTER,102,26,TR,12:30,13:45
100555,SOCS-1010,3,02,5223,HOLLISTER,103,26,TR,12:30,13:45
100556,SOCS-2005,3,01,5224,HOLLISTER,103,26,MWF,14:00,14:50
100557,SOCS-2005,3,02,5225,HOLLISTER,102,26,MWF,10:00,10:50
100558,SOCS-2010,3,01,5226,HOLLISTER,201,26,TR,12:30,13:45
100559,SOCS-2010,3,02,5227,KUROMAKUH,105,26,TR,08:00,09:15
100560,SOCS-2015,3,01,5228,HOLLISTER,201,26,MWF,14:00,14:50
100561,SOCS-2015,3,02,5229,HOLLISTER,102,26,TR,11:00,12:15
100562,SOCS-3005,3,01,5230,GERBERHAL,103,26,TR,09:30,10:45
100563,SOCS-3005,3,02,5231,HOLLISTER,102,26,MWF,13:00,13:50
100564,SOCS-3010,3,01,5232,KEITHHALL,103,26,MWF,14:00,14:50
100565,SOCS-3010,3,02,5233,HOLLISTER,102,26,TR,15:30,16:45
100566,SOCS-3015,3,01,5234,HOLLISTER,201,26,MWF,08:00,08:50
100567,SOCS-3015,3,02,5220,KUROMAKUH,105,26,TR,14:00,15:15
100568,PHYS-2005,3,01,5205,GERBERHAL,103,25,TR,14:00,15:15
100569,PHYS-2005,3,02,5206,GERBERHAL,103,25,MWF,15:00,15:50
100570,PHYS-2005,3,03,5207,GERBERHAL,103,25,MWF,09:00,09:50
100571,MANU-3025,3,01,5118,HOLLISTER,103,23,TR,11:00,12:15
100572,MANU-3030,3,01,5119,GERBERHAL,103,23,TR,08:00,09:15
100573,MANU-4020,3,01,5120,KEITHHALL,103,23,TR,12:30,13:45
100574,MANU-4040,3,01,5121,HOLLISTER,102,23,MWF,15:00,15:50
100575,CHEM-3025,3,01,5021,HOLLISTER,102,21,MWF,11:00,11:50
100576,CHEM-3030,3,01,5022,HOLLISTER,201,21,TR,11:00,12:15
100577,CHEM-4015,3,01,5023,KEITHHALL,103,21,MWF,08:00,08:50
100578,CHEM-4020,3,01,5024,KRIEBELHA,103,21,MWF,14:00,14:50
100579,CHEM-4040,3,01,5025,HOLLISTER,102,21,TR,14:00,15:15
100580,EENG-3030,3,01,5088,HOLLISTER,103,21,TR,15:30,16:45
100581,EENG-3050,3,01,5089,KUROMAKUH,201,21,T,09:00,12:00
100582,EENG-3100,3,01,5090,HOLLISTER,103,21,MWF,13:00,13:50
100583,EENG-3120,3,01,5091,KUROMAKUH,201,21,W,13:00,16:00
100584,EENG-4020,3,01,5092,HOLLISTER,102,21,TR,08:00,09:15
100585,EENG-4110,3,01,5093,KUROMAKUH,201,21,R,09:00,12:00
100586,MATL-3020,3,01,5133,HOLLISTER,102,21,TR,09:30,10:45
100587,MATL-3035,3,01,5134,GERBERHAL,204,21,R,09:00,12:00
100588,MATL-3040,3,01,5135,LUKSICHAL,104,21,MWF,14:00,14:50
100589,MATL-3055,3,01,5136,HOLLISTER,103,21,TR,09:30,10:45
100590,MATL-3060,3,01,5137,KEITHHALL,103,21,TR,11:00,12:15
100591,MATL-4025,3,01,5138,HOLLISTER,103,21,MWF,11:00,11:50
100592,MATL-4030,3,01,5139,HOLLISTER,102,21,MWF,09:00,09:50
100593,MECH-3030,3,01,5150,KRIEBELHA,103,21,TR,11:00,12:15
100594,MECH-3050,3,01,5151,HOLLISTER,201,21,MWF,13:00,13:50
100595,MECH-4020,3,01,5152,KRIEBELHA,103,21,TR,12:30,13:45
100596,MECH-4040,3,01,5153,KEITHHALL,103,21,MWF,13:00,13:50
100597,AERO-3010,3,01,5006,HOLLISTER,201,20,TR,15:30,16:45
100598,AERO-3025,3,01,5007,HOLLISTER,103,20,MWF,09:00,09:50
100599,AERO-3030,3,01,5008,HOLLISTER,103,20,MWF,15:00,15:50
100600,AERO-4020,3,01,5009,KUROMAKUH,202,20,T,09:00,12:00
100601,AERO-4040,3,01,5010,HOLLISTER,201,20,MWF,15:00,15:50
100602,COMP-3025,3,01,5058,KEITHHALL,103,20,MWF,15:00,15:50
100603,COMP-3030,3,01,5059,HORNCOMPU,103,20,R,13:00,16:00
100604,COMP-3050,3,01,5060,HOLLISTER,201,20,MWF,11:00,11:50
100605,COMP-4015,3,01,5061,LUKSICHAL,104,20,TR,12:30,13:45
100606,COMP-4020,3,01,5062,HOLLISTER,103,20,MWF,10:00,10:50
100607,COMP-4040,3,01,5063,KRIEBELHA,103,20,MWF,08:00,08:50
100608,NUCL-1010,3,01,5178,HOLLISTER,103,20,TR,14:00,15:15
100609,NUCL-1010,3,02,5179,LUKSICHAL,104,20,MWF,08:00,08:50
100610,NUCL-2010,3,01,5180,HOLLISTER,201,20,MWF,09:00,09:50
100611,NUCL-2010,3,02,5181,KEITHHALL,103,20,TR,15:30,16:45
100612,NUCL-3005,3,01,5182,KRIEBELHA,103,20,MWF,15:00,15:50
100613,NUCL-3005,3,02,5183,LUKSICHAL,104,20,TR,11:00,12:15
100614,NUCL-3015,3,01,5184,KUROMAKUH,202,20,R,13:00,16:00
100615,NUCL-3015,3,02,5185,KUROMAKUH,202,20,F,13:00,16:00
100616,NUCL-3035,3,01,5186,KRIEBELHA,103,20,TR,15:30,16:45
100617,NUCL-3040,3,01,5187,LUKSICHAL,104,20,TR,15:30,16:45
100618,NUCL-3060,3,01,5188,KUROMAKUH,202,20,R,09:00,12:00
100619,NUCL-4010,3,01,5189,KEITHHALL,103,20,MWF,09:00,09:50
100620,NUCL-4010,3,02,5190,LUKSICHAL,201,20,TR,11:00,12:15
100621,NUCL-4025,3,01,5191,HOLLISTER,103,20,TR,08:00,09:15
100622,NUCL-4030,3,01,5192,KRIEBELHA,103,20,MWF,09:00,09:50
100623,NUCL-4050,3,01,5193,KRIEBELHA,103,20,MWF,13:00,13:50
100624,PHYS-1010,3,01,5208,KUROMAKUH,202,20,W,13:00,16:00
100625,PHYS-1010,3,02,5209,KUROMAKUH,203,20,R,13:00,16:00
100626,PHYS-1010,3,03,5210,KUROMAKUH,203,20,R,09:00,12:00
100627,PHYS-1010,3,04,5211,KUROMAKUH,203,20,W,13:00,16:00
100628,PHYS-1010,3,05,5212,KUROMAKUH,202,20,M,13:00,16:00
100629,PHYS-1010,3,06,5213,GERBERHAL,203,20,R,13:00,16:00
100630,PHYS-1010,3,07,5214,KUROMAKUH,203,20,F,13:00,16:00
100631,PHYS-1010,3,08,5216,KUROMAKUH,203,20,T,09:00,12:00
100632,PHYS-1010,3,09,5217,GERBERHAL,203,20,T,09:00,12:00
100633,PHYS-1010,3,10,5197,GERBERHAL,206,20,R,13:00,16:00
100634,PHYS-1010,3,11,5199,GERBERHAL,203,20,F,13:00,16:00
100635,PHYS-1010,3,12,5198,GERBERHAL,203,20,R,09:00,12:00
100636,PHYS-1010,3,13,5200,HOLLISTER,203,20,R,13:00,16:00
100637,CIVL-3015,3,01,5043,HOLLISTER,201,19,TR,08:00,09:15
100638,CIVL-3020,3,01,5044,KUROMAKUH,202,19,T,13:00,16:00
100639,CIVL-3040,3,01,5045,LUKSICHAL,201,19,TR,15:30,16:45
100640,CIVL-3060,3,01,5046,KEITHHALL,103,19,MWF,11:00,11:50
100641,CIVL-4030,3,01,5047,LUKSICHAL,202,19,TR,11:00,12:15
100642,MATL-3005,3,01,5140,HOLLISTER,205,18,R,13:00,16:00
100643,MATL-3005,3,02,5141,GERBERHAL,206,18,F,13:00,16:00
100644,AERO-1015,3,01,5011,GERBERHAL,206,17,T,09:00,12:00
100645,AERO-1015,3,02,5012,GERBERHAL,206,17,R,09:00,12:00
100646,CHEM-3010,3,01,5026,GERBERHAL,205,16,T,13:00,16:00
100647,CHEM-3010,3,02,5027,GERBERHAL,205,16,T,09:00,12:00
100648,CIVL-1015,3,01,5048,GERBERHAL,205,16,R,09:00,12:00
100649,CIVL-1015,3,02,5049,GERBERHAL,205,16,M,13:00,16:00
100650,EENG-1010,3,01,5094,GERBERHAL,205,16,W,13:00,16:00
100651,EENG-1010,3,02,5095,KEITHHALL,203,16,W,13:00,16:00
100652,COMP-1020,3,01,5064,HORNCOMPU,103,15,F,13:00,16:00
100653,COMP-1020,3,02,5065,HORNCOMPU,103,15,T,13:00,16:00
100654,MANU-1010,3,01,5122,KEITHHALL,205,15,W,13:00,16:00
100655,MANU-1010,3,02,5123,KEITHHALL,203,15,T,09:00,12:00
100656,AERO-1005,3,01,5014,HOLLISTER,201,12,TR,14:00,15:15
100657,AERO-2005,3,01,5015,MUSTARDHA,104,12,TR,11:00,12:15
100658,AERO-2010,3,01,5003,KRIEBELHA,206,12,W,13:00,16:00
100659,CHEM-2010,3,01,5028,LUKSICHAL,201,12,MWF,08:00,08:50
100660,CHEM-2015,3,01,5031,HOLLISTER,201,12,MWF,10:00,10:50
100661,CHEM-2020,3,01,5018,MUSTARDHA,203,12,W,13:00,16:00
100662,CHEM-3045,3,01,5017,HORNLIBRA,103,12,R,16:00,17:50
100663,CHEM-3045,3,02,5019,HORNLIBRA,103,12,F,13:00,14:50
100664,CHMY-1005,3,01,5034,LUKSICHAL,202,12,MWF,08:00,08:50
100665,CHMY-1010,3,01,5035,MALLOYHAL,203,12,W,13:00,16:00
100666,CHMY-2005,3,01,5036,KRIEBELHA,103,12,MWF,11:00,11:50
100667,CIVL-1005,3,01,5050,LUKSICHAL,104,12,MWF,11:00,11:50
100668,CIVL-2010,3,01,5053,KEITHHALL,103,12,MWF,10:00,10:50
100669,CIVL-2015,3,01,5054,MALLOYHAL,201,12,TR,11:00,12:15
100670,CIVL-3005,3,01,5040,LUKSICHAL,104,12,MWF,09:00,09:50
100671,CIVL-3010,3,01,5042,KEITHHALL,205,12,T,09:00,12:00
100672,COMP-1005,3,01,5066,LUKSICHAL,104,12,MWF,15:00,15:50
100673,COMP-1010,3,01,5068,HORNCOMPU,103,12,R,09:00,12:00
100674,COMP-2010,3,01,5070,LUKSICHAL,201,12,MWF,15:00,15:50
100675,COMP-3010,3,01,5071,KEITHHALL,103,12,TR,08:00,09:15
100676,COMP-4010,3,01,5056,HORNLIBRA,104,12,R,16:00,17:50
100677,COMP-4010,3,02,5055,HORNLIBRA,103,12,W,16:00,17:50
100678,COMP-4010,3,03,5057,HORNLIBRA,103,12,W,13:00,14:50
100679,EENG-1015,3,01,5098,MUSTARDHA,104,12,MWF,08:00,08:50
100680,EENG-2005,3,01,5099,LUKSICHAL,201,12,MWF,14:00,14:50
100681,EENG-2010,3,01,5086,KEITHHALL,203,12,M,13:00,16:00
100682,EENG-2015,3,01,5085,KRIEBELHA,103,12,TR,08:00,09:15
100683,EENG-3010,3,01,5087,KRIEBELHA,103,12,MWF,10:00,10:50
100684,ENGR-1005,3,01,5080,KEITHHALL,103,12,TR,14:00,15:15
100685,ENGR-1015,3,01,5081,LUKSICHAL,104,12,MWF,10:00,10:50
100686,ENGR-2005,3,01,5084,LUKSICHAL,201,12,MWF,11:00,11:50
100687,ENGR-3005,3,01,5072,LUKSICHAL,104,12,MWF,13:00,13:50
100688,MANU-1005,3,01,5124,MALLOYHAL,201,12,MWF,08:00,08:50
100689,MANU-2015,3,01,5126,MALLOYHAL,205,12,W,13:00,16:00
100690,MANU-2020,3,01,5127,LUKSICHAL,202,12,MWF,15:00,15:50
100691,MANU-3005,3,01,5115,SULLIVANB,201,12,MWF,08:00,08:50
100692,MANU-3010,3,01,5116,LUKSICHAL,202,12,TR,15:30,16:45
100693,MATH-1005,3,01,5176,MUSTARDHA,104,12,TR,15:30,16:45
100694,MATH-2010,3,01,5160,SULLIVANB,201,12,TR,11:00,12:15
100695,MATH-2020,3,01,5161,WESTGATEH,103,12,MWF,08:00,08:50
100696,MATH-3010,3,01,5162,LUKSICHAL,201,12,MWF,13:00,13:50
100697,MATH-3015,3,01,5163,LUKSICHAL,201,12,MWF,10:00,10:50
100698,MATL-2005,3,01,5142,LUKSICHAL,202,12,MWF,10:00,10:50
100699,MATL-2015,3,01,5143,LUKSICHAL,201,12,MWF,09:00,09:50
100700,MATL-3010,3,01,5144,LUKSICHAL,104,12,TR,08:00,09:15
100701,MATL-3015,3,01,5130,KEITHHALL,203,12,R,09:00,12:00
100702,MECH-2015,3,01,5154,KRIEBELHA,103,12,TR,14:00,15:15
100703,MECH-2020,3,01,5155,LUKSICHAL,202,12,MWF,14:00,14:50
100704,MECH-2025,3,01,5157,KEITHHALL,203,12,T,13:00,16:00
100705,MECH-3010,3,01,5158,KEITHHALL,205,12,M,13:00,16:00
100706,MECH-3015,3,01,5146,LUKSICHAL,201,12,TR,08:00,09:15
100707,NUCL-1005,3,01,5195,LUKSICHAL,104,12,TR,14:00,15:15
100708,NUCL-2005,3,01,5196,WESTGATEH,201,12,MWF,08:00,08:50
100709,NUCL-3010,3,01,5178,HOLLISTER,201,12,TR,09:30,10:45
100710,NUCL-3020,3,01,5179,KRIEBELHA,206,12,T,09:00,12:00
100711,PHYS-1015,3,01,5201,LUKSICHAL,202,12,MWF,11:00,11:50
100712,PHYS-1020,3,01,5203,KEITHHALL,205,12,R,09:00,12:00
100713,ENGR-1010,4,01,5072,GERBERHAL,105,36,MWF,15:00,15:50
100714,ENGR-1010,4,02,5073,GERBERHAL,105,36,TR,14:00,15:15
100715,ENGR-1010,4,03,5074,GERBERHAL,105,36,TR,11:00,12:15
100716,ENGR-1010,4,04,5075,GERBERHAL,105,36,MWF,10:00,10:50
100717,ENGR-1010,4,05,5076,GERBERHAL,105,36,TR,12:30,13:45
100718,ENGR-1010,4,06,5077,GERBERHAL,201,36,TR,12:30,13:45
100719,ENGR-1010,4,07,5078,GERBERHAL,201,36,TR,11:00,12:15
100720,ENGR-1010,4,08,5079,GERBERHAL,201,36,TR,14:00,15:15
100721,MATH-1010,4,01,5160,HOLLISTER,105,36,TR,12:30,13:45
100722,MATH-1010,4,02,5161,GERBERHAL,105,36,TR,15:30,16:45
100723,MATH-1010,4,03,5162,GERBERHAL,105,36,MWF,14:00,14:50
100724,MATH-1010,4,04,5163,GERBERHAL,105,36,TR,08:00,09:15
100725,MATH-1010,4,05,5164,HOLLISTER,105,36,TR,11:00,12:15
100726,MATH-1010,4,06,5165,GERBERHAL,201,36,MWF,15:00,15:50
100727,MATH-1010,4,07,5166,HOLLISTER,106,36,TR,11:00,12:15
100728,MATH-1010,4,08,5167,GERBERHAL,105,36,TR,09:30,10:45
100729,MATL-1005,4,01,5129,HOLLISTER,106,36,TR,12:30,13:45
100730,MATL-1010,4,01,5130,GERBERHAL,105,36,MWF,08:00,08:50
100731,MATL-2010,4,01,5131,GERBERHAL,201,36,TR,09:30,10:45
100732,MATL-4010,4,01,5132,GERBERHAL,201,36,TR,15:30,16:45
100733,PHYS-1005,4,01,5197,HOLLISTER,202,36,TR,11:00,12:15
100734,PHYS-1005,4,02,5198,GERBERHAL,105,36,MWF,09:00,09:50
100735,PHYS-1005,4,03,5199,HOLLISTER,105,36,TR,14:00,15:15
100736,PHYS-1005,4,04,5200,HOLLISTER,105,36,MWF,15:00,15:50
100737,PHYS-1005,4,05,5201,GERBERHAL,105,36,MWF,11:00,11:50
100738,PHYS-1005,4,06,5202,HOLLISTER,106,36,MWF,15:00,15:50
100739,PHYS-1005,4,07,5203,HOLLISTER,202,36,TR,12:30,13:45
100740,PHYS-1005,4,08,5204,HOLLISTER,105,36,TR,15:30,16:45
100741,AERO-1010,4,01,5001,GERBERHAL,201,33,MWF,09:00,09:50
100742,AERO-2015,4,01,5002,GERBERHAL,105,33,MWF,13:00,13:50
100743,AERO-2020,4,01,5003,KEITHHALL,106,33,TR,11:00,12:15
100744,AERO-3005,4,01,5004,HOLLISTER,105,33,TR,09:30,10:45
100745,AERO-4010,4,01,5005,HOLLISTER,202,33,MWF,15:00,15:50
100746,CHEM-1005,4,01,5016,KUROMAKUH,104,32,TR,14:00,15:15
100747,CHEM-2005,4,01,5017,KUROMAKUH,104,32,MWF,10:00,10:50
100748,CHEM-3005,4,01,5018,KUROMAKUH,104,32,MWF,15:00,15:50
100749,CHEM-3015,4,01,5019,KUROMAKUH,106,32,MWF,15:00,15:50
100750,CHEM-4010,4,01,5020,KUROMAKUH,104,32,MWF,09:00,09:50
100751,CHMY-1015,4,01,5033,KUROMAKUH,104,32,MWF,08:00,08:50
100752,CIVL-1010,4,01,5040,KUROMAKUH,104,32,MWF,11:00,11:50
100753,CIVL-2005,4,01,5041,KEITHHALL,105,32,MWF,15:00,15:50
100754,CIVL-4010,4,01,5042,KUROMAKUH,104,32,MWF,14:00,14:50
100755,EENG-1005,4,01,5085,KUROMAKUH,106,32,TR,14:00,15:15
100756,EENG-3005,4,01,5086,KUROMAKUH,104,32,MWF,13:00,13:50
100757,EENG-4010,4,01,5087,KUROMAKUH,104,32,TR,09:30,10:45
100758,MATH-2005,4,01,5168,KEITHHALL,105,31,TR,14:00,15:15
100759,MATH-2005,4,02,5169,KUROMAKUH,106,31,TR,09:30,10:45
100760,MATH-2005,4,03,5170,KRIEBELHA,201,31,TR,14:00,15:15
100761,MATH-3005,4,01,5171,KRIEBELHA,201,31,MWF,15:00,15:50
100762,MATH-3005,4,02,5172,KRIEBELHA,202,31,TR,14:00,15:15
100763,COMP-1015,4,01,5055,KUROMAKUH,106,30,MWF,08:00,08:50
100764,COMP-2005,4,01,5056,KEITHHALL,105,30,MWF,08:00,08:50
100765,COMP-3005,4,01,5057,KUROMAKUH,104,30,TR,15:30,16:45
100766,MANU-2005,4,01,5115,KRIEBELHA,202,30,MWF,15:00,15:50
100767,MANU-2010,4,01,5116,KUROMAKUH,104,30,TR,11:00,12:15
100768,MANU-4010,4,01,5117,KUROMAKUH,106,30,MWF,10:00,10:50
100769,MATH-2015,4,01,5174,KEITHHALL,105,30,TR,09:30,10:45
100770,MECH-2005,4,01,5146,KUROMAKUH,105,28,TR,14:00,15:15
100771,MECH-2010,4,01,5147,KUROMAKUH,105,28,TR,11:00,12:15
100772,MECH-3005,4,01,5148,KUROMAKUH,105,28,TR,08:00,09:15
100773,MECH-4010,4,01,5149,KUROMAKUH,105,28,MWF,15:00,15:50
100774,HUMN-1005,4,01,5100,GERBERHAL,103,26,MWF,15:00,15:50
100775,HUMN-1005,4,02,5101,GERBERHAL,103,26,TR,14:00,15:15
100776,HUMN-1010,4,01,5102,GERBERHAL,103,26,TR,11:00,12:15
100777,HUMN-1010,4,02,5103,HOLLISTER,102,26,MWF,15:00,15:50
100778,HUMN-1015,4,01,5104,KUROMAKUH,105,26,TR,09:30,10:45
100779,HUMN-1015,4,02,5105,KUROMAKUH,105,26,TR,12:30,13:45
100780,HUMN-2005,4,01,5106,KUROMAKUH,105,26,MWF,09:00,09:50
100781,HUMN-2005,4,02,5107,GERBERHAL,103,26,TR,12:30,13:45
100782,HUMN-2010,4,01,5108,KUROMAKUH,105,26,MWF,10:00,10:50
100783,HUMN-2010,4,02,5109,KUROMAKUH,105,26,MWF,13:00,13:50
100784,HUMN-2015,4,01,5110,GERBERHAL,103,26,TR,09:30,10:45
100785,HUMN-2015,4,02,5112,GERBERHAL,103,26,TR,08:00,09:15
100786,HUMN-3005,4,01,5113,GERBERHAL,103,26,MWF,10:00,10:50
100787,HUMN-3005,4,02,5114,HOLLISTER,102,26,TR,11:00,12:15
100788,HUMN-3010,4,01,5101,GERBERHAL,103,26,MWF,09:00,09:50
100789,HUMN-3010,4,02,5102,HOLLISTER,102,26,TR,12:30,13:45
100790,SOCS-1005,4,01,5220,KUROMAKUH,105,26,MWF,14:00,14:50
100791,SOCS-1005,4,02,5221,HOLLISTER,102,26,TR,09:30,10:45
100792,SOCS-1010,4,01,5222,HOLLISTER,102,26,TR,14:00,15:15
100793,SOCS-1010,4,02,5223,HOLLISTER,103,26,TR,14:00,15:15
100794,SOCS-2005,4,01,5224,KUROMAKUH,105,26,MWF,08:00,08:50
100795,SOCS-2005,4,02,5225,HOLLISTER,103,26,TR,11:00,12:15
100796,SOCS-2010,4,01,5226,GERBERHAL,103,26,MWF,14:00,14:50
100797,SOCS-2010,4,02,5227,HOLLISTER,103,26,MWF,15:00,15:50
100798,SOCS-2015,4,01,5228,HOLLISTER,201,26,TR,11:00,12:15
100799,SOCS-2015,4,02,5229,HOLLISTER,102,26,MWF,10:00,10:50
100800,SOCS-3005,4,01,5230,HOLLISTER,103,26,MWF,10:00,10:50
100801,SOCS-3005,4,02,5231,HOLLISTER,201,26,MWF,10:00,10:50
100802,SOCS-3010,4,01,5232,KUROMAKUH,105,26,MWF,11:00,11:50
100803,SOCS-3010,4,02,5233,GERBERHAL,103,26,MWF,08:00,08:50
100804,SOCS-3015,4,01,5234,KEITHHALL,103,26,MWF,10:00,10:50
100805,SOCS-3015,4,02,5220,GERBERHAL,103,26,MWF,13:00,13:50
100806,PHYS-2005,4,01,5205,HOLLISTER,201,25,MWF,15:00,15:50
100807,PHYS-2005,4,02,5206,HOLLISTER,102,25,MWF,14:00,14:50
100808,PHYS-2005,4,03,5207,HOLLISTER,103,25,TR,12:30,13:45
100809,MANU-3025,4,01,5118,HOLLISTER,103,23,MWF,14:00,14:50
100810,MANU-3030,4,01,5119,GERBERHAL,103,23,MWF,11:00,11:50
100811,MANU-4020,4,01,5120,HOLLISTER,103,23,TR,09:30,10:45
100812,MANU-4040,4,01,5121,HOLLISTER,201,23,TR,09:30,10:45
100813,CHEM-3025,4,01,5021,HOLLISTER,102,21,TR,08:00,09:15
100814,CHEM-3030,4,01,5022,HOLLISTER,102,21,MWF,09:00,09:50
100815,CHEM-4015,4,01,5023,HOLLISTER,102,21,MWF,11:00,11:50
100816,CHEM-4020,4,01,5024,HOLLISTER,201,21,TR,14:00,15:15
100817,CHEM-4040,4,01,5025,KEITHHALL,103,21,MWF,15:00,15:50
100818,EENG-3030,4,01,5088,KEITHHALL,103,21,TR,14:00,15:15
100819,EENG-3050,4,01,5089,KUROMAKUH,201,21,T,09:00,12:00
100820,EENG-3100,4,01,5090,HOLLISTER,102,21,MWF,08:00,08:50
100821,EENG-3120,4,01,5091,KUROMAKUH,201,21,R,09:00,12:00
100822,EENG-4020,4,01,5092,KRIEBELHA,103,21,MWF,10:00,10:50
100823,EENG-4110,4,01,5093,KUROMAKUH,201,21,M,13:00,16:00
100824,MATL-3020,4,01,5133,KRIEBELHA,103,21,TR,14:00,15:15
100825,MATL-3035,4,01,5134,GERBERHAL,204,21,R,09:00,12:00
100826,MATL-3040,4,01,5135,HOLLISTER,201,21,MWF,14:00,14:50
100827,MATL-3055,4,01,5136,KEITHHALL,103,21,TR,11:00,12:15
100828,MATL-3060,4,01,5137,HOLLISTER,103,21,MWF,09:00,09:50
100829,MATL-4025,4,01,5138,HOLLISTER,103,21,MWF,08:00,08:50
100830,MATL-4030,4,01,5139,HOLLISTER,102,21,MWF,13:00,13:50
100831,MECH-3030,4,01,5150,KRIEBELHA,103,21,MWF,15:00,15:50
100832,MECH-3050,4,01,5151,KEITHHALL,103,21,TR,09:30,10:45
100833,MECH-4020,4,01,5152,HOLLISTER,201,21,TR,12:30,13:45
100834,MECH-4040,4,01,5153,KUROMAKUH,105,21,TR,15:30,16:45
100835,AERO-3010,4,01,5006,HOLLISTER,103,20,MWF,13:00,13:50
100836,AERO-3025,4,01,5007,HOLLISTER,201,20,MWF,09:00,09:50
100837,AERO-3030,4,01,5008,KEITHHALL,103,20,MWF,09:00,09:50
100838,AERO-4020,4,01,5009,KUROMAKUH,202,20,T,13:00,16:00
100839,AERO-4040,4,01,5010,KEITHHALL,103,20,TR,12:30,13:45
100840,COMP-3025,4,01,5058,KRIEBELHA,103,20,MWF,09:00,09:50
100841,COMP-3030,4,01,5059,HORNCOMPU,103,20,F,13:00,16:00
100842,COMP-3050,4,01,5060,KRIEBELHA,103,20,TR,09:30,10:45
100843,COMP-4015,4,01,5061,LUKSICHAL,104,20,TR,14:00,15:15
100844,COMP-4020,4,01,5062,LUKSICHAL,104,20,MWF,10:00,10:50
100845,COMP-4040,4,01,5063,HOLLISTER,201,20,MWF,13:00,13:50
100846,NUCL-1010,4,01,5178,LUKSICHAL,201,20,TR,14:00,15:15
100847,NUCL-1010,4,02,5179,HOLLISTER,103,20,TR,08:00,09:15
100848,NUCL-2010,4,01,5180,HOLLISTER,201,20,MWF,08:00,08:50
100849,NUCL-2010,4,02,5181,HOLLISTER,103,20,MWF,11:00,11:50
100850,NUCL-3005,4,01,5182,KEITHHALL,103,20,MWF,14:00,14:50
100851,NUCL-3005,4,02,5183,HOLLISTER,201,20,TR,08:00,09:15
100852,NUCL-3015,4,01,5184,KUROMAKUH,202,20,M,13:00,16:00
100853,NUCL-3015,4,02,5185,KUROMAKUH,202,20,R,09:00,12:00
100854,NUCL-3035,4,01,5186,LUKSICHAL,201,20,MWF,10:00,10:50
100855,NUCL-3040,4,01,5187,KEITHHALL,103,20,MWF,08:00,08:50
100856,NUCL-3060,4,01,5188,KUROMAKUH,203,20,M,13:00,16:00
100857,NUCL-4010,4,01,5189,LUKSICHAL,104,20,TR,09:30,10:45
100858,NUCL-4010,4,02,5190,LUKSICHAL,202,20,MWF,10:00,10:50
100859,NUCL-4025,4,01,5191,KEITHHALL,103,20,MWF,13:00,13:50
100860,NUCL-4030,4,01,5192,MUSTARDHA,104,20,MWF,10:00,10:50
100861,NUCL-4050,4,01,5193,KRIEBELHA,103,20,MWF,13:00,13:50
100862,PHYS-1010,4,01,5208,KUROMAKUH,203,20,R,09:00,12:00
100863,PHYS-1010,4,02,5209,KUROMAKUH,203,20,T,13:00,16:00
100864,PHYS-1010,4,03,5210,GERBERHAL,203,20,M,13:00,16:00
100865,PHYS-1010,4,04,5211,KUROMAKUH,202,20,F,13:00,16:00
100866,PHYS-1010,4,05,5212,KUROMAKUH,202,20,W,13:00,16:00
100867,PHYS-1010,4,06,5213,GERBERHAL,203,20,T,13:00,16:00
100868,PHYS-1010,4,07,5214,GERBERHAL,206,20,T,13:00,16:00
100869,PHYS-1010,4,08,5216,KUROMAKUH,202,20,T,09:00,12:00
100870,PHYS-1010,4,09,5217,GERBERHAL,206,20,M,13:00,16:00
100871,PHYS-1010,4,10,5197,KUROMAKUH,203,20,W,13:00,16:00
100872,PHYS-1010,4,11,5198,GERBERHAL,203,20,W,13:00,16:00
100873,PHYS-1010,4,12,5199,GERBERHAL,203,20,R,09:00,12:00
100874,PHYS-1010,4,13,5201,KUROMAKUH,203,20,F,13:00,16:00
100875,CIVL-3015,4,01,5043,LUKSICHAL,104,19,MWF,13:00,13:50
100876,CIVL-3020,4,01,5044,GERBERHAL,203,19,F,13:00,16:00
100877,CIVL-3040,4,01,5045,LUKSICHAL,104,19,MWF,09:00,09:50
100878,CIVL-3060,4,01,5046,KRIEBELHA,103,19,TR,12:30,13:45
100879,CIVL-4030,4,01,5047,KRIEBELHA,103,19,MWF,08:00,08:50
100880,MATL-3005,4,01,5140,KUROMAKUH,202,18,R,13:00,16:00
100881,MATL-3005,4,02,5141,GERBERHAL,206,18,R,09:00,12:00
100882,AERO-1015,4,01,5011,KUROMAKUH,203,17,R,13:00,16:00
100883,AERO-1015,4,02,5012,HOLLISTER,203,17,M,13:00,16:00
100884,CHEM-3010,4,01,5026,GERBERHAL,205,16,F,13:00,16:00
100885,CHEM-3010,4,02,5027,GERBERHAL,205,16,W,13:00,16:00
100886,CIVL-1015,4,01,5048,KEITHHALL,203,16,W,13:00,16:00
100887,CIVL-1015,4,02,5049,KEITHHALL,205,16,W,13:00,16:00
100888,EENG-1010,4,01,5094,GERBERHAL,205,16,R,09:00,12:00
100889,EENG-1010,4,02,5095,KEITHHALL,203,16,F,13:00,16:00
100890,COMP-1020,4,01,5064,HORNCOMPU,103,15,T,09:00,12:00
100891,COMP-1020,4,02,5065,HORNCOMPU,103,15,W,13:00,16:00
100892,MANU-1010,4,01,5122,KRIEBELHA,206,15,W,13:00,16:00
100893,MANU-1010,4,02,5123,GERBERHAL,205,15,R,13:00,16:00
100894,AERO-1005,4,01,5014,GERBERHAL,103,12,TR,15:30,16:45
100895,AERO-2005,4,01,5015,MALLOYHAL,201,12,MWF,10:00,10:50
100896,AERO-2010,4,01,5001,GERBERHAL,205,12,T,13:00,16:00
100897,CHEM-2010,4,01,5028,LUKSICHAL,201,12,MWF,09:00,09:50
100898,CHEM-2015,4,01,5031,LUKSICHAL,202,12,MWF,09:00,09:50
100899,CHEM-2020,4,01,5017,GERBERHAL,205,12,M,13:00,16:00
100900,CHEM-3045,4,01,5018,HORNLIBRA,103,12,R,16:00,17:50
100901,CHEM-3045,4,02,5019,HORNLIBRA,103,12,W,13:00,14:50
100902,CHMY-1005,4,01,5034,LUKSICHAL,104,12,MWF,08:00,08:50
100903,CHMY-1010,4,01,5035,MUSTARDHA,203,12,W,13:00,16:00
100904,CHMY-2005,4,01,5036,LUKSICHAL,202,12,TR,14:00,15:15
100905,CIVL-1005,4,01,5050,SULLIVANB,201,12,MWF,10:00,10:50
100906,CIVL-2010,4,01,5053,MUSTARDHA,104,12,MWF,09:00,09:50
100907,CIVL-2015,4,01,5054,LUKSICHAL,201,12,MWF,13:00,13:50
100908,CIVL-3005,4,01,5040,MALLOYHAL,201,12,MWF,09:00,09:50
100909,CIVL-3010,4,01,5042,GERBERHAL,205,12,T,09:00,12:00
100910,COMP-1005,4,01,5066,WESTGATEH,103,12,MWF,10:00,10:50
100911,COMP-1010,4,01,5068,HORNCOMPU,104,12,F,13:00,16:00
100912,COMP-2010,4,01,5070,KEITHHALL,103,12,TR,08:00,09:15
100913,COMP-3010,4,01,5071,WESTGATEH,201,12,MWF,10:00,10:50
100914,COMP-4010,4,01,5055,HORNLIBRA,103,12,M,16:00,17:50
100915,COMP-4010,4,02,5056,HORNLIBRA,103,12,F,13:00,14:50
100916,COMP-4010,4,03,5057,HORNLIBRA,103,12,F,15:00,16:50
100917,EENG-1015,4,01,5098,HOLLISTER,201,12,MWF,11:00,11:50
100918,EENG-2005,4,01,5099,LUKSICHAL,202,12,MWF,13:00,13:50
100919,EENG-2010,4,01,5086,KEITHHALL,203,12,R,13:00,16:00
100920,EENG-2015,4,01,5085,HOLLISTER,102,12,TR,15:30,16:45
100921,EENG-3010,4,01,5087,KRIEBELHA,103,12,TR,11:00,12:15
100922,ENGR-1005,4,01,5080,MUSTARDHA,104,12,TR,14:00,15:15
100923,ENGR-1015,4,01,5081,LUKSICHAL,201,12,TR,09:30,10:45
100924,ENGR-2005,4,01,5084,LUKSICHAL,104,12,MWF,15:00,15:50
100925,ENGR-3005,4,01,5072,KEITHHALL,103,12,MWF,11:00,11:50
100926,MANU-1005,4,01,5124,LUKSICHAL,202,12,TR,09:30,10:45
100927,MANU-2015,4,01,5126,MALLOYHAL,203,12,W,13:00,16:00
100928,MANU-2020,4,01,5127,MUSTARDHA,104,12,TR,09:30,10:45
100929,MANU-3005,4,01,5115,SULLIVANB,201,12,MWF,09:00,09:50
100930,MANU-3010,4,01,5116,LUKSICHAL,201,12,MWF,08:00,08:50
100931,MATH-1005,4,01,5176,LUKSICHAL,202,12,MWF,08:00,08:50
100932,MATH-2010,4,01,5160,MALLOYHAL,201,12,TR,14:00,15:15
100933,MATH-2020,4,01,5161,SULLIVANB,201,12,TR,14:00,15:15
100934,MATH-3010,4,01,5163,KRIEBELHA,103,12,MWF,14:00,14:50
100935,MATH-3015,4,01,5162,MUSTARDHA,104,12,MWF,08:00,08:50
100936,MATL-2005,4,01,5142,KRIEBELHA,103,12,TR,08:00,09:15
100937,MATL-2015,4,01,5143,WESTGATEH,103,12,TR,14:00,15:15
100938,MATL-3010,4,01,5144,KEITHHALL,105,12,MWF,10:00,10:50
100939,MATL-3015,4,01,5129,KEITHHALL,203,12,R,09:00,12:00
100940,MECH-2015,4,01,5154,MALLOYHAL,201,12,TR,09:30,10:45
100941,MECH-2020,4,01,5155,SULLIVANB,201,12,TR,09:30,10:45
100942,MECH-2025,4,01,5157,KEITHHALL,205,12,F,13:00,16:00
100943,MECH-3010,4,01,5158,KEITHHALL,203,12,M,13:00,16:00
100944,MECH-3015,4,01,5146,HOLLISTER,103,12,TR,15:30,16:45
100945,NUCL-1005,4,01,5195,LUKSICHAL,104,12,MWF,14:00,14:50
100946,NUCL-2005,4,01,5196,LUKSICHAL,104,12,TR,12:30,13:45
100947,NUCL-3010,4,01,5178,LUKSICHAL,201,12,MWF,14:00,14:50
100948,NUCL-3020,4,01,5179,KEITHHALL,205,12,R,13:00,16:00
100949,PHYS-1015,4,01,5200,WESTGATEH,103,12,TR,09:30,10:45
100950,PHYS-1020,4,01,5202,KEITHHALL,205,12,R,09:00,12:00
100951,ENGR-1010,5,01,5072,GERBERHAL,105,36,MWF,10:00,10:50
100952,ENGR-1010,5,02,5073,GERBERHAL,105,36,TR,14:00,15:15
100953,ENGR-1010,5,03,5074,GERBERHAL,105,36,MWF,09:00,09:50
100954,ENGR-1010,5,04,5075,GERBERHAL,105,36,TR,15:30,16:45
100955,ENGR-1010,5,05,5076,GERBERHAL,105,36,TR,12:30,13:45
100956,ENGR-1010,5,06,5077,GERBERHAL,201,36,TR,15:30,16:45
100957,ENGR-1010,5,07,5078,GERBERHAL,201,36,MWF,10:00,10:50
100958,ENGR-1010,5,08,5079,GERBERHAL,105,36,TR,08:00,09:15
100959,MATH-1010,5,01,5160,GERBERHAL,201,36,TR,12:30,13:45
100960,MATH-1010,5,02,5161,GERBERHAL,105,36,MWF,14:00,14:50
100961,MATH-1010,5,03,5162,HOLLISTER,105,36,TR,12:30,13:45
100962,MATH-1010,5,04,5163,GERBERHAL,105,36,MWF,11:00,11:50
100963,MATH-1010,5,05,5164,GERBERHAL,105,36,TR,11:00,12:15
100964,MATH-1010,5,06,5165,GERBERHAL,201,36,MWF,09:00,09:50
100965,MATH-1010,5,07,5166,GERBERHAL,201,36,TR,08:00,09:15
100966,MATH-1010,5,08,5167,HOLLISTER,105,36,TR,08:00,09:15
100967,MATL-1005,5,01,5129,HOLLISTER,105,36,TR,15:30,16:45
100968,MATL-1010,5,01,5130,HOLLISTER,105,36,MWF,10:00,10:50
100969,MATL-2010,5,01,5131,HOLLISTER,105,36,MWF,09:00,09:50
100970,MATL-4010,5,01,5132,HOLLISTER,106,36,TR,15:30,16:45
100971,PHYS-1005,5,01,5197,HOLLISTER,106,36,TR,08:00,09:15
100972,PHYS-1005,5,02,5198,GERBERHAL,201,36,MWF,14:00,14:50
100973,PHYS-1005,5,03,5199,HOLLISTER,106,36,TR,12:30,13:45
100974,PHYS-1005,5,04,5200,GERBERHAL,105,36,MWF,15:00,15:50
100975,PHYS-1005,5,05,5201,GERBERHAL,201,36,TR,14:00,15:15
100976,PHYS-1005,5,06,5202,GERBERHAL,201,36,MWF,11:00,11:50
100977,PHYS-1005,5,07,5203,HOLLISTER,106,36,MWF,09:00,09:50
100978,PHYS-1005,5,08,5204,GERBERHAL,105,36,MWF,08:00,08:50
100979,AERO-1010,5,01,5001,HOLLISTER,202,33,TR,08:00,09:15
100980,AERO-2015,5,01,5002,GERBERHAL,201,33,MWF,15:00,15:50
100981,AERO-2020,5,01,5003,HOLLISTER,202,33,TR,15:30,16:45
100982,AERO-3005,5,01,5004,KEITHHALL,106,33,TR,15:30,16:45
100983,AERO-4010,5,01,5005,GERBERHAL,201,33,TR,11:00,12:15
100984,CHEM-1005,5,01,5016,KUROMAKUH,104,32,TR,11:00,12:15
100985,CHEM-2005,5,01,5017,KUROMAKUH,104,32,MWF,08:00,08:50
100986,CHEM-3005,5,01,5018,KUROMAKUH,104,32,MWF,15:00,15:50
100987,CHEM-3015,5,01,5019,KUROMAKUH,106,32,MWF,08:00,08:50
100988,CHEM-4010,5,01,5020,KUROMAKUH,104,32,TR,15:30,16:45
100989,CHMY-1015,5,01,5033,KUROMAKUH,104,32,TR,08:00,09:15
100990,CIVL-1010,5,01,5040,KUROMAKUH,104,32,MWF,09:00,09:50
100991,CIVL-2005,5,01,5041,KUROMAKUH,106,32,MWF,15:00,15:50
100992,CIVL-4010,5,01,5042,KUROMAKUH,106,32,MWF,09:00,09:50
100993,EENG-1005,5,01,5085,KEITHHALL,105,32,MWF,09:00,09:50
100994,EENG-3005,5,01,5086,KUROMAKUH,104,32,TR,12:30,13:45
100995,EENG-4010,5,01,5087,KUROMAKUH,106,32,TR,15:30,16:45
100996,MATH-2005,5,01,5168,KUROMAKUH,104,31,MWF,13:00,13:50
100997,MATH-2005,5,02,5169,KUROMAKUH,106,31,TR,11:00,12:15
100998,MATH-2005,5,03,5170,KUROMAKUH,104,31,MWF,11:00,11:50
100999,MATH-3005,5,01,5171,KUROMAKUH,106,31,MWF,13:00,13:50
101000,MATH-3005,5,02,5172,KUROMAKUH,106,31,TR,08:00,09:15
101001,COMP-1015,5,01,5055,KUROMAKUH,104,30,TR,14:00,15:15
101002,COMP-2005,5,01,5056,KEITHHALL,105,30,MWF,15:00,15:50
101003,COMP-3005,5,01,5057,KEITHHALL,105,30,MWF,08:00,08:50
101004,MANU-2005,5,01,5115,KEITHHALL,105,30,TR,11:00,12:15
101005,MANU-2010,5,01,5116,KUROMAKUH,106,30,MWF,11:00,11:50
101006,MANU-4010,5,01,5117,KRIEBELHA,201,30,MWF,09:00,09:50
101007,MATH-2015,5,01,5174,KUROMAKUH,104,30,MWF,10:00,10:50
101008,MECH-2005,5,01,5146,KUROMAKUH,105,28,MWF,13:00,13:50
101009,MECH-2010,5,01,5147,KUROMAKUH,105,28,TR,11:00,12:15
101010,MECH-3005,5,01,5148,KUROMAKUH,105,28,MWF,14:00,14:50
101011,MECH-4010,5,01,5149,KUROMAKUH,105,28,TR,14:00,15:15
101012,HUMN-1005,5,01,5100,GERBERHAL,103,26,TR,11:00,12:15
101013,HUMN-1005,5,02,5101,GERBERHAL,103,26,MWF,14:00,14:50
101014,HUMN-1010,5,01,5102,KUROMAKUH,105,26,MWF,09:00,09:50
101015,HUMN-1010,5,02,5103,KUROMAKUH,105,26,TR,15:30,16:45
101016,HUMN-1015,5,01,5104,GERBERHAL,103,26,TR,14:00,15:15
101017,HUMN-1015,5,02,5105,KUROMAKUH,105,26,TR,08:00,09:15
101018,HUMN-2005,5,01,5106,GERBERHAL,103,26,TR,15:30,16:45
101019,HUMN-2005,5,02,5107,HOLLISTER,102,26,MWF,14:00,14:50
101020,HUMN-2010,5,01,5108,KUROMAKUH,105,26,MWF,11:00,11:50
101021,HUMN-2010,5,02,5109,KUROMAKUH,105,26,TR,09:30,10:45
101022,HUMN-2015,5,01,5110,KUROMAKUH,105,26,TR,12:30,13:45
101023,HUMN-2015,5,02,5111,HOLLISTER,102,26,TR,11:00,12:15
101024,HUMN-3005,5,01,5112,HOLLISTER,103,26,TR,11:00,12:15
101025,HUMN-3005,5,02,5113,HOLLISTER,102,26,TR,15:30,16:45
101026,HUMN-3010,5,01,5114,KUROMAKUH,105,26,MWF,08:00,08:50
101027,HUMN-3010,5,02,5101,HOLLISTER,102,26,TR,14:00,15:15
101028,SOCS-1005,5,01,5220,HOLLISTER,103,26,MWF,14:00,14:50
101029,SOCS-1005,5,02,5221,KUROMAKUH,105,26,MWF,10:00,10:50
101030,SOCS-1010,5,01,5222,HOLLISTER,103,26,TR,14:00,15:15
101031,SOCS-1010,5,02,5223,GERBERHAL,103,26,TR,09:30,10:45
101032,SOCS-2005,5,01,5224,HOLLISTER,102,26,TR,09:30,10:45
101033,SOCS-2005,5,02,5225,GERBERHAL,103,26,MWF,08:00,08:50
101034,SOCS-2010,5,01,5226,HOLLISTER,103,26,TR,09:30,10:45
101035,SOCS-2010,5,02,5227,HOLLISTER,201,26,TR,14:00,15:15
101036,SOCS-2015,5,01,5228,KEITHHALL,103,26,TR,14:00,15:15
101037,SOCS-2015,5,02,5229,GERBERHAL,103,26,MWF,10:00,10:50
101038,SOCS-3005,5,01,5230,GERBERHAL,103,26,MWF,11:00,11:50
101039,SOCS-3005,5,02,5231,HOLLISTER,201,26,MWF,14:00,14:50
101040,SOCS-3010,5,01,5234,HOLLISTER,201,26,TR,09:30,10:45
101041,SOCS-3010,5,02,5222,KEITHHALL,103,26,MWF,14:00,14:50
101042,SOCS-3015,5,01,5220,KEITHHALL,103,26,TR,09:30,10:45
101043,SOCS-3015,5,02,5223,GERBERHAL,103,26,TR,08:00,09:15
101044,CHEM-3025,5,01,5021,KRIEBELHA,103,25,MWF,14:00,14:50
101045,CHEM-3030,5,01,5022,GERBERHAL,103,25,MWF,09:00,09:50
101046,CHEM-4035,5,01,5023,HOLLISTER,102,25,MWF,10:00,10:50
101047,CHEM-4040,5,01,5024,GERBERHAL,103,25,MWF,13:00,13:50
101048,PHYS-2005,5,01,5205,HOLLISTER,103,25,MWF,10:00,10:50
101049,PHYS-2005,5,02,5206,LUKSICHAL,104,25,MWF,14:00,14:50
101050,PHYS-2005,5,03,5207,HOLLISTER,102,25,MWF,08:00,08:50
101051,MANU-3025,5,01,5118,HOLLISTER,102,23,MWF,13:00,13:50
101052,MANU-3030,5,01,5119,GERBERHAL,103,23,TR,12:30,13:45
101053,MANU-3045,5,01,5120,KRIEBELHA,103,23,TR,09:30,10:45
101054,MANU-4040,5,01,5121,HOLLISTER,103,23,MWF,08:00,08:50
101055,EENG-3030,5,01,5088,HOLLISTER,103,21,TR,15:30,16:45
101056,EENG-3050,5,01,5089,KUROMAKUH,201,21,R,09:00,12:00
101057,EENG-3100,5,01,5090,HOLLISTER,103,21,MWF,13:00,13:50
101058,EENG-3120,5,01,5091,KUROMAKUH,201,21,R,13:00,16:00
101059,EENG-4020,5,01,5092,KRIEBELHA,103,21,TR,14:00,15:15
101060,EENG-4110,5,01,5093,GERBERHAL,204,21,R,13:00,16:00
101061,MATL-3020,5,01,5133,HOLLISTER,102,21,TR,12:30,13:45
101062,MATL-3035,5,01,5134,KUROMAKUH,201,21,F,13:00,16:00
101063,MATL-3040,5,01,5135,HOLLISTER,201,21,TR,15:30,16:45
101064,MATL-3055,5,01,5136,KEITHHALL,103,21,TR,15:30,16:45
101065,MATL-3060,5,01,5137,HOLLISTER,102,21,MWF,09:00,09:50
101066,MATL-4025,5,01,5138,HOLLISTER,201,21,MWF,10:00,10:50
101067,MATL-4030,5,01,5139,KRIEBELHA,103,21,TR,15:30,16:45
101068,MECH-3025,5,01,5150,KUROMAKUH,105,21,MWF,15:00,15:50
101069,MECH-3030,5,01,5151,KEITHHALL,103,21,MWF,10:00,10:50
101070,MECH-3050,5,01,5152,GERBERHAL,103,21,MWF,15:00,15:50
101071,MECH-4040,5,01,5153,HOLLISTER,102,21,TR,08:00,09:15
101072,AERO-3010,5,01,5006,HOLLISTER,201,20,MWF,08:00,08:50
101073,AERO-3025,5,01,5007,LUKSICHAL,201,20,MWF,14:00,14:50
101074,AERO-3030,5,01,5008,LUKSICHAL,104,20,TR,09:30,10:45
101075,AERO-4015,5,01,5009,HOLLISTER,201,20,MWF,13:00,13:50
101076,AERO-4020,5,01,5010,KUROMAKUH,202,20,W,13:00,16:00
101077,COMP-3025,5,01,5058,HOLLISTER,103,20,TR,08:00,09:15
101078,COMP-3030,5,01,5059,HORNCOMPU,103,20,R,09:00,12:00
101079,COMP-3045,5,01,5060,HOLLISTER,103,20,TR,12:30,13:45
101080,COMP-3050,5,01,5061,HOLLISTER,201,20,TR,12:30,13:45
101081,COMP-4015,5,01,5062,KRIEBELHA,103,20,MWF,10:00,10:50
101082,COMP-4020,5,01,5063,LUKSICHAL,104,20,TR,14:00,15:15
101083,NUCL-1010,5,01,5178,LUKSICHAL,201,20,TR,09:30,10:45
101084,NUCL-1010,5,02,5179,LUKSICHAL,201,20,TR,14:00,15:15
101085,NUCL-2010,5,01,5180,LUKSICHAL,202,20,MWF,14:00,14:50
101086,NUCL-2010,5,02,5181,HOLLISTER,102,20,MWF,11:00,11:50
101087,NUCL-3005,5,01,5182,HOLLISTER,102,20,MWF,15:00,15:50
101088,NUCL-3005,5,02,5183,HOLLISTER,201,20,TR,08:00,09:15
101089,NUCL-3015,5,01,5184,KUROMAKUH,202,20,M,13:00,16:00
101090,NUCL-3015,5,02,5185,KUROMAKUH,202,20,R,13:00,16:00
101091,NUCL-3035,5,01,5186,KEITHHALL,103,20,MWF,08:00,08:50
101092,NUCL-3040,5,01,5187,LUKSICHAL,104,20,MWF,10:00,10:50
101093,NUCL-3055,5,01,5188,KEITHHALL,103,20,TR,08:00,09:15
101094,NUCL-3060,5,01,5189,KUROMAKUH,203,20,M,13:00,16:00
101095,NUCL-4010,5,01,5190,LUKSICHAL,201,20,MWF,10:00,10:50
101096,NUCL-4010,5,02,5191,MUSTARDHA,104,20,MWF,14:00,14:50
101097,NUCL-4025,5,01,5192,KRIEBELHA,103,20,TR,08:00,09:15
101098,NUCL-4030,5,01,5193,LUKSICHAL,104,20,TR,15:30,16:45
101099,PHYS-1010,5,01,5208,KUROMAKUH,202,20,T,09:00,12:00
101100,PHYS-1010,5,02,5209,GERBERHAL,203,20,M,13:00,16:00
101101,PHYS-1010,5,03,5210,KUROMAKUH,202,20,R,09:00,12:00
101102,PHYS-1010,5,04,5211,KUROMAKUH,203,20,T,09:00,12:00
101103,PHYS-1010,5,05,5212,GERBERHAL,206,20,M,13:00,16:00
101104,PHYS-1010,5,06,5213,KUROMAKUH,202,20,F,13:00,16:00
101105,PHYS-1010,5,07,5214,KUROMAKUH,202,20,T,13:00,16:00
101106,PHYS-1010,5,08,5217,GERBERHAL,203,20,T,09:00,12:00
101107,PHYS-1010,5,09,5219,KUROMAKUH,203,20,T,13:00,16:00
101108,PHYS-1010,5,10,5197,GERBERHAL,203,20,T,13:00,16:00
101109,PHYS-1010,5,11,5198,KUROMAKUH,203,20,R,09:00,12:00
101110,PHYS-1010,5,12,5200,KUROMAKUH,203,20,R,13:00,16:00
101111,PHYS-1010,5,13,5199,HOLLISTER,203,20,M,13:00,16:00
101112,CIVL-3015,5,01,5043,LUKSICHAL,202,19,TR,09:30,10:45
101113,CIVL-3020,5,01,5044,GERBERHAL,203,19,R,09:00,12:00
101114,CIVL-3040,5,01,5045,KEITHHALL,103,19,TR,12:30,13:45
101115,CIVL-3060,5,01,5046,LUKSICHAL,201,19,TR,15:30,16:45
101116,CIVL-4030,5,01,5047,MALLOYHAL,201,19,MWF,14:00,14:50
101117,MATL-3005,5,01,5140,GERBERHAL,203,18,R,13:00,16:00
101118,MATL-3005,5,02,5141,HOLLISTER,205,18,M,13:00,16:00
101119,AERO-1015,5,01,5011,GERBERHAL,206,17,T,09:00,12:00
101120,AERO-1015,5,02,5012,HOLLISTER,206,17,M,13:00,16:00
101121,CHEM-3010,5,01,5025,GERBERHAL,205,16,W,13:00,16:00
101122,CHEM-3010,5,02,5026,GERBERHAL,205,16,F,13:00,16:00
101123,CIVL-1015,5,01,5048,GERBERHAL,205,16,T,13:00,16:00
101124,CIVL-1015,5,02,5049,KEITHHALL,203,16,W,13:00,16:00
101125,EENG-1010,5,01,5094,KEITHHALL,203,16,T,13:00,16:00
101126,EENG-1010,5,02,5095,GERBERHAL,205,16,R,13:00,16:00
101127,COMP-1020,5,01,5064,HORNCOMPU,104,15,R,09:00,12:00
101128,COMP-1020,5,02,5065,HORNCOMPU,103,15,R,13:00,16:00
101129,MANU-1010,5,01,5122,KEITHHALL,203,15,R,13:00,16:00
101130,MANU-1010,5,02,5123,KEITHHALL,205,15,W,13:00,16:00
101131,CHEM-3045,5,01,5027,HORNLIBRA,101,13,R,16:00,17:50
101132,CHEM-3045,5,02,5028,HORNLIBRA,101,13,W,13:00,14:50
101133,AERO-1005,5,01,5013,SULLIVANB,201,12,MWF,14:00,14:50
101134,AERO-2005,5,01,5014,LUKSICHAL,202,12,TR,14:00,15:15
101135,AERO-2010,5,01,5015,GERBERHAL,205,12,T,09:00,12:00
101136,CHEM-2010,5,01,5031,KEITHHALL,103,12,MWF,13:00,13:50
101137,CHEM-2015,5,01,5017,LUKSICHAL,104,12,TR,08:00,09:15
101138,CHEM-2020,5,01,5019,KEITHHALL,203,12,F,13:00,16:00
101139,CHMY-1005,5,01,5034,HOLLISTER,103,12,MWF,11:00,11:50
101140,CHMY-1010,5,01,5035,KEITHHALL,205,12,R,13:00,16:00
101141,CHMY-2005,5,01,5036,LUKSICHAL,202,12,MWF,10:00,10:50
101142,CIVL-1005,5,01,5050,HOLLISTER,201,12,TR,11:00,12:15
101143,CIVL-2010,5,01,5053,MUSTARDHA,104,12,TR,09:30,10:45
101144,CIVL-2015,5,01,5054,MUSTARDHA,104,12,TR,14:00,15:15
101145,CIVL-3005,5,01,5044,HOLLISTER,103,12,MWF,09:00,09:50
101146,CIVL-3010,5,01,5040,KEITHHALL,205,12,T,13:00,16:00
101147,COMP-1005,5,01,5066,HOLLISTER,201,12,MWF,09:00,09:50
101148,COMP-1010,5,01,5068,HORNCOMPU,103,12,W,13:00,16:00
101149,COMP-2010,5,01,5070,HOLLISTER,201,12,MWF,11:00,11:50
101150,COMP-3010,5,01,5071,MUSTARDHA,104,12,MWF,10:00,10:50
101151,COMP-4010,5,01,5055,HORNLIBRA,103,12,T,16:00,17:50
101152,COMP-4010,5,02,5056,HORNLIBRA,103,12,W,13:00,14:50
101153,COMP-4010,5,03,5057,HORNLIBRA,103,12,M,16:00,17:50
101154,EENG-1015,5,01,5098,MALLOYHAL,201,12,TR,09:30,10:45
101155,EENG-2005,5,01,5099,SULLIVANB,201,12,TR,09:30,10:45
101156,EENG-2010,5,01,5085,KEITHHALL,205,12,F,13:00,16:00
101157,EENG-2015,5,01,5086,LUKSICHAL,201,12,TR,08:00,09:15
101158,EENG-3010,5,01,5087,KRIEBELHA,103,12,MWF,08:00,08:50
101159,ENGR-1005,5,01,5080,KEITHHALL,103,12,MWF,11:00,11:50
101160,ENGR-1015,5,01,5081,KEITHHALL,103,12,MWF,09:00,09:50
101161,ENGR-2005,5,01,5083,WESTGATEH,103,12,MWF,14:00,14:50
101162,ENGR-3005,5,01,5084,WESTGATEH,201,12,MWF,14:00,14:50
101163,MANU-1005,5,01,5124,MALLOYHAL,201,12,TR,14:00,15:15
101164,MANU-2015,5,01,5126,KRIEBELHA,206,12,R,13:00,16:00
101165,MANU-2020,5,01,5127,KEITHHALL,103,12,TR,11:00,12:15
101166,MANU-3005,5,01,5115,LUKSICHAL,202,12,TR,15:30,16:45
101167,MANU-3010,5,01,5117,KRIEBELHA,103,12,MWF,11:00,11:50
101168,MATH-1005,5,01,5176,SULLIVANB,201,12,TR,14:00,15:15
101169,MATH-2010,5,01,5160,MUSTARDHA,104,12,TR,15:30,16:45
101170,MATH-2020,5,01,5161,LUKSICHAL,104,12,MWF,11:00,11:50
101171,MATH-3010,5,01,5162,KRIEBELHA,103,12,TR,11:00,12:15
101172,MATH-3015,5,01,5163,LUKSICHAL,104,12,TR,11:00,12:15
101173,MATL-2005,5,01,5142,KUROMAKUH,104,12,MWF,14:00,14:50
101174,MATL-2015,5,01,5143,MALLOYHAL,201,12,MWF,10:00,10:50
101175,MATL-3010,5,01,5144,KRIEBELHA,103,12,TR,12:30,13:45
101176,MATL-3015,5,01,5129,GERBERHAL,205,12,R,09:00,12:00
101177,MECH-2015,5,01,5154,WESTGATEH,103,12,TR,09:30,10:45
101178,MECH-2020,5,01,5155,HOLLISTER,103,12,MWF,15:00,15:50
101179,MECH-2025,5,01,5156,KRIEBELHA,206,12,W,13:00,16:00
101180,MECH-3010,5,01,5157,GERBERHAL,205,12,M,13:00,16:00
101181,MECH-3015,5,01,5158,LUKSICHAL,104,12,MWF,08:00,08:50
101182,NUCL-1005,5,01,5195,SULLIVANB,201,12,MWF,10:00,10:50
101183,NUCL-2005,5,01,5196,LUKSICHAL,201,12,TR,11:00,12:15
101184,NUCL-3010,5,01,5178,LUKSICHAL,202,12,TR,11:00,12:15
101185,NUCL-3020,5,01,5180,KRIEBELHA,206,12,T,13:00,16:00
101186,PHYS-1015,5,01,5201,KRIEBELHA,103,12,MWF,13:00,13:50
101187,PHYS-1020,5,01,5202,KEITHHALL,203,12,M,13:00,16:00
101188,ENGR-1010,6,01,5072,GERBERHAL,105,36,TR,14:00,15:15
101189,ENGR-1010,6,02,5073,GERBERHAL,105,36,TR,11:00,12:15
101190,ENGR-1010,6,03,5074,GERBERHAL,105,36,MWF,10:00,10:50
101191,ENGR-1010,6,04,5075,GERBERHAL,105,36,MWF,15:00,15:50
101192,ENGR-1010,6,05,5076,GERBERHAL,201,36,TR,11:00,12:15
101193,ENGR-1010,6,06,5077,HOLLISTER,105,36,TR,11:00,12:15
101194,ENGR-1010,6,07,5078,HOLLISTER,106,36,TR,11:00,12:15
101195,ENGR-1010,6,08,5079,HOLLISTER,202,36,TR,11:00,12:15
101196,MATH-1010,6,01,5160,GERBERHAL,105,36,TR,08:00,09:15
101197,MATH-1010,6,02,5161,GERBERHAL,105,36,MWF,14:00,14:50
101198,MATH-1010,6,03,5162,GERBERHAL,105,36,MWF,13:00,13:50
101199,MATH-1010,6,04,5163,GERBERHAL,105,36,TR,15:30,16:45
101200,MATH-1010,6,05,5164,GERBERHAL,201,36,MWF,14:00,14:50
101201,MATH-1010,6,06,5165,KEITHHALL,106,36,TR,11:00,12:15
101202,MATH-1010,6,07,5166,GERBERHAL,201,36,MWF,10:00,10:50
101203,MATH-1010,6,08,5167,GERBERHAL,105,36,TR,09:30,10:45
101204,MATL-1005,6,01,5129,GERBERHAL,201,36,TR,15:30,16:45
101205,MATL-1010,6,01,5130,GERBERHAL,105,36,MWF,09:00,09:50
101206,MATL-2010,6,01,5131,KEITHHALL,201,36,TR,11:00,12:15
101207,MATL-4010,6,01,5132,KRIEBELHA,104,36,TR,11:00,12:15
101208,PHYS-1005,6,01,5197,GERBERHAL,201,36,MWF,13:00,13:50
101209,PHYS-1005,6,02,5198,KRIEBELHA,105,36,TR,11:00,12:15
101210,PHYS-1005,6,03,5199,GERBERHAL,201,36,TR,08:00,09:15
101211,PHYS-1005,6,04,5200,GERBERHAL,201,36,MWF,09:00,09:50
101212,PHYS-1005,6,05,5201,HOLLISTER,105,36,TR,15:30,16:45
101213,PHYS-1005,6,06,5202,HOLLISTER,105,36,MWF,14:00,14:50
101214,PHYS-1005,6,07,5203,GERBERHAL,105,36,MWF,11:00,11:50
101215,PHYS-1005,6,08,5204,GERBERHAL,201,36,TR,09:30,10:45
101216,AERO-1010,6,01,5001,HOLLISTER,106,33,TR,15:30,16:45
101217,AERO-2015,6,01,5002,LUKSICHAL,102,33,TR,11:00,12:15
101218,AERO-2020,6,01,5003,HOLLISTER,105,33,MWF,13:00,13:50
101219,AERO-3005,6,01,5004,HOLLISTER,105,33,MWF,09:00,09:50
101220,AERO-4010,6,01,5005,HOLLISTER,105,33,TR,09:30,10:45
101221,CHEM-1005,6,01,5016,KUROMAKUH,104,32,MWF,08:00,08:50
101222,CHEM-2005,6,01,5017,KUROMAKUH,104,32,TR,14:00,15:15
101223,CHEM-3005,6,01,5018,KUROMAKUH,104,32,MWF,10:00,10:50
101224,CHEM-3015,6,01,5019,KUROMAKUH,104,32,TR,12:30,13:45
101225,CHEM-4010,6,01,5020,KUROMAKUH,106,32,MWF,08:00,08:50
101226,CHMY-1015,6,01,5033,KUROMAKUH,106,32,TR,14:00,15:15
101227,CIVL-1010,6,01,5040,KUROMAKUH,104,32,TR,15:30,16:45
101228,CIVL-2005,6,01,5041,KUROMAKUH,106,32,TR,15:30,16:45
101229,CIVL-4010,6,01,5042,KUROMAKUH,104,32,TR,09:30,10:45
101230,EENG-1005,6,01,5085,KUROMAKUH,104,32,TR,08:00,09:15
101231,EENG-3005,6,01,5086,KUROMAKUH,106,32,MWF,10:00,10:50
101232,EENG-4010,6,01,5087,KUROMAKUH,104,32,MWF,11:00,11:50
101233,MATH-2005,6,01,5168,KEITHHALL,105,31,TR,14:00,15:15
101234,MATH-2005,6,02,5169,KUROMAKUH,104,31,MWF,14:00,14:50
101235,MATH-2005,6,03,5170,KRIEBELHA,201,31,TR,14:00,15:15
101236,MATH-3005,6,01,5171,KUROMAKUH,106,31,TR,12:30,13:45
101237,MATH-3005,6,02,5172,KEITHHALL,105,31,MWF,10:00,10:50
101238,COMP-1015,6,01,5055,KUROMAKUH,104,30,MWF,09:00,09:50
101239,COMP-2005,6,01,5056,KUROMAKUH,106,30,MWF,09:00,09:50
101240,COMP-3005,6,01,5057,KUROMAKUH,104,30,MWF,13:00,13:50
101241,MANU-2005,6,01,5115,KEITHHALL,105,30,TR,12:30,13:45
101242,MANU-2010,6,01,5116,KRIEBELHA,202,30,TR,14:00,15:15
101243,MANU-4010,6,01,5117,KEITHHALL,105,30,MWF,08:00,08:50
101244,MATH-2015,6,01,5174,KUROMAKUH,104,30,MWF,15:00,15:50
101245,MECH-2005,6,01,5146,KUROMAKUH,105,28,TR,08:00,09:15
101246,MECH-2010,6,01,5147,KUROMAKUH,105,28,MWF,15:00,15:50
101247,MECH-3005,6,01,5148,KUROMAKUH,105,28,MWF,08:00,08:50
101248,MECH-4010,6,01,5149,KUROMAKUH,105,28,TR,12:30,13:45
101249,HUMN-1005,6,01,5100,KUROMAKUH,105,26,MWF,13:00,13:50
101250,HUMN-1005,6,02,5101,KUROMAKUH,105,26,TR,09:30,10:45
101251,HUMN-1010,6,01,5102,KUROMAKUH,105,26,MWF,11:00,11:50
101252,HUMN-1010,6,02,5103,GERBERHAL,103,26,TR,12:30,13:45
101253,HUMN-1015,6,01,5104,HOLLISTER,102,26,TR,12:30,13:45
101254,HUMN-1015,6,02,5105,GERBERHAL,103,26,MWF,11:00,11:50
101255,HUMN-2005,6,01,5106,KUROMAKUH,105,26,MWF,14:00,14:50
101256,HUMN-2005,6,02,5107,HOLLISTER,103,26,TR,12:30,13:45
101257,HUMN-2010,6,01,5108,GERBERHAL,103,26,TR,09:30,10:45
101258,HUMN-2010,6,02,5109,KUROMAKUH,105,26,TR,14:00,15:15
101259,HUMN-2015,6,01,5110,HOLLISTER,201,26,TR,12:30,13:45
101260,HUMN-2015,6,02,5111,GERBERHAL,103,26,TR,08:00,09:15
101261,HUMN-3005,6,01,5112,GERBERHAL,103,26,MWF,13:00,13:50
101262,HUMN-3005,6,02,5113,GERBERHAL,103,26,MWF,14:00,14:50
101263,HUMN-3010,6,01,5114,HOLLISTER,102,26,TR,09:30,10:45
101264,HUMN-3010,6,02,5101,GERBERHAL,103,26,MWF,08:00,08:50
101265,SOCS-1005,6,01,5220,KUROMAKUH,105,26,MWF,09:00,09:50
101266,SOCS-1005,6,02,5221,HOLLISTER,102,26,MWF,11:00,11:50
101267,SOCS-1010,6,01,5222,KUROMAKUH,105,26,MWF,10:00,10:50
101268,SOCS-1010,6,02,5223,HOLLISTER,102,26,MWF,14:00,14:50
101269,SOCS-2005,6,01,5224,HOLLISTER,103,26,TR,09:30,10:45
101270,SOCS-2005,6,02,5225,GERBERHAL,103,26,TR,14:00,15:15
101271,SOCS-2010,6,01,5226,HOLLISTER,103,26,MWF,11:00,11:50
101272,SOCS-2010,6,02,5227,HOLLISTER,102,26,TR,14:00,15:15
101273,SOCS-2015,6,01,5228,HOLLISTER,102,26,MWF,08:00,08:50
101274,SOCS-2015,6,02,5229,HOLLISTER,103,26,MWF,14:00,14:50
101275,SOCS-3005,6,01,5230,KEITHHALL,103,26,TR,12:30,13:45
101276,SOCS-3005,6,02,5231,KRIEBELHA,103,26,TR,12:30,13:45
101277,SOCS-3010,6,01,5234,GERBERHAL,103,26,MWF,10:00,10:50
101278,SOCS-3010,6,02,5220,GERBERHAL,103,26,MWF,15:00,15:50
101279,SOCS-3015,6,01,5222,HOLLISTER,201,26,MWF,14:00,14:50
101280,SOCS-3015,6,02,5223,HOLLISTER,102,26,TR,08:00,09:15
101281,CHEM-3025,6,01,5021,HOLLISTER,102,25,MWF,13:00,13:50
101282,CHEM-3030,6,01,5022,HOLLISTER,102,25,MWF,15:00,15:50
101283,CHEM-4035,6,01,5023,KUROMAKUH,105,25,TR,11:00,12:15
101284,CHEM-4040,6,01,5024,HOLLISTER,103,25,TR,14:00,15:15
101285,PHYS-2005,6,01,5205,HOLLISTER,201,25,TR,09:30,10:45
101286,PHYS-2005,6,02,5206,HOLLISTER,102,25,MWF,10:00,10:50
101287,PHYS-2005,6,03,5207,LUKSICHAL,104,25,TR,12:30,13:45
101288,MANU-3025,6,01,5118,HOLLISTER,103,23,MWF,08:00,08:50
101289,MANU-3030,6,01,5119,KUROMAKUH,105,23,TR,15:30,16:45
101290,MANU-3045,6,01,5120,HOLLISTER,201,23,TR,14:00,15:15
101291,MANU-4040,6,01,5121,HOLLISTER,103,23,MWF,15:00,15:50
101292,EENG-3030,6,01,5088,HOLLISTER,201,21,MWF,15:00,15:50
101293,EENG-3050,6,01,5089,KUROMAKUH,201,21,F,13:00,16:00
101294,EENG-3100,6,01,5090,KEITHHALL,103,21,MWF,14:00,14:50
101295,EENG-3120,6,01,5091,KUROMAKUH,201,21,W,13:00,16:00
101296,EENG-4020,6,01,5092,HOLLISTER,103,21,TR,08:00,09:15
101297,EENG-4110,6,01,5093,KUROMAKUH,201,21,T,09:00,12:00
101298,MATL-3020,6,01,5133,KRIEBELHA,103,21,MWF,14:00,14:50
101299,MATL-3035,6,01,5134,KUROMAKUH,201,21,T,13:00,16:00
101300,MATL-3040,6,01,5135,KEITHHALL,103,21,MWF,15:00,15:50
101301,MATL-3055,6,01,5136,HOLLISTER,103,21,MWF,10:00,10:50
101302,MATL-3060,6,01,5137,LUKSICHAL,201,21,TR,12:30,13:45
101303,MATL-4025,6,01,5138,HOLLISTER,201,21,MWF,11:00,11:50
101304,MATL-4030,6,01,5139,LUKSICHAL,202,21,TR,12:30,13:45
101305,MECH-3025,6,01,5150,KRIEBELHA,103,21,MWF,15:00,15:50
101306,MECH-3030,6,01,5151,GERBERHAL,103,21,MWF,09:00,09:50
101307,MECH-3050,6,01,5152,LUKSICHAL,104,21,MWF,14:00,14:50
101308,MECH-4040,6,01,5153,KEITHHALL,103,21,TR,14:00,15:15
101309,AERO-3010,6,01,5006,KEITHHALL,103,20,TR,09:30,10:45
101310,AERO-3025,6,01,5007,GERBERHAL,103,20,TR,11:00,12:15
101311,AERO-3030,6,01,5008,KRIEBELHA,103,20,TR,14:00,15:15
101312,AERO-4015,6,01,5009,HOLLISTER,102,20,MWF,09:00,09:50
101313,AERO-4020,6,01,5010,KUROMAKUH,202,20,W,13:00,16:00
101314,COMP-3025,6,01,5058,LUKSICHAL,201,20,MWF,14:00,14:50
101315,COMP-3030,6,01,5059,HORNCOMPU,103,20,F,13:00,16:00
101316,COMP-3045,6,01,5060,HOLLISTER,103,20,MWF,13:00,13:50
101317,COMP-3050,6,01,5061,HOLLISTER,201,20,MWF,08:00,08:50
101318,COMP-4015,6,01,5062,LUKSICHAL,104,20,MWF,15:00,15:50
101319,COMP-4020,6,01,5063,HOLLISTER,102,20,TR,11:00,12:15
101320,NUCL-1010,6,01,5178,LUKSICHAL,202,20,MWF,14:00,14:50
101321,NUCL-1010,6,02,5179,MUSTARDHA,104,20,MWF,14:00,14:50
101322,NUCL-2010,6,01,5180,LUKSICHAL,201,20,MWF,15:00,15:50
101323,NUCL-2010,6,02,5181,KEITHHALL,103,20,MWF,08:00,08:50
101324,NUCL-3005,6,01,5182,KRIEBELHA,103,20,TR,09:30,10:45
101325,NUCL-3005,6,02,5183,LUKSICHAL,104,20,TR,09:30,10:45
101326,NUCL-3015,6,01,5184,KUROMAKUH,202,20,F,13:00,16:00
101327,NUCL-3015,6,02,5185,KUROMAKUH,202,20,R,13:00,16:00
101328,NUCL-3035,6,01,5186,HOLLISTER,201,20,TR,08:00,09:15
101329,NUCL-3040,6,01,5187,KRIEBELHA,103,20,MWF,08:00,08:50
101330,NUCL-3055,6,01,5188,GERBERHAL,103,20,TR,15:30,16:45
101331,NUCL-3060,6,01,5189,KUROMAKUH,202,20,T,13:00,16:00
101332,NUCL-4010,6,01,5190,LUKSICHAL,202,20,MWF,15:00,15:50
101333,NUCL-4010,6,02,5191,MALLOYHAL,201,20,MWF,14:00,14:50
101334,NUCL-4025,6,01,5192,SULLIVANB,201,20,MWF,14:00,14:50
101335,NUCL-4030,6,01,5193,HOLLISTER,201,20,MWF,10:00,10:50
101336,PHYS-1010,6,01,5208,KUROMAKUH,202,20,R,09:00,12:00
101337,PHYS-1010,6,02,5209,KUROMAKUH,203,20,T,13:00,16:00
101338,PHYS-1010,6,03,5210,KUROMAKUH,202,20,M,13:00,16:00
101339,PHYS-1010,6,04,5211,KUROMAKUH,202,20,T,09:00,12:00
101340,PHYS-1010,6,05,5212,GERBERHAL,203,20,T,13:00,16:00
101341,PHYS-1010,6,06,5213,KUROMAKUH,203,20,R,13:00,16:00
101342,PHYS-1010,6,07,5214,GERBERHAL,206,20,T,13:00,16:00
101343,PHYS-1010,6,08,5217,KUROMAKUH,203,20,T,09:00,12:00
101344,PHYS-1010,6,09,5219,KUROMAKUH,203,20,R,09:00,12:00
101345,PHYS-1010,6,10,5197,GERBERHAL,203,20,R,13:00,16:00
101346,PHYS-1010,6,11,5200,GERBERHAL,203,20,T,09:00,12:00
101347,PHYS-1010,6,12,5198,HOLLISTER,203,20,T,13:00,16:00
101348,PHYS-1010,6,13,5199,KUROMAKUH,203,20,M,13:00,16:00
101349,CIVL-3015,6,01,5043,HOLLISTER,201,19,MWF,13:00,13:50
101350,CIVL-3020,6,01,5044,GERBERHAL,206,19,R,13:00,16:00
101351,CIVL-3040,6,01,5045,HOLLISTER,103,19,TR,11:00,12:15
101352,CIVL-3060,6,01,5046,LUKSICHAL,201,19,TR,09:30,10:45
101353,CIVL-4030,6,01,5047,MUSTARDHA,104,19,MWF,15:00,15:50
101354,MATL-3005,6,01,5140,GERBERHAL,203,18,M,13:00,16:00
101355,MATL-3005,6,02,5141,HOLLISTER,203,18,R,13:00,16:00
101356,AERO-1015,6,01,5011,HOLLISTER,205,17,R,13:00,16:00
101357,AERO-1015,6,02,5012,KUROMAKUH,203,17,W,13:00,16:00
101358,CHEM-3010,6,01,5025,GERBERHAL,205,16,T,13:00,16:00
101359,CHEM-3010,6,02,5026,GERBERHAL,205,16,M,13:00,16:00
101360,CIVL-1015,6,01,5048,GERBERHAL,205,16,T,09:00,12:00
101361,CIVL-1015,6,02,5049,GERBERHAL,205,16,R,09:00,12:00
101362,EENG-1010,6,01,5094,KEITHHALL,203,16,T,13:00,16:00
101363,EENG-1010,6,02,5095,KEITHHALL,203,16,R,09:00,12:00
101364,COMP-1020,6,01,5064,HORNCOMPU,103,15,M,13:00,16:00
101365,COMP-1020,6,02,5065,HORNCOMPU,103,15,T,09:00,12:00
101366,MANU-1010,6,01,5122,KEITHHALL,203,15,T,09:00,12:00
101367,MANU-1010,6,02,5123,GERBERHAL,205,15,R,13:00,16:00
101368,CHEM-3045,6,01,5027,HORNLIBRA,101,13,M,16:00,17:50
101369,CHEM-3045,6,02,5028,HORNLIBRA,101,13,T,16:00,17:50
101370,AERO-1005,6,01,5013,LUKSICHAL,202,12,TR,09:30,10:45
101371,AERO-2005,6,01,5014,KEITHHALL,103,12,TR,08:00,09:15
101372,AERO-2010,6,01,5015,GERBERHAL,205,12,F,13:00,16:00
101373,CHEM-2010,6,01,5031,LUKSICHAL,104,12,MWF,08:00,08:50
101374,CHEM-2015,6,01,5017,KEITHHALL,103,12,MWF,13:00,13:50
101375,CHEM-2020,6,01,5018,KEITHHALL,205,12,T,13:00,16:00
101376,CHMY-1005,6,01,5034,KRIEBELHA,103,12,MWF,13:00,13:50
101377,CHMY-1010,6,01,5035,KEITHHALL,203,12,R,13:00,16:00
101378,CHMY-2005,6,01,5036,WESTGATEH,103,12,MWF,14:00,14:50
101379,CIVL-1005,6,01,5050,KEITHHALL,103,12,MWF,10:00,10:50
101380,CIVL-2010,6,01,5053,MALLOYHAL,201,12,MWF,15:00,15:50
101381,CIVL-2015,6,01,5054,LUKSICHAL,201,12,MWF,08:00,08:50
101382,CIVL-3005,6,01,5040,LUKSICHAL,104,12,TR,14:00,15:15
101383,CIVL-3010,6,01,5042,KEITHHALL,203,12,M,13:00,16:00
101384,COMP-1005,6,01,5066,MUSTARDHA,104,12,TR,09:30,10:45
101385,COMP-1010,6,01,5068,HORNCOMPU,104,12,F,13:00,16:00
101386,COMP-2010,6,01,5070,HOLLISTER,103,12,MWF,09:00,09:50
101387,COMP-3010,6,01,5071,HOLLISTER,201,12,MWF,09:00,09:50
101388,COMP-4010,6,01,5055,HORNLIBRA,103,12,F,15:00,16:50
101389,COMP-4010,6,02,5056,HORNLIBRA,104,12,F,15:00,16:50
101390,COMP-4010,6,03,5057,HORNLIBRA,103,12,W,16:00,17:50
101391,EENG-1015,6,01,5098,HOLLISTER,102,12,TR,15:30,16:45
101392,EENG-2005,6,01,5099,LUKSICHAL,201,12,TR,14:00,15:15
101393,EENG-2010,6,01,5085,KEITHHALL,205,12,R,13:00,16:00
101394,EENG-2015,6,01,5086,LUKSICHAL,202,12,MWF,08:00,08:50
101395,EENG-3010,6,01,5087,HOLLISTER,103,12,TR,15:30,16:45
101396,ENGR-1005,6,01,5080,MALLOYHAL,201,12,TR,09:30,10:45
101397,ENGR-1015,6,01,5081,KRIEBELHA,103,12,MWF,10:00,10:50
101398,ENGR-2005,6,01,5083,HOLLISTER,201,12,TR,11:00,12:15
101399,ENGR-3005,6,01,5084,LUKSICHAL,104,12,MWF,13:00,13:50
101400,MANU-1005,6,01,5124,WESTGATEH,201,12,MWF,14:00,14:50
101401,MANU-2015,6,01,5126,KEITHHALL,205,12,M,13:00,16:00
101402,MANU-2020,6,01,5127,KEITHHALL,103,12,TR,11:00,12:15
101403,MANU-3005,6,01,5115,MUSTARDHA,104,12,MWF,08:00,08:50
101404,MANU-3010,6,01,5117,LUKSICHAL,202,12,TR,14:00,15:15
101405,MATH-1005,6,01,5176,MALLOYHAL,201,12,MWF,08:00,08:50
101406,MATH-2010,6,01,5160,HOLLISTER,201,12,TR,15:30,16:45
101407,MATH-2020,6,01,5161,KEITHHALL,103,12,TR,15:30,16:45
101408,MATH-3010,6,01,5162,KEITHHALL,103,12,MWF,11:00,11:50
101409,MATH-3015,6,01,5163,MUSTARDHA,104,12,TR,12:30,13:45
101410,MATL-2005,6,01,5142,KUROMAKUH,106,12,MWF,14:00,14:50
101411,MATL-2015,6,01,5143,SULLIVANB,201,12,MWF,08:00,08:50
101412,MATL-3010,6,01,5144,LUKSICHAL,201,12,MWF,13:00,13:50
101413,MATL-3015,6,01,5129,KEITHHALL,203,12,F,13:00,16:00
101414,MECH-2015,6,01,5154,LUKSICHAL,202,12,MWF,13:00,13:50
101415,MECH-2020,6,01,5155,MUSTARDHA,104,12,MWF,13:00,13:50
101416,MECH-2025,6,01,5156,GERBERHAL,205,12,W,13:00,16:00
101417,MECH-3010,6,01,5157,KEITHHALL,205,12,F,13:00,16:00
101418,MECH-3015,6,01,5158,MUSTARDHA,104,12,TR,14:00,15:15
101419,NUCL-1005,6,01,5195,KEITHHALL,103,12,MWF,09:00,09:50
101420,NUCL-2005,6,01,5196,SULLIVANB,201,12,TR,09:30,10:45
101421,NUCL-3010,6,01,5178,KRIEBELHA,103,12,MWF,11:00,11:50
101422,NUCL-3020,6,01,5182,KEITHHALL,203,12,W,13:00,16:00
101423,PHYS-1015,6,01,5201,KEITHHALL,105,12,MWF,14:00,14:50
101424,PHYS-1020,6,01,5202,KEITHHALL,205,12,R,09:00,12:00
101425,ENGR-1010,7,01,5072,GERBERHAL,105,36,MWF,10:00,10:50
101426,ENGR-1010,7,02,5073,GERBERHAL,105,36,MWF,09:00,09:50
101427,ENGR-1010,7,03,5074,GERBERHAL,105,36,MWF,11:00,11:50
101428,ENGR-1010,7,04,5075,GERBERHAL,201,36,MWF,09:00,09:50
101429,ENGR-1010,7,05,5076,GERBERHAL,201,36,MWF,11:00,11:50
101430,ENGR-1010,7,06,5077,GERBERHAL,105,36,TR,08:00,09:15
101431,ENGR-1010,7,07,5078,GERBERHAL,105,36,MWF,15:00,15:50
101432,ENGR-1010,7,08,5079,GERBERHAL,201,36,MWF,10:00,10:50
101433,MATH-1010,7,01,5160,HOLLISTER,105,36,MWF,11:00,11:50
101434,MATH-1010,7,02,5161,GERBERHAL,201,36,TR,08:00,09:15
101435,MATH-1010,7,03,5162,HOLLISTER,105,36,MWF,09:00,09:50
101436,MATH-1010,7,04,5163,HOLLISTER,105,36,MWF,10:00,10:50
101437,MATH-1010,7,05,5164,GERBERHAL,105,36,TR,15:30,16:45
101438,MATH-1010,7,06,5165,GERBERHAL,105,36,TR,09:30,10:45
101439,MATH-1010,7,07,5166,GERBERHAL,201,36,TR,09:30,10:45
101440,MATH-1010,7,08,5167,GERBERHAL,105,36,MWF,14:00,14:50
101441,MATL-1005,7,01,5129,GERBERHAL,201,36,MWF,15:00,15:50
101442,MATL-1010,7,01,5130,GERBERHAL,201,36,TR,15:30,16:45
101443,MATL-2010,7,01,5131,GERBERHAL,201,36,MWF,14:00,14:50
101444,MATL-4010,7,01,5132,HOLLISTER,105,36,TR,15:30,16:45
101445,PHYS-1005,7,01,5197,GERBERHAL,105,36,TR,12:30,13:45
101446,PHYS-1005,7,02,5198,GERBERHAL,105,36,TR,11:00,12:15
101447,PHYS-1005,7,03,5199,HOLLISTER,106,36,MWF,09:00,09:50
101448,PHYS-1005,7,04,5200,HOLLISTER,105,36,TR,09:30,10:45
101449,PHYS-1005,7,05,5201,GERBERHAL,201,36,TR,12:30,13:45
101450,PHYS-1005,7,06,5202,GERBERHAL,201,36,TR,11:00,12:15
101451,PHYS-1005,7,07,5203,HOLLISTER,105,36,TR,12:30,13:45
101452,PHYS-1005,7,08,5204,HOLLISTER,106,36,MWF,11:00,11:50
101453,AERO-1010,7,01,5001,HOLLISTER,202,33,MWF,11:00,11:50
101454,AERO-2015,7,01,5002,HOLLISTER,106,33,TR,12:30,13:45
101455,AERO-2020,7,01,5003,HOLLISTER,202,33,MWF,09:00,09:50
101456,AERO-3005,7,01,5004,HOLLISTER,106,33,TR,15:30,16:45
101457,AERO-4010,7,01,5005,HOLLISTER,105,33,MWF,15:00,15:50
101458,CHEM-1005,7,01,5016,KUROMAKUH,104,32,TR,11:00,12:15
101459,CHEM-2005,7,01,5017,KUROMAKUH,106,32,TR,11:00,12:15
101460,CHEM-3005,7,01,5018,KUROMAKUH,104,32,TR,08:00,09:15
101461,CHEM-3015,7,01,5019,KUROMAKUH,104,32,MWF,14:00,14:50
101462,CHEM-4010,7,01,5020,KUROMAKUH,104,32,MWF,10:00,10:50
101463,CHMY-1015,7,01,5033,KUROMAKUH,104,32,MWF,13:00,13:50
101464,CIVL-1010,7,01,5040,KUROMAKUH,104,32,TR,09:30,10:45
101465,CIVL-2005,7,01,5041,KEITHHALL,105,32,TR,11:00,12:15
101466,CIVL-4010,7,01,5042,KUROMAKUH,104,32,TR,14:00,15:15
101467,EENG-1005,7,01,5085,KUROMAKUH,106,32,TR,09:30,10:45
101468,EENG-3005,7,01,5086,KRIEBELHA,201,32,TR,11:00,12:15
101469,EENG-4010,7,01,5087,KRIEBELHA,202,32,TR,11:00,12:15
101470,MATH-2005,7,01,5168,KEITHHALL,105,31,TR,09:30,10:45
101471,MATH-2005,7,02,5169,KUROMAKUH,104,31,MWF,15:00,15:50
101472,MATH-2005,7,03,5170,KUROMAKUH,106,31,TR,14:00,15:15
101473,MATH-3005,7,01,5171,KUROMAKUH,104,31,MWF,08:00,08:50
101474,MATH-3005,7,02,5172,KUROMAKUH,106,31,MWF,13:00,13:50
101475,COMP-1015,7,01,5055,KUROMAKUH,106,30,TR,08:00,09:15
101476,COMP-2005,7,01,5056,KUROMAKUH,106,30,MWF,15:00,15:50
101477,COMP-3005,7,01,5057,KRIEBELHA,201,30,TR,09:30,10:45
101478,MANU-2005,7,01,5115,KUROMAKUH,104,30,MWF,11:00,11:50
101479,MANU-2010,7,01,5116,KRIEBELHA,202,30,TR,09:30,10:45
101480,MANU-4010,7,01,5117,KUROMAKUH,106,30,MWF,10:00,10:50
101481,MATH-2015,7,01,5174,KEITHHALL,105,30,TR,08:00,09:15
101482,MECH-2005,7,01,5146,KUROMAKUH,105,28,MWF,08:00,08:50
101483,MECH-2010,7,01,5147,KUROMAKUH,105,28,MWF,09:00,09:50
101484,MECH-3005,7,01,5148,KUROMAKUH,105,28,MWF,15:00,15:50
101485,MECH-4010,7,01,5149,KUROMAKUH,105,28,TR,08:00,09:15
101486,HUMN-1005,7,01,5100,KUROMAKUH,105,26,TR,09:30,10:45
101487,HUMN-1005,7,02,5101,GERBERHAL,103,26,MWF,09:00,09:50
101488,HUMN-1010,7,01,5102,GERBERHAL,103,26,TR,09:30,10:45
101489,HUMN-1010,7,02,5103,KUROMAKUH,105,26,TR,11:00,12:15
101490,HUMN-1015,7,01,5104,GERBERHAL,103,26,TR,08:00,09:15
101491,HUMN-1015,7,02,5105,GERBERHAL,103,26,MWF,08:00,08:50
101492,HUMN-2005,7,01,5106,GERBERHAL,103,26,MWF,15:00,15:50
101493,HUMN-2005,7,02,5107,KUROMAKUH,105,26,MWF,10:00,10:50
101494,HUMN-2010,7,01,5108,KUROMAKUH,105,26,MWF,14:00,14:50
101495,HUMN-2010,7,02,5109,HOLLISTER,102,26,TR,09:30,10:45
101496,HUMN-2015,7,01,5110,KUROMAKUH,105,26,MWF,13:00,13:50
101497,HUMN-2015,7,02,5111,HOLLISTER,102,26,TR,08:00,09:15
101498,HUMN-3005,7,01,5112,HOLLISTER,103,26,TR,08:00,09:15
101499,HUMN-3005,7,02,5113,KUROMAKUH,105,26,TR,14:00,15:15
101500,HUMN-3010,7,01,5114,GERBERHAL,103,26,TR,14:00,15:15
101501,HUMN-3010,7,02,5102,HOLLISTER,102,26,MWF,09:00,09:50
101502,SOCS-1005,7,01,5220,HOLLISTER,102,26,MWF,08:00,08:50
101503,SOCS-1005,7,02,5221,GERBERHAL,103,26,TR,11:00,12:15
101504,SOCS-1010,7,01,5222,HOLLISTER,103,26,MWF,09:00,09:50
101505,SOCS-1010,7,02,5223,GERBERHAL,103,26,MWF,13:00,13:50
101506,SOCS-2005,7,01,5224,HOLLISTER,102,26,MWF,13:00,13:50
101507,SOCS-2005,7,02,5225,KUROMAKUH,105,26,TR,15:30,16:45
101508,SOCS-2010,7,01,5226,HOLLISTER,102,26,TR,11:00,12:15
101509,SOCS-2010,7,02,5227,KUROMAKUH,105,26,TR,12:30,13:45
101510,SOCS-2015,7,01,5228,HOLLISTER,102,26,TR,14:00,15:15
101511,SOCS-2015,7,02,5229,HOLLISTER,103,26,TR,14:00,15:15
101512,SOCS-3005,7,01,5230,HOLLISTER,103,26,TR,11:00,12:15
101513,SOCS-3005,7,02,5231,HOLLISTER,201,26,TR,11:00,12:15
101514,SOCS-3010,7,01,5234,HOLLISTER,103,26,MWF,08:00,08:50
101515,SOCS-3010,7,02,5220,HOLLISTER,201,26,MWF,09:00,09:50
101516,SOCS-3015,7,01,5222,KEITHHALL,103,26,TR,11:00,12:15
101517,SOCS-3015,7,02,5223,GERBERHAL,103,26,TR,12:30,13:45
101518,PHYS-2005,7,01,5205,GERBERHAL,103,25,MWF,10:00,10:50
101519,PHYS-2005,7,02,5206,GERBERHAL,103,25,TR,15:30,16:45
101520,PHYS-2005,7,03,5207,HOLLISTER,201,25,MWF,08:00,08:50
101521,MANU-3025,7,01,5118,HOLLISTER,102,23,MWF,15:00,15:50
101522,MANU-3030,7,01,5119,KEITHHALL,103,23,MWF,09:00,09:50
101523,MANU-4020,7,01,5120,GERBERHAL,103,23,MWF,14:00,14:50
101524,MANU-4040,7,01,5121,HOLLISTER,201,23,TR,14:00,15:15
101525,CHEM-3025,7,01,5021,KRIEBELHA,103,21,MWF,09:00,09:50
101526,CHEM-3030,7,01,5022,HOLLISTER,103,21,TR,09:30,10:45
101527,CHEM-4015,7,01,5023,HOLLISTER,201,21,TR,09:30,10:45
101528,CHEM-4020,7,01,5024,HOLLISTER,102,21,MWF,10:00,10:50
101529,CHEM-4040,7,01,5025,HOLLISTER,103,21,MWF,10:00,10:50
101530,EENG-3030,7,01,5088,HOLLISTER,102,21,TR,12:30,13:45
101531,EENG-3050,7,01,5089,KUROMAKUH,201,21,R,13:00,16:00
101532,EENG-3100,7,01,5090,KEITHHALL,103,21,TR,09:30,10:45
101533,EENG-3120,7,01,5091,KUROMAKUH,201,21,R,09:00,12:00
101534,EENG-4020,7,01,5092,KRIEBELHA,103,21,TR,09:30,10:45
101535,EENG-4110,7,01,5093,KUROMAKUH,201,21,F,13:00,16:00
101536,MATL-3020,7,01,5133,HOLLISTER,102,21,MWF,14:00,14:50
101537,MATL-3035,7,01,5134,KUROMAKUH,201,21,T,13:00,16:00
101538,MATL-3040,7,01,5135,HOLLISTER,201,21,TR,08:00,09:15
101539,MATL-3055,7,01,5136,KRIEBELHA,103,21,TR,11:00,12:15
101540,MATL-3060,7,01,5137,HOLLISTER,201,21,MWF,10:00,10:50
101541,MATL-4025,7,01,5138,HOLLISTER,102,21,TR,15:30,16:45
101542,MATL-4030,7,01,5139,KUROMAKUH,105,21,MWF,11:00,11:50
101543,MECH-3030,7,01,5150,KEITHHALL,103,21,TR,08:00,09:15
101544,MECH-3050,7,01,5151,KEITHHALL,103,21,TR,14:00,15:15
101545,MECH-4020,7,01,5152,HOLLISTER,103,21,MWF,13:00,13:50
101546,MECH-4040,7,01,5153,HOLLISTER,103,21,TR,15:30,16:45
101547,AERO-3010,7,01,5006,LUKSICHAL,104,20,TR,09:30,10:45
101548,AERO-3025,7,01,5007,HOLLISTER,103,20,MWF,15:00,15:50
101549,AERO-3030,7,01,5008,HOLLISTER,201,20,MWF,15:00,15:50
101550,AERO-4020,7,01,5009,KUROMAKUH,202,20,R,13:00,16:00
101551,AERO-4040,7,01,5010,KRIEBELHA,103,20,TR,14:00,15:15
101552,COMP-3025,7,01,5058,KEITHHALL,103,20,MWF,15:00,15:50
101553,COMP-3030,7,01,5059,HORNCOMPU,103,20,R,13:00,16:00
101554,COMP-3050,7,01,5060,LUKSICHAL,104,20,TR,14:00,15:15
101555,COMP-4015,7,01,5061,HOLLISTER,103,20,TR,12:30,13:45
101556,COMP-4020,7,01,5062,GERBERHAL,103,20,MWF,11:00,11:50
101557,COMP-4040,7,01,5063,LUKSICHAL,201,20,TR,14:00,15:15
101558,NUCL-1010,7,01,5178,LUKSICHAL,104,20,TR,11:00,12:15
101559,NUCL-1010,7,02,5179,HOLLISTER,201,20,MWF,13:00,13:50
101560,NUCL-2010,7,01,5180,KEITHHALL,103,20,MWF,10:00,10:50
101561,NUCL-2010,7,02,5181,LUKSICHAL,202,20,TR,14:00,15:15
101562,NUCL-3005,7,01,5182,MUSTARDHA,104,20,TR,14:00,15:15
101563,NUCL-3005,7,02,5183,KEITHHALL,103,20,MWF,08:00,08:50
101564,NUCL-3015,7,01,5184,KUROMAKUH,202,20,R,09:00,12:00
101565,NUCL-3015,7,02,5185,KUROMAKUH,203,20,R,09:00,12:00
101566,NUCL-3035,7,01,5186,LUKSICHAL,201,20,TR,11:00,12:15
101567,NUCL-3040,7,01,5187,KRIEBELHA,103,20,MWF,15:00,15:50
101568,NUCL-3060,7,01,5188,KUROMAKUH,202,20,W,13:00,16:00
101569,NUCL-4010,7,01,5189,KRIEBELHA,103,20,MWF,10:00,10:50
101570,NUCL-4010,7,02,5190,LUKSICHAL,201,20,TR,09:30,10:45
101571,NUCL-4025,7,01,5191,HOLLISTER,201,20,TR,15:30,16:45
101572,NUCL-4030,7,01,5192,LUKSICHAL,104,20,MWF,10:00,10:50
101573,NUCL-4050,7,01,5193,KRIEBELHA,103,20,TR,08:00,09:15
101574,PHYS-1010,7,01,5208,KUROMAKUH,203,20,W,13:00,16:00
101575,PHYS-1010,7,02,5209,KUROMAKUH,202,20,T,13:00,16:00
101576,PHYS-1010,7,03,5210,KUROMAKUH,202,20,M,13:00,16:00
101577,PHYS-1010,7,04,5211,KUROMAKUH,202,20,F,13:00,16:00
101578,PHYS-1010,7,05,5212,KUROMAKUH,203,20,R,13:00,16:00
101579,PHYS-1010,7,06,5213,KUROMAKUH,203,20,F,13:00,16:00
101580,PHYS-1010,7,07,5214,GERBERHAL,203,20,W,13:00,16:00
101581,PHYS-1010,7,08,5217,GERBERHAL,203,20,F,13:00,16:00
101582,PHYS-1010,7,09,5219,KUROMAKUH,202,20,T,09:00,12:00
101583,PHYS-1010,7,10,5197,KUROMAKUH,203,20,T,09:00,12:00
101584,PHYS-1010,7,11,5198,GERBERHAL,206,20,F,13:00,16:00
101585,PHYS-1010,7,12,5199,HOLLISTER,203,20,F,13:00,16:00
101586,PHYS-1010,7,13,5200,HOLLISTER,205,20,F,13:00,16:00
101587,CIVL-3015,7,01,5043,LUKSICHAL,104,19,TR,08:00,09:15
101588,CIVL-3020,7,01,5044,KUROMAKUH,203,19,M,13:00,16:00
101589,CIVL-3040,7,01,5045,HOLLISTER,102,19,MWF,11:00,11:50
101590,CIVL-3060,7,01,5046,KEITHHALL,103,19,MWF,13:00,13:50
101591,CIVL-4030,7,01,5047,HOLLISTER,103,19,MWF,11:00,11:50
101592,MATL-3005,7,01,5140,GERBERHAL,203,18,M,13:00,16:00
101593,MATL-3005,7,02,5141,GERBERHAL,203,18,R,13:00,16:00
101594,AERO-1015,7,01,5011,GERBERHAL,206,17,W,13:00,16:00
101595,AERO-1015,7,02,5012,GERBERHAL,203,17,R,09:00,12:00
101596,CHEM-3010,7,01,5026,GERBERHAL,205,16,F,13:00,16:00
101597,CHEM-3010,7,02,5027,GERBERHAL,205,16,R,13:00,16:00
101598,CIVL-1015,7,01,5048,KEITHHALL,203,16,F,13:00,16:00
101599,CIVL-1015,7,02,5049,GERBERHAL,205,16,T,13:00,16:00
101600,EENG-1010,7,01,5094,GERBERHAL,205,16,M,13:00,16:00
101601,EENG-1010,7,02,5095,KEITHHALL,203,16,M,13:00,16:00
101602,COMP-1020,7,01,5064,HORNCOMPU,103,15,T,13:00,16:00
101603,COMP-1020,7,02,5065,HORNCOMPU,103,15,M,13:00,16:00
101604,MANU-1010,7,01,5122,KEITHHALL,205,15,F,13:00,16:00
101605,MANU-1010,7,02,5123,KEITHHALL,203,15,R,13:00,16:00
101606,AERO-1005,7,01,5013,LUKSICHAL,201,12,TR,08:00,09:15
101607,AERO-2005,7,01,5014,LUKSICHAL,202,12,TR,08:00,09:15
101608,AERO-2010,7,01,5015,GERBERHAL,205,12,W,13:00,16:00
101609,CHEM-2010,7,01,5028,LUKSICHAL,104,12,MWF,09:00,09:50
101610,CHEM-2015,7,01,5031,MALLOYHAL,201,12,TR,14:00,15:15
101611,CHEM-2020,7,01,5017,KEITHHALL,205,12,R,13:00,16:00
101612,CHEM-3045,7,01,5018,HORNLIBRA,103,12,F,15:00,16:50
101613,CHEM-3045,7,02,5020,HORNLIBRA,103,12,F,13:00,14:50
101614,CHMY-1005,7,01,5034,HOLLISTER,103,12,MWF,14:00,14:50
101615,CHMY-1010,7,01,5035,KRIEBELHA,206,12,R,13:00,16:00
101616,CHMY-2005,7,01,5036,HOLLISTER,201,12,TR,12:30,13:45
101617,CIVL-1005,7,01,5050,KEITHHALL,103,12,TR,12:30,13:45
101618,CIVL-2010,7,01,5053,HOLLISTER,201,12,MWF,14:00,14:50
101619,CIVL-2015,7,01,5054,MUSTARDHA,104,12,TR,08:00,09:15
101620,CIVL-3005,7,01,5040,KEITHHALL,103,12,MWF,14:00,14:50
101621,CIVL-3010,7,01,5042,GERBERHAL,205,12,T,09:00,12:00
101622,COMP-1005,7,01,5066,KRIEBELHA,103,12,MWF,08:00,08:50
101623,COMP-1010,7,01,5068,HORNCOMPU,103,12,T,09:00,12:00
101624,COMP-2010,7,01,5070,KRIEBELHA,103,12,MWF,14:00,14:50
101625,COMP-3010,7,01,5071,LUKSICHAL,202,12,TR,11:00,12:15
101626,COMP-4010,7,01,5055,HORNLIBRA,103,12,T,16:00,17:50
101627,COMP-4010,7,02,5057,HORNLIBRA,104,12,F,15:00,16:50
101628,COMP-4010,7,03,5056,HORNLIBRA,103,12,W,13:00,14:50
101629,EENG-1015,7,01,5098,LUKSICHAL,201,12,MWF,09:00,09:50
101630,EENG-2005,7,01,5099,LUKSICHAL,104,12,MWF,14:00,14:50
101631,EENG-2010,7,01,5085,MUSTARDHA,203,12,R,13:00,16:00
101632,EENG-2015,7,01,5086,LUKSICHAL,201,12,MWF,10:00,10:50
101633,EENG-3010,7,01,5087,KRIEBELHA,103,12,TR,12:30,13:45
101634,ENGR-1005,7,01,5080,MUSTARDHA,104,12,TR,11:00,12:15
101635,ENGR-1015,7,01,5083,LUKSICHAL,104,12,MWF,15:00,15:50
101636,ENGR-2005,7,01,5084,LUKSICHAL,202,12,MWF,09:00,09:50
101637,ENGR-3005,7,01,5073,LUKSICHAL,202,12,MWF,10:00,10:50
101638,MANU-1005,7,01,5124,MALLOYHAL,201,12,TR,11:00,12:15
101639,MANU-2015,7,01,5126,KRIEBELHA,206,12,F,13:00,16:00
101640,MANU-2020,7,01,5127,LUKSICHAL,202,12,TR,09:30,10:45
101641,MANU-3005,7,01,5116,HOLLISTER,201,12,MWF,11:00,11:50
101642,MANU-3010,7,01,5117,KEITHHALL,103,12,MWF,11:00,11:50
101643,MATH-1005,7,01,5175,LUKSICHAL,201,12,MWF,14:00,14:50
101644,MATH-2010,7,01,5176,KRIEBELHA,103,12,MWF,11:00,11:50
101645,MATH-2020,7,01,5177,MUSTARDHA,104,12,MWF,10:00,10:50
101646,MATH-3010,7,01,5160,LUKSICHAL,104,12,MWF,08:00,08:50
101647,MATH-3015,7,01,5161,MALLOYHAL,201,12,MWF,10:00,10:50
101648,MATL-2005,7,01,5142,LUKSICHAL,201,12,MWF,08:00,08:50
101649,MATL-2015,7,01,5143,MALLOYHAL,201,12,TR,08:00,09:15
101650,MATL-3010,7,01,5144,LUKSICHAL,202,12,MWF,14:00,14:50
101651,MATL-3015,7,01,5145,GERBERHAL,205,12,R,09:00,12:00
101652,MECH-2015,7,01,5154,SULLIVANB,201,12,MWF,10:00,10:50
101653,MECH-2020,7,01,5155,WESTGATEH,103,12,MWF,10:00,10:50
101654,MECH-2025,7,01,5156,KEITHHALL,203,12,R,09:00,12:00
101655,MECH-3010,7,01,5157,KEITHHALL,205,12,R,09:00,12:00
101656,MECH-3015,7,01,5158,WESTGATEH,201,12,MWF,10:00,10:50
101657,NUCL-1005,7,01,5195,MUSTARDHA,104,12,MWF,14:00,14:50
101658,NUCL-2005,7,01,5196,SULLIVANB,201,12,TR,08:00,09:15
101659,NUCL-3010,7,01,5178,MALLOYHAL,201,12,MWF,14:00,14:50
101660,NUCL-3020,7,01,5180,KEITHHALL,205,12,M,13:00,16:00
101661,PHYS-1015,7,01,5201,LUKSICHAL,104,12,MWF,11:00,11:50
101662,PHYS-1020,7,01,5202,KEITHHALL,203,12,T,13:00,16:00
101663,ENGR-1010,8,01,5072,GERBERHAL,105,36,MWF,15:00,15:50
101664,ENGR-1010,8,02,5073,GERBERHAL,105,36,TR,08:00,09:15
101665,ENGR-1010,8,03,5074,GERBERHAL,201,36,MWF,15:00,15:50
101666,ENGR-1010,8,04,5075,GERBERHAL,201,36,TR,08:00,09:15
101667,ENGR-1010,8,05,5076,GERBERHAL,105,36,MWF,09:00,09:50
101668,ENGR-1010,8,06,5077,GERBERHAL,105,36,TR,12:30,13:45
101669,ENGR-1010,8,07,5078,GERBERHAL,105,36,MWF,13:00,13:50
101670,ENGR-1010,8,08,5079,GERBERHAL,201,36,TR,12:30,13:45
101671,MATH-1010,8,01,5160,GERBERHAL,105,36,MWF,10:00,10:50
101672,MATH-1010,8,02,5161,GERBERHAL,105,36,MWF,14:00,14:50
101673,MATH-1010,8,03,5162,GERBERHAL,105,36,TR,11:00,12:15
101674,MATH-1010,8,04,5163,GERBERHAL,201,36,MWF,13:00,13:50
101675,MATH-1010,8,05,5164,GERBERHAL,105,36,MWF,08:00,08:50
101676,MATH-1010,8,06,5165,GERBERHAL,105,36,MWF,11:00,11:50
101677,MATH-1010,8,07,5166,GERBERHAL,201,36,MWF,14:00,14:50
101678,MATH-1010,8,08,5167,GERBERHAL,105,36,TR,09:30,10:45
101679,MATL-1005,8,01,5129,GERBERHAL,201,36,MWF,10:00,10:50
101680,MATL-1010,8,01,5130,HOLLISTER,105,36,MWF,10:00,10:50
101681,MATL-2010,8,01,5131,GERBERHAL,201,36,TR,09:30,10:45
101682,MATL-4010,8,01,5132,HOLLISTER,106,36,MWF,10:00,10:50
101683,PHYS-1005,8,01,5197,HOLLISTER,105,36,TR,12:30,13:45
101684,PHYS-1005,8,02,5198,GERBERHAL,201,36,MWF,09:00,09:50
101685,PHYS-1005,8,03,5199,GERBERHAL,105,36,TR,15:30,16:45
101686,PHYS-1005,8,04,5200,HOLLISTER,105,36,MWF,09:00,09:50
101687,PHYS-1005,8,05,5201,GERBERHAL,201,36,MWF,08:00,08:50
101688,PHYS-1005,8,06,5202,GERBERHAL,201,36,TR,15:30,16:45
101689,PHYS-1005,8,07,5203,HOLLISTER,105,36,TR,15:30,16:45
101690,PHYS-1005,8,08,5204,HOLLISTER,105,36,MWF,08:00,08:50
101691,AERO-1010,8,01,5001,GERBERHAL,201,33,TR,11:00,12:15
101692,AERO-2015,8,01,5002,HOLLISTER,106,33,MWF,09:00,09:50
101693,AERO-2020,8,01,5003,HOLLISTER,105,33,TR,11:00,12:15
101694,AERO-3005,8,01,5004,GERBERHAL,201,33,MWF,11:00,11:50
101695,AERO-4010,8,01,5005,HOLLISTER,105,33,MWF,14:00,14:50
101696,CHEM-1005,8,01,5016,KUROMAKUH,104,32,MWF,08:00,08:50
101697,CHEM-2005,8,01,5017,KUROMAKUH,104,32,MWF,10:00,10:50
101698,CHEM-3005,8,01,5018,KUROMAKUH,104,32,TR,12:30,13:45
101699,CHEM-3015,8,01,5019,KUROMAKUH,104,32,TR,14:00,15:15
101700,CHEM-4010,8,01,5020,KUROMAKUH,104,32,MWF,13:00,13:50
101701,CHMY-1015,8,01,5033,KUROMAKUH,106,32,MWF,13:00,13:50
101702,CIVL-1010,8,01,5040,KUROMAKUH,104,32,MWF,14:00,14:50
101703,CIVL-2005,8,01,5041,KUROMAKUH,106,32,MWF,10:00,10:50
101704,CIVL-4010,8,01,5042,KUROMAKUH,104,32,MWF,11:00,11:50
101705,EENG-1005,8,01,5085,KUROMAKUH,106,32,TR,12:30,13:45
101706,EENG-3005,8,01,5086,KUROMAKUH,104,32,TR,09:30,10:45
101707,EENG-4010,8,01,5087,KUROMAKUH,106,32,MWF,11:00,11:50
101708,MATH-2005,8,01,5168,KEITHHALL,105,31,MWF,11:00,11:50
101709,MATH-2005,8,02,5169,KEITHHALL,105,31,MWF,10:00,10:50
101710,MATH-2005,8,03,5170,KUROMAKUH,106,31,MWF,14:00,14:50
101711,MATH-3005,8,01,5171,KUROMAKUH,104,31,TR,08:00,09:15
101712,MATH-3005,8,02,5172,KUROMAKUH,106,31,TR,08:00,09:15
101713,COMP-1015,8,01,5055,KEITHHALL,105,30,TR,12:30,13:45
101714,COMP-2005,8,01,5056,KEITHHALL,105,30,MWF,14:00,14:50
101715,COMP-3005,8,01,5057,KUROMAKUH,106,30,TR,14:00,15:15
101716,MANU-2005,8,01,5115,KUROMAKUH,104,30,MWF,15:00,15:50
101717,MANU-2010,8,01,5116,KUROMAKUH,104,30,TR,15:30,16:45
101718,MANU-4010,8,01,5117,KUROMAKUH,106,30,MWF,08:00,08:50
101719,MATH-2015,8,01,5174,KUROMAKUH,104,30,TR,11:00,12:15
101720,MECH-2005,8,01,5146,KUROMAKUH,105,28,MWF,13:00,13:50
101721,MECH-2010,8,01,5147,KUROMAKUH,105,28,MWF,10:00,10:50
101722,MECH-3005,8,01,5148,GERBERHAL,103,28,MWF,10:00,10:50
101723,MECH-4010,8,01,5149,KUROMAKUH,105,28,MWF,15:00,15:50
101724,HUMN-1005,8,01,5100,KUROMAKUH,105,26,TR,08:00,09:15
101725,HUMN-1005,8,02,5101,KUROMAKUH,105,26,MWF,14:00,14:50
101726,HUMN-1010,8,01,5102,GERBERHAL,103,26,TR,08:00,09:15
101727,HUMN-1010,8,02,5103,KUROMAKUH,105,26,TR,12:30,13:45
101728,HUMN-1015,8,01,5104,KUROMAKUH,105,26,TR,11:00,12:15
101729,HUMN-1015,8,02,5105,GERBERHAL,103,26,MWF,14:00,14:50
101730,HUMN-2005,8,01,5106,GERBERHAL,103,26,MWF,15:00,15:50
101731,HUMN-2005,8,02,5107,GERBERHAL,103,26,TR,12:30,13:45
101732,HUMN-2010,8,01,5108,KUROMAKUH,105,26,MWF,09:00,09:50
101733,HUMN-2010,8,02,5109,HOLLISTER,102,26,TR,12:30,13:45
101734,HUMN-2015,8,01,5110,HOLLISTER,102,26,TR,08:00,09:15
101735,HUMN-2015,8,02,5111,KUROMAKUH,105,26,MWF,11:00,11:50
101736,HUMN-3005,8,01,5112,HOLLISTER,103,26,TR,08:00,09:15
101737,HUMN-3005,8,02,5113,GERBERHAL,103,26,MWF,11:00,11:50
101738,HUMN-3010,8,01,5114,KUROMAKUH,105,26,MWF,08:00,08:50
101739,HUMN-3010,8,02,5101,KUROMAKUH,105,26,TR,14:00,15:15
101740,SOCS-1005,8,01,5220,HOLLISTER,102,26,MWF,11:00,11:50
101741,SOCS-1005,8,02,5221,GERBERHAL,103,26,TR,14:00,15:15
101742,SOCS-1010,8,01,5222,HOLLISTER,103,26,MWF,11:00,11:50
101743,SOCS-1010,8,02,5223,GERBERHAL,103,26,MWF,08:00,08:50
101744,SOCS-2005,8,01,5224,KUROMAKUH,105,26,TR,09:30,10:45
101745,SOCS-2005,8,02,5225,HOLLISTER,103,26,TR,12:30,13:45
101746,SOCS-2010,8,01,5226,GERBERHAL,103,26,TR,11:00,12:15
101747,SOCS-2010,8,02,5227,GERBERHAL,103,26,MWF,09:00,09:50
101748,SOCS-2015,8,01,5228,GERBERHAL,103,26,MWF,13:00,13:50
101749,SOCS-2015,8,02,5229,HOLLISTER,201,26,TR,08:00,09:15
101750,SOCS-3005,8,01,5230,KEITHHALL,103,26,TR,08:00,09:15
101751,SOCS-3005,8,02,5231,HOLLISTER,201,26,TR,12:30,13:45
101752,SOCS-3010,8,01,5234,KEITHHALL,103,26,TR,12:30,13:45
101753,SOCS-3010,8,02,5220,HOLLISTER,102,26,MWF,10:00,10:50
101754,SOCS-3015,8,01,5222,HOLLISTER,103,26,MWF,10:00,10:50
101755,SOCS-3015,8,02,5223,GERBERHAL,103,26,TR,09:30,10:45
101756,PHYS-2005,8,01,5205,HOLLISTER,102,25,TR,09:30,10:45
101757,PHYS-2005,8,02,5206,HOLLISTER,201,25,MWF,11:00,11:50
101758,PHYS-2005,8,03,5207,HOLLISTER,102,25,MWF,09:00,09:50
101759,MANU-3030,8,01,5118,KRIEBELHA,103,23,TR,12:30,13:45
101760,MANU-4020,8,01,5119,HOLLISTER,102,23,MWF,13:00,13:50
101761,MANU-4040,8,01,5120,KRIEBELHA,103,23,TR,08:00,09:15
101762,MANU-4055,8,01,5121,HOLLISTER,201,23,MWF,10:00,10:50
101763,CHEM-3025,8,01,5021,HOLLISTER,103,21,MWF,13:00,13:50
101764,CHEM-3030,8,01,5022,HOLLISTER,103,21,MWF,09:00,09:50
101765,CHEM-4015,8,01,5023,KEITHHALL,103,21,MWF,10:00,10:50
101766,CHEM-4020,8,01,5024,HOLLISTER,102,21,MWF,14:00,14:50
101767,CHEM-4040,8,01,5025,KUROMAKUH,105,21,TR,15:30,16:45
101768,EENG-3030,8,01,5088,KRIEBELHA,103,21,MWF,10:00,10:50
101769,EENG-3050,8,01,5089,KUROMAKUH,201,21,W,13:00,16:00
101770,EENG-3100,8,01,5090,LUKSICHAL,104,21,TR,08:00,09:15
101771,EENG-3120,8,01,5091,KUROMAKUH,201,21,R,09:00,12:00
101772,EENG-4020,8,01,5092,HOLLISTER,201,21,MWF,13:00,13:50
101773,EENG-4110,8,01,5093,GERBERHAL,204,21,R,09:00,12:00
101774,MATL-3020,8,01,5133,KEITHHALL,103,21,MWF,11:00,11:50
101775,MATL-3035,8,01,5134,GERBERHAL,204,21,W,13:00,16:00
101776,MATL-3040,8,01,5135,LUKSICHAL,201,21,TR,08:00,09:15
101777,MATL-3055,8,01,5136,HOLLISTER,102,21,TR,11:00,12:15
101778,MATL-3060,8,01,5137,HOLLISTER,102,21,MWF,15:00,15:50
101779,MATL-4025,8,01,5138,HOLLISTER,102,21,MWF,08:00,08:50
101780,MATL-4030,8,01,5139,HOLLISTER,102,21,TR,14:00,15:15
101781,MECH-3030,8,01,5150,LUKSICHAL,104,21,MWF,10:00,10:50
101782,MECH-3050,8,01,5151,GERBERHAL,103,21,TR,15:30,16:45
101783,MECH-4020,8,01,5152,HOLLISTER,103,21,MWF,15:00,15:50
101784,MECH-4040,8,01,5153,KEITHHALL,103,21,MWF,13:00,13:50
101785,AERO-3010,8,01,5006,HOLLISTER,103,20,MWF,14:00,14:50
101786,AERO-3025,8,01,5007,LUKSICHAL,202,20,TR,08:00,09:15
101787,AERO-3030,8,01,5008,HOLLISTER,103,20,TR,09:30,10:45
101788,AERO-4020,8,01,5009,KUROMAKUH,202,20,T,09:00,12:00
101789,AERO-4040,8,01,5010,HOLLISTER,201,20,MWF,09:00,09:50
101790,COMP-3025,8,01,5058,HOLLISTER,103,20,MWF,08:00,08:50
101791,COMP-3030,8,01,5059,HORNCOMPU,103,20,T,09:00,12:00
101792,COMP-3050,8,01,5060,KRIEBELHA,103,20,MWF,13:00,13:50
101793,COMP-4015,8,01,5061,MUSTARDHA,104,20,TR,08:00,09:15
101794,COMP-4020,8,01,5062,HOLLISTER,102,20,TR,15:30,16:45
101795,COMP-4040,8,01,5063,HOLLISTER,201,20,TR,09:30,10:45
101796,NUCL-1010,8,01,5178,HOLLISTER,201,20,MWF,15:00,15:50
101797,NUCL-1010,8,02,5179,KEITHHALL,103,20,TR,09:30,10:45
101798,NUCL-2010,8,01,5180,KEITHHALL,103,20,MWF,09:00,09:50
101799,NUCL-2010,8,02,5181,KRIEBELHA,103,20,MWF,09:00,09:50
101800,NUCL-3005,8,01,5182,HOLLISTER,201,20,MWF,08:00,08:50
101801,NUCL-3005,8,02,5183,HOLLISTER,103,20,TR,15:30,16:45
101802,NUCL-3015,8,01,5184,KUROMAKUH,202,20,W,13:00,16:00
101803,NUCL-3015,8,02,5185,KUROMAKUH,202,20,M,13:00,16:00
101804,NUCL-3040,8,01,5186,KEITHHALL,103,20,MWF,15:00,15:50
101805,NUCL-3055,8,01,5187,KRIEBELHA,103,20,TR,09:30,10:45
101806,NUCL-3060,8,01,5188,KUROMAKUH,202,20,R,09:00,12:00
101807,NUCL-4010,8,01,5189,HOLLISTER,103,20,TR,11:00,12:15
101808,NUCL-4010,8,02,5190,LUKSICHAL,104,20,TR,09:30,10:45
101809,NUCL-4030,8,01,5191,LUKSICHAL,201,20,MWF,10:00,10:50
101810,NUCL-4045,8,01,5192,LUKSICHAL,104,20,MWF,13:00,13:50
101811,NUCL-4050,8,01,5193,HOLLISTER,201,20,TR,11:00,12:15
101812,PHYS-1010,8,01,5208,KUROMAKUH,203,20,R,09:00,12:00
101813,PHYS-1010,8,02,5209,KUROMAKUH,203,20,W,13:00,16:00
101814,PHYS-1010,8,03,5210,GERBERHAL,203,20,W,13:00,16:00
101815,PHYS-1010,8,04,5211,GERBERHAL,203,20,R,09:00,12:00
101816,PHYS-1010,8,05,5212,KUROMAKUH,202,20,R,13:00,16:00
101817,PHYS-1010,8,06,5213,KUROMAKUH,202,20,F,13:00,16:00
101818,PHYS-1010,8,07,5214,KUROMAKUH,203,20,M,13:00,16:00
101819,PHYS-1010,8,08,5217,KUROMAKUH,202,20,T,13:00,16:00
101820,PHYS-1010,8,09,5219,GERBERHAL,203,20,M,13:00,16:00
101821,PHYS-1010,8,10,5197,KUROMAKUH,203,20,T,09:00,12:00
101822,PHYS-1010,8,11,5198,KUROMAKUH,203,20,R,13:00,16:00
101823,PHYS-1010,8,12,5199,GERBERHAL,206,20,R,09:00,12:00
101824,PHYS-1010,8,13,5200,GERBERHAL,203,20,T,09:00,12:00
101825,CIVL-3015,8,01,5043,KEITHHALL,103,19,MWF,08:00,08:50
101826,CIVL-3020,8,01,5044,GERBERHAL,206,19,W,13:00,16:00
101827,CIVL-3040,8,01,5045,LUKSICHAL,201,19,MWF,13:00,13:50
101828,CIVL-3060,8,01,5046,KRIEBELHA,103,19,MWF,11:00,11:50
101829,CIVL-4030,8,01,5047,LUKSICHAL,201,19,TR,09:30,10:45
101830,MATL-3005,8,01,5140,GERBERHAL,206,18,M,13:00,16:00
101831,MATL-3005,8,02,5141,GERBERHAL,203,18,R,13:00,16:00
101832,AERO-1015,8,01,5011,GERBERHAL,206,17,T,09:00,12:00
101833,AERO-1015,8,02,5012,KUROMAKUH,203,17,F,13:00,16:00
101834,CHEM-3010,8,01,5026,GERBERHAL,205,16,R,09:00,12:00
101835,CHEM-3010,8,02,5027,GERBERHAL,205,16,W,13:00,16:00
101836,CIVL-1015,8,01,5048,GERBERHAL,205,16,T,09:00,12:00
101837,CIVL-1015,8,02,5049,GERBERHAL,205,16,F,13:00,16:00
101838,EENG-1010,8,01,5094,KEITHHALL,203,16,F,13:00,16:00
101839,EENG-1010,8,02,5095,GERBERHAL,205,16,T,13:00,16:00
101840,COMP-1020,8,01,5064,HORNCOMPU,103,15,T,13:00,16:00
101841,COMP-1020,8,02,5065,HORNCOMPU,103,15,R,13:00,16:00
101842,MANU-1010,8,01,5122,KEITHHALL,203,15,R,09:00,12:00
101843,MANU-1010,8,02,5123,KEITHHALL,205,15,F,13:00,16:00
101844,AERO-1005,8,01,5013,MALLOYHAL,201,12,TR,08:00,09:15
101845,AERO-2005,8,01,5014,LUKSICHAL,104,12,MWF,11:00,11:50
101846,AERO-2010,8,01,5015,KEITHHALL,203,12,T,13:00,16:00
101847,CHEM-2010,8,01,5028,KRIEBELHA,103,12,MWF,08:00,08:50
101848,CHEM-2015,8,01,5031,HOLLISTER,103,12,TR,14:00,15:15
101849,CHEM-2020,8,01,5017,KRIEBELHA,206,12,F,13:00,16:00
101850,CHEM-3045,8,01,5018,HORNLIBRA,103,12,W,16:00,17:50
101851,CHEM-3045,8,02,5019,HORNLIBRA,104,12,W,16:00,17:50
101852,CHMY-1005,8,01,5034,LUKSICHAL,201,12,MWF,11:00,11:50
101853,CHMY-1010,8,01,5035,KEITHHALL,205,12,T,13:00,16:00
101854,CHMY-2005,8,01,5036,KRIEBELHA,103,12,MWF,15:00,15:50
101855,CIVL-1005,8,01,5050,LUKSICHAL,202,12,MWF,13:00,13:50
101856,CIVL-2010,8,01,5053,LUKSICHAL,104,12,MWF,15:00,15:50
101857,CIVL-2015,8,01,5054,LUKSICHAL,104,12,MWF,09:00,09:50
101858,CIVL-3005,8,01,5040,KEITHHALL,103,12,TR,11:00,12:15
101859,CIVL-3010,8,01,5042,GERBERHAL,205,12,R,13:00,16:00
101860,COMP-1005,8,01,5066,LUKSICHAL,104,12,TR,12:30,13:45
101861,COMP-1010,8,01,5068,HORNCOMPU,104,12,R,13:00,16:00
101862,COMP-2010,8,01,5070,SULLIVANB,201,12,TR,08:00,09:15
101863,COMP-3010,8,01,5071,LUKSICHAL,201,12,TR,12:30,13:45
101864,COMP-4010,8,01,5055,HORNLIBRA,101,12,W,16:00,17:50
101865,COMP-4010,8,02,5056,HORNLIBRA,103,12,R,16:00,17:50
101866,COMP-4010,8,03,5057,HORNLIBRA,104,12,R,16:00,17:50
101867,EENG-1015,8,01,5098,LUKSICHAL,202,12,TR,12:30,13:45
101868,EENG-2005,8,01,5099,MUSTARDHA,104,12,TR,12:30,13:45
101869,EENG-2010,8,01,5085,KEITHHALL,203,12,W,13:00,16:00
101870,EENG-2015,8,01,5086,WESTGATEH,103,12,TR,08:00,09:15
101871,EENG-3010,8,01,5087,HOLLISTER,201,12,TR,15:30,16:45
101872,ENGR-1005,8,01,5080,LUKSICHAL,201,12,MWF,09:00,09:50
101873,ENGR-1015,8,01,5083,HOLLISTER,201,12,MWF,14:00,14:50
101874,ENGR-2005,8,01,5084,KEITHHALL,103,12,MWF,14:00,14:50
101875,ENGR-3005,8,01,5072,LUKSICHAL,202,12,MWF,10:00,10:50
101876,MANU-1005,8,01,5124,LUKSICHAL,104,12,MWF,08:00,08:50
101877,MANU-2015,8,01,5126,GERBERHAL,205,12,M,13:00,16:00
101878,MANU-2020,8,01,5127,LUKSICHAL,202,12,MWF,09:00,09:50
101879,MANU-3005,8,01,5115,WESTGATEH,201,12,TR,08:00,09:15
101880,MANU-3010,8,01,5116,LUKSICHAL,201,12,MWF,08:00,08:50
101881,MATH-1005,8,01,5175,KEITHHALL,105,12,TR,08:00,09:15
101882,MATH-2010,8,01,5176,KEITHHALL,103,12,TR,15:30,16:45
101883,MATH-2020,8,01,5177,MUSTARDHA,104,12,MWF,09:00,09:50
101884,MATH-3010,8,01,5160,MALLOYHAL,201,12,TR,12:30,13:45
101885,MATH-3015,8,01,5161,LUKSICHAL,202,12,MWF,11:00,11:50
101886,MATL-2005,8,01,5142,LUKSICHAL,202,12,MWF,08:00,08:50
101887,MATL-2015,8,01,5143,KRIEBELHA,103,12,TR,11:00,12:15
101888,MATL-3010,8,01,5144,KRIEBELHA,201,12,TR,08:00,09:15
101889,MATL-3015,8,01,5145,KEITHHALL,205,12,W,13:00,16:00
101890,MECH-2015,8,01,5154,SULLIVANB,201,12,TR,12:30,13:45
101891,MECH-2020,8,01,5155,LUKSICHAL,201,12,MWF,15:00,15:50
101892,MECH-2025,8,01,5156,KRIEBELHA,206,12,W,13:00,16:00
101893,MECH-3010,8,01,5157,MUSTARDHA,203,12,W,13:00,16:00
101894,MECH-3015,8,01,5158,WESTGATEH,103,12,TR,12:30,13:45
101895,NUCL-1005,8,01,5195,MUSTARDHA,104,12,MWF,08:00,08:50
101896,NUCL-2005,8,01,5196,LUKSICHAL,202,12,MWF,15:00,15:50
101897,NUCL-3010,8,01,5179,MUSTARDHA,104,12,MWF,15:00,15:50
101898,NUCL-3020,8,01,5178,KEITHHALL,203,12,T,09:00,12:00
101899,PHYS-1015,8,01,5201,MALLOYHAL,201,12,MWF,15:00,15:50
101900,PHYS-1020,8,01,5204,KRIEBELHA,206,12,T,13:00,16:00
101901,ENGR-1010,10,01,5072,GERBERHAL,105,36,TR,12:30,13:45
101902,ENGR-1010,10,02,5073,GERBERHAL,105,36,TR,09:30,10:45
101903,ENGR-1010,10,03,5074,GERBERHAL,105,36,MWF,15:00,15:50
101904,ENGR-1010,10,04,5075,GERBERHAL,105,36,MWF,08:00,08:50
101905,ENGR-1010,10,05,5076,GERBERHAL,105,36,TR,11:00,12:15
101906,ENGR-1010,10,06,5077,GERBERHAL,105,36,MWF,13:00,13:50
101907,ENGR-1010,10,07,5078,GERBERHAL,201,36,TR,11:00,12:15
101908,ENGR-1010,10,08,5079,GERBERHAL,105,36,TR,08:00,09:15
101909,MATH-1010,10,01,5160,GERBERHAL,105,36,MWF,11:00,11:50
101910,MATH-1010,10,02,5161,GERBERHAL,105,36,TR,15:30,16:45
101911,MATH-1010,10,03,5162,GERBERHAL,201,36,TR,12:30,13:45
101912,MATH-1010,10,04,5163,GERBERHAL,105,36,MWF,10:00,10:50
101913,MATH-1010,10,05,5164,HOLLISTER,105,36,TR,12:30,13:45
101914,MATH-1010,10,06,5165,GERBERHAL,105,36,MWF,09:00,09:50
101915,MATH-1010,10,07,5166,GERBERHAL,201,36,MWF,08:00,08:50
101916,MATH-1010,10,08,5167,GERBERHAL,201,36,MWF,10:00,10:50
101917,MATL-1005,10,01,5129,GERBERHAL,201,36,MWF,11:00,11:50
101918,MATL-1010,10,01,5130,GERBERHAL,105,36,TR,14:00,15:15
101919,MATL-2010,10,01,5131,HOLLISTER,105,36,MWF,08:00,08:50
101920,MATL-4010,10,01,5132,GERBERHAL,201,36,TR,09:30,10:45
101921,PHYS-1005,10,01,5197,GERBERHAL,201,36,MWF,13:00,13:50
101922,PHYS-1005,10,02,5198,HOLLISTER,105,36,MWF,10:00,10:50
101923,PHYS-1005,10,03,5199,GERBERHAL,105,36,MWF,14:00,14:50
101924,PHYS-1005,10,04,5200,HOLLISTER,105,36,TR,11:00,12:15
101925,PHYS-1005,10,05,5201,GERBERHAL,201,36,MWF,14:00,14:50
101926,PHYS-1005,10,06,5202,GERBERHAL,201,36,TR,15:30,16:45
101927,PHYS-1005,10,07,5203,HOLLISTER,106,36,TR,11:00,12:15
101928,PHYS-1005,10,08,5204,HOLLISTER,105,36,TR,09:30,10:45
101929,AERO-1010,10,01,5001,GERBERHAL,201,33,MWF,09:00,09:50
101930,AERO-2015,10,01,5002,GERBERHAL,201,33,TR,14:00,15:15
101931,AERO-2020,10,01,5003,HOLLISTER,105,33,TR,15:30,16:45
101932,AERO-3005,10,01,5004,HOLLISTER,106,33,TR,15:30,16:45
101933,AERO-4010,10,01,5005,HOLLISTER,202,33,TR,15:30,16:45
101934,CHEM-1005,10,01,5016,KUROMAKUH,104,32,TR,08:00,09:15
101935,CHEM-2005,10,01,5017,KUROMAKUH,104,32,TR,14:00,15:15
101936,CHEM-3005,10,01,5018,KUROMAKUH,104,32,TR,09:30,10:45
101937,CHEM-3015,10,01,5019,KUROMAKUH,104,32,TR,12:30,13:45
101938,CHEM-4010,10,01,5020,KUROMAKUH,104,32,TR,15:30,16:45
101939,CHMY-1015,10,01,5033,KUROMAKUH,104,32,MWF,15:00,15:50
101940,CIVL-1010,10,01,5040,KUROMAKUH,106,32,MWF,15:00,15:50
101941,CIVL-2005,10,01,5041,KUROMAKUH,106,32,TR,08:00,09:15
101942,CIVL-4010,10,01,5042,KEITHHALL,105,32,MWF,15:00,15:50
101943,EENG-1005,10,01,5085,KUROMAKUH,106,32,TR,09:30,10:45
101944,EENG-3005,10,01,5086,KUROMAKUH,104,32,MWF,13:00,13:50
101945,EENG-4010,10,01,5087,KUROMAKUH,106,32,TR,14:00,15:15
101946,MATH-2005,10,01,5168,KEITHHALL,105,31,TR,14:00,15:15
101947,MATH-2005,10,02,5169,KUROMAKUH,104,31,MWF,11:00,11:50
101948,MATH-2005,10,03,5170,KRIEBELHA,201,31,MWF,15:00,15:50
101949,MATH-3005,10,01,5171,KUROMAKUH,104,31,MWF,09:00,09:50
101950,MATH-3005,10,02,5172,KEITHHALL,105,31,TR,08:00,09:15
101951,COMP-1015,10,01,5055,KUROMAKUH,104,30,TR,11:00,12:15
101952,COMP-2005,10,01,5056,KRIEBELHA,201,30,TR,08:00,09:15
101953,COMP-3005,10,01,5057,KUROMAKUH,106,30,TR,12:30,13:45
101954,MANU-2005,10,01,5115,KUROMAKUH,104,30,MWF,14:00,14:50
101955,MANU-2010,10,01,5116,KUROMAKUH,106,30,MWF,09:00,09:50
101956,MANU-4010,10,01,5117,KUROMAKUH,104,30,MWF,10:00,10:50
101957,MATH-2015,10,01,5173,KUROMAKUH,106,30,TR,11:00,12:15
101958,MECH-2005,10,01,5146,KUROMAKUH,105,28,MWF,09:00,09:50
101959,MECH-2010,10,01,5147,KUROMAKUH,105,28,TR,14:00,15:15
101960,MECH-3005,10,01,5148,KUROMAKUH,105,28,TR,09:30,10:45
101961,MECH-4010,10,01,5149,GERBERHAL,103,28,MWF,09:00,09:50
101962,HUMN-1005,10,01,5100,GERBERHAL,103,26,TR,14:00,15:15
101963,HUMN-1005,10,02,5101,KUROMAKUH,105,26,MWF,15:00,15:50
101964,HUMN-1010,10,01,5102,KUROMAKUH,105,26,MWF,10:00,10:50
101965,HUMN-1010,10,02,5103,KUROMAKUH,105,26,TR,08:00,09:15
101966,HUMN-1015,10,01,5104,KUROMAKUH,105,26,TR,12:30,13:45
101967,HUMN-1015,10,02,5105,GERBERHAL,103,26,MWF,15:00,15:50
101968,HUMN-2005,10,01,5106,KUROMAKUH,105,26,TR,11:00,12:15
101969,HUMN-2005,10,02,5107,KUROMAKUH,105,26,MWF,11:00,11:50
101970,HUMN-2010,10,01,5108,KUROMAKUH,105,26,MWF,13:00,13:50
101971,HUMN-2010,10,02,5109,KUROMAKUH,105,26,TR,15:30,16:45
101972,HUMN-2015,10,01,5110,HOLLISTER,102,26,TR,14:00,15:15
101973,HUMN-2015,10,02,5111,HOLLISTER,103,26,TR,14:00,15:15
101974,HUMN-3005,10,01,5112,GERBERHAL,103,26,MWF,11:00,11:50
101975,HUMN-3005,10,02,5114,GERBERHAL,103,26,MWF,10:00,10:50
101976,HUMN-3010,10,01,5101,HOLLISTER,102,26,MWF,10:00,10:50
101977,HUMN-3010,10,02,5102,GERBERHAL,103,26,TR,08:00,09:15
101978,SOCS-1005,10,01,5220,GERBERHAL,103,26,TR,15:30,16:45
101979,SOCS-1005,10,02,5221,GERBERHAL,103,26,TR,11:00,12:15
101980,SOCS-1010,10,01,5222,HOLLISTER,102,26,MWF,15:00,15:50
101981,SOCS-1010,10,02,5223,HOLLISTER,201,26,TR,14:00,15:15
101982,SOCS-2005,10,01,5224,HOLLISTER,103,26,MWF,10:00,10:50
101983,SOCS-2005,10,02,5225,GERBERHAL,103,26,TR,12:30,13:45
101984,SOCS-2010,10,01,5226,HOLLISTER,201,26,MWF,10:00,10:50
101985,SOCS-2010,10,02,5227,GERBERHAL,103,26,TR,09:30,10:45
101986,SOCS-2015,10,01,5228,HOLLISTER,102,26,TR,11:00,12:15
101987,SOCS-2015,10,02,5229,HOLLISTER,103,26,TR,11:00,12:15
101988,SOCS-3005,10,01,5230,KEITHHALL,103,26,MWF,10:00,10:50
101989,SOCS-3005,10,02,5231,HOLLISTER,102,26,TR,12:30,13:45
101990,SOCS-3010,10,01,5234,HOLLISTER,201,26,TR,11:00,12:15
101991,SOCS-3010,10,02,5220,HOLLISTER,102,26,MWF,11:00,11:50
101992,SOCS-3015,10,01,5222,KEITHHALL,103,26,TR,14:00,15:15
101993,SOCS-3015,10,02,5223,HOLLISTER,102,26,TR,15:30,16:45
101994,CHEM-3025,10,01,5021,KRIEBELHA,103,25,MWF,10:00,10:50
101995,CHEM-3030,10,01,5022,HOLLISTER,102,25,TR,09:30,10:45
101996,CHEM-4035,10,01,5023,KUROMAKUH,105,25,MWF,14:00,14:50
101997,CHEM-4040,10,01,5024,GERBERHAL,103,25,MWF,13:00,13:50
101998,PHYS-2005,10,01,5205,HOLLISTER,103,25,TR,09:30,10:45
101999,PHYS-2005,10,02,5206,HOLLISTER,102,25,TR,08:00,09:15
102000,PHYS-2005,10,03,5207,HOLLISTER,103,25,TR,08:00,09:15
102001,MANU-3025,10,01,5118,HOLLISTER,102,23,MWF,13:00,13:50
102002,MANU-3030,10,01,5119,KEITHHALL,103,23,TR,11:00,12:15
102003,MANU-3045,10,01,5120,HOLLISTER,103,23,TR,15:30,16:45
102004,MANU-4035,10,01,5121,HOLLISTER,103,23,TR,12:30,13:45
102005,EENG-3030,10,01,5088,HOLLISTER,201,21,TR,12:30,13:45
102006,EENG-3050,10,01,5089,KUROMAKUH,201,21,R,09:00,12:00
102007,EENG-3100,10,01,5090,HOLLISTER,102,21,MWF,09:00,09:50
102008,EENG-3120,10,01,5091,KUROMAKUH,201,21,F,13:00,16:00
102009,EENG-4020,10,01,5092,HOLLISTER,201,21,TR,08:00,09:15
102010,EENG-4110,10,01,5093,KUROMAKUH,201,21,T,13:00,16:00
102011,MATL-3020,10,01,5133,KEITHHALL,103,21,TR,08:00,09:15
102012,MATL-3035,10,01,5134,KUROMAKUH,201,21,M,13:00,16:00
102013,MATL-3040,10,01,5135,KUROMAKUH,105,21,MWF,08:00,08:50
102014,MATL-3055,10,01,5136,KRIEBELHA,103,21,TR,11:00,12:15
102015,MATL-3060,10,01,5137,KEITHHALL,103,21,TR,12:30,13:45
102016,MATL-4025,10,01,5138,HOLLISTER,103,21,MWF,15:00,15:50
102017,MATL-4030,10,01,5139,KRIEBELHA,103,21,TR,14:00,15:15
102018,MECH-3025,10,01,5150,HOLLISTER,103,21,MWF,11:00,11:50
102019,MECH-3030,10,01,5151,HOLLISTER,103,21,MWF,13:00,13:50
102020,MECH-3050,10,01,5152,HOLLISTER,201,21,TR,15:30,16:45
102021,MECH-4040,10,01,5153,HOLLISTER,201,21,MWF,13:00,13:50
102022,AERO-3010,10,01,5006,KEITHHALL,103,20,TR,15:30,16:45
102023,AERO-3025,10,01,5007,LUKSICHAL,104,20,TR,14:00,15:15
102024,AERO-3030,10,01,5008,HOLLISTER,201,20,MWF,15:00,15:50
102025,AERO-4015,10,01,5009,LUKSICHAL,201,20,TR,14:00,15:15
102026,AERO-4020,10,01,5010,KUROMAKUH,202,20,R,09:00,12:00
102027,COMP-3025,10,01,5058,LUKSICHAL,202,20,TR,14:00,15:15
102028,COMP-3030,10,01,5059,HORNCOMPU,103,20,W,13:00,16:00
102029,COMP-3045,10,01,5060,HOLLISTER,201,20,MWF,11:00,11:50
102030,COMP-3050,10,01,5061,HOLLISTER,103,20,MWF,09:00,09:50
102031,COMP-4020,10,01,5062,KRIEBELHA,103,20,TR,08:00,09:15
102032,COMP-4055,10,01,5063,HORNCOMPU,103,20,T,13:00,16:00
102033,NUCL-1010,10,01,5178,KEITHHALL,103,20,MWF,15:00,15:50
102034,NUCL-1010,10,02,5179,HOLLISTER,201,20,TR,09:30,10:45
102035,NUCL-2010,10,01,5180,KRIEBELHA,103,20,TR,15:30,16:45
102036,NUCL-2010,10,02,5181,KEITHHALL,103,20,MWF,11:00,11:50
102037,NUCL-3005,10,01,5182,KEITHHALL,103,20,MWF,13:00,13:50
102038,NUCL-3005,10,02,5183,HOLLISTER,201,20,MWF,09:00,09:50
102039,NUCL-3015,10,01,5184,KUROMAKUH,202,20,W,13:00,16:00
102040,NUCL-3015,10,02,5185,KUROMAKUH,203,20,R,09:00,12:00
102041,NUCL-3035,10,01,5186,LUKSICHAL,104,20,TR,08:00,09:15
102042,NUCL-3040,10,01,5187,KRIEBELHA,103,20,MWF,15:00,15:50
102043,NUCL-3055,10,01,5188,LUKSICHAL,104,20,MWF,10:00,10:50
102044,NUCL-3060,10,01,5189,KUROMAKUH,202,20,T,13:00,16:00
102045,NUCL-4010,10,01,5190,LUKSICHAL,104,20,TR,15:30,16:45
102046,NUCL-4010,10,02,5191,GERBERHAL,103,20,MWF,08:00,08:50
102047,NUCL-4025,10,01,5192,KRIEBELHA,103,20,MWF,13:00,13:50
102048,NUCL-4030,10,01,5193,LUKSICHAL,104,20,MWF,13:00,13:50
102049,PHYS-1010,10,01,5208,KUROMAKUH,202,20,R,13:00,16:00
102050,PHYS-1010,10,02,5209,GERBERHAL,203,20,R,09:00,12:00
102051,PHYS-1010,10,03,5210,KUROMAKUH,203,20,R,13:00,16:00
102052,PHYS-1010,10,04,5211,KUROMAKUH,202,20,T,09:00,12:00
102053,PHYS-1010,10,05,5212,KUROMAKUH,202,20,F,13:00,16:00
102054,PHYS-1010,10,06,5213,KUROMAKUH,203,20,T,13:00,16:00
102055,PHYS-1010,10,07,5214,GERBERHAL,203,20,R,13:00,16:00
102056,PHYS-1010,10,08,5217,KUROMAKUH,203,20,F,13:00,16:00
102057,PHYS-1010,10,09,5218,GERBERHAL,206,20,R,09:00,12:00
102058,PHYS-1010,10,10,5219,KUROMAKUH,203,20,T,09:00,12:00
102059,PHYS-1010,10,11,5198,KUROMAKUH,203,20,W,13:00,16:00
102060,PHYS-1010,10,12,5197,HOLLISTER,203,20,R,09:00,12:00
102061,PHYS-1010,10,13,5200,KUROMAKUH,202,20,M,13:00,16:00
102062,CIVL-3015,10,01,5043,LUKSICHAL,201,19,MWF,10:00,10:50
102063,CIVL-3020,10,01,5044,KUROMAKUH,203,19,M,13:00,16:00
102064,CIVL-3040,10,01,5045,LUKSICHAL,201,19,MWF,13:00,13:50
102065,CIVL-3055,10,01,5046,GERBERHAL,203,19,T,09:00,12:00
102066,CIVL-4030,10,01,5047,LUKSICHAL,201,19,TR,15:30,16:45
102067,MATL-3005,10,01,5140,GERBERHAL,203,18,F,13:00,16:00
102068,MATL-3005,10,02,5142,GERBERHAL,206,18,T,09:00,12:00
102069,AERO-1015,10,01,5011,GERBERHAL,206,17,R,13:00,16:00
102070,AERO-1015,10,02,5012,HOLLISTER,205,17,R,09:00,12:00
102071,CHEM-3010,10,01,5025,GERBERHAL,205,16,R,13:00,16:00
102072,CHEM-3010,10,02,5026,KEITHHALL,203,16,R,13:00,16:00
102073,CIVL-1015,10,01,5048,GERBERHAL,205,16,W,13:00,16:00
102074,CIVL-1015,10,02,5049,KEITHHALL,205,16,R,13:00,16:00
102075,EENG-1010,10,01,5094,KRIEBELHA,206,16,R,13:00,16:00
102076,EENG-1010,10,02,5095,GERBERHAL,205,16,T,09:00,12:00
102077,COMP-1020,10,01,5064,HORNCOMPU,103,15,R,09:00,12:00
102078,COMP-1020,10,02,5065,HORNCOMPU,104,15,R,09:00,12:00
102079,MANU-1010,10,01,5122,MUSTARDHA,203,15,R,13:00,16:00
102080,MANU-1010,10,02,5123,KEITHHALL,203,15,W,13:00,16:00
102081,CHEM-3045,10,01,5027,HORNLIBRA,101,13,M,16:00,17:50
102082,CHEM-3045,10,02,5028,HORNLIBRA,101,13,F,15:00,16:50
102083,AERO-1005,10,01,5013,KEITHHALL,103,12,TR,09:30,10:45
102084,AERO-2005,10,01,5014,MUSTARDHA,104,12,TR,14:00,15:15
102085,AERO-2010,10,01,5001,MALLOYHAL,203,12,R,13:00,16:00
102086,CHEM-2010,10,01,5029,LUKSICHAL,202,12,MWF,13:00,13:50
102087,CHEM-2015,10,01,5030,LUKSICHAL,202,12,MWF,10:00,10:50
102088,CHEM-2020,10,01,5031,MALLOYHAL,205,12,R,13:00,16:00
102089,CHMY-1005,10,01,5034,MUSTARDHA,104,12,MWF,10:00,10:50
102090,CHMY-1010,10,01,5035,KEITHHALL,203,12,T,09:00,12:00
102091,CHMY-2005,10,01,5036,LUKSICHAL,104,12,MWF,15:00,15:50
102092,CIVL-1005,10,01,5050,MUSTARDHA,104,12,MWF,13:00,13:50
102093,CIVL-2010,10,01,5053,MALLOYHAL,201,12,TR,14:00,15:15
102094,CIVL-2015,10,01,5054,GERBERHAL,103,12,MWF,14:00,14:50
102095,CIVL-3005,10,01,5040,LUKSICHAL,104,12,TR,11:00,12:15
102096,CIVL-3010,10,01,5044,KEITHHALL,205,12,W,13:00,16:00
102097,COMP-1005,10,01,5066,HOLLISTER,102,12,MWF,14:00,14:50
102098,COMP-1010,10,01,5068,HORNCOMPU,103,12,T,09:00,12:00
102099,COMP-2010,10,01,5069,HOLLISTER,103,12,MWF,14:00,14:50
102100,COMP-3010,10,01,5070,LUKSICHAL,201,12,MWF,15:00,15:50
102101,COMP-4010,10,01,5071,HORNLIBRA,103,12,M,16:00,17:50
102102,COMP-4010,10,02,5055,HORNLIBRA,103,12,W,13:00,14:50
102103,COMP-4010,10,03,5056,HORNLIBRA,103,12,R,16:00,17:50
102104,EENG-1015,10,01,5098,LUKSICHAL,202,12,MWF,15:00,15:50
102105,EENG-2005,10,01,5085,KEITHHALL,103,12,MWF,09:00,09:50
102106,EENG-2010,10,01,5087,GERBERHAL,205,12,M,13:00,16:00
102107,EENG-2015,10,01,5086,LUKSICHAL,201,12,TR,08:00,09:15
102108,EENG-3010,10,01,5088,LUKSICHAL,201,12,TR,11:00,12:15
102109,ENGR-1005,10,01,5080,KRIEBELHA,103,12,TR,09:30,10:45
102110,ENGR-1015,10,01,5083,LUKSICHAL,104,12,TR,09:30,10:45
102111,ENGR-2005,10,01,5072,MALLOYHAL,201,12,MWF,13:00,13:50
102112,ENGR-3005,10,01,5073,MUSTARDHA,104,12,MWF,15:00,15:50
102113,MANU-1005,10,01,5124,LUKSICHAL,201,12,TR,09:30,10:45
102114,MANU-2015,10,01,5126,GERBERHAL,205,12,R,09:00,12:00
102115,MANU-2020,10,01,5127,LUKSICHAL,202,12,TR,09:30,10:45
102116,MANU-3005,10,01,5115,MUSTARDHA,104,12,TR,09:30,10:45
102117,MANU-3010,10,01,5116,MALLOYHAL,201,12,TR,09:30,10:45
102118,MATH-1005,10,01,5174,LUKSICHAL,202,12,TR,11:00,12:15
102119,MATH-2010,10,01,5175,SULLIVANB,201,12,TR,14:00,15:15
102120,MATH-2020,10,01,5176,MUSTARDHA,104,12,TR,11:00,12:15
102121,MATH-3010,10,01,5177,MALLOYHAL,201,12,MWF,15:00,15:50
102122,MATH-3015,10,01,5160,MALLOYHAL,201,12,TR,11:00,12:15
102123,MATL-2005,10,01,5143,KRIEBELHA,103,12,MWF,09:00,09:50
102124,MATL-2015,10,01,5144,HOLLISTER,102,12,MWF,08:00,08:50
102125,MATL-3010,10,01,5145,WESTGATEH,103,12,TR,14:00,15:15
102126,MATL-3015,10,01,5129,KEITHHALL,205,12,T,09:00,12:00
102127,MECH-2015,10,01,5154,KRIEBELHA,103,12,MWF,11:00,11:50
102128,MECH-2020,10,01,5155,SULLIVANB,201,12,TR,09:30,10:45
102129,MECH-2025,10,01,5156,KEITHHALL,203,12,R,09:00,12:00
102130,MECH-3010,10,01,5157,SULLIVANB,204,12,R,13:00,16:00
102131,MECH-3015,10,01,5158,LUKSICHAL,202,12,TR,15:30,16:45
102132,NUCL-1005,10,01,5195,HOLLISTER,103,12,MWF,08:00,08:50
102133,NUCL-2005,10,01,5178,MALLOYHAL,201,12,MWF,10:00,10:50
102134,NUCL-3010,10,01,5179,KRIEBELHA,103,12,TR,12:30,13:45
102135,NUCL-3020,10,01,5180,KRIEBELHA,206,12,W,13:00,16:00
102136,PHYS-1015,10,01,5199,LUKSICHAL,202,12,TR,08:00,09:15
102137,PHYS-1020,10,01,5202,KEITHHALL,203,12,M,13:00,16:00
102138,ENGR-1010,9,01,5072,GERBERHAL,105,36,MWF,10:00,10:50
102139,ENGR-1010,9,02,5073,GERBERHAL,201,36,MWF,10:00,10:50
102140,ENGR-1010,9,03,5074,GERBERHAL,105,36,MWF,08:00,08:50
102141,ENGR-1010,9,04,5075,GERBERHAL,105,36,TR,15:30,16:45
102142,ENGR-1010,9,05,5076,GERBERHAL,105,36,MWF,13:00,13:50
102143,ENGR-1010,9,06,5077,GERBERHAL,105,36,MWF,09:00,09:50
102144,ENGR-1010,9,07,5078,GERBERHAL,105,36,TR,08:00,09:15
102145,ENGR-1010,9,08,5079,GERBERHAL,105,36,TR,14:00,15:15
102146,MATH-1010,9,01,5160,GERBERHAL,201,36,MWF,09:00,09:50
102147,MATH-1010,9,02,5161,GERBERHAL,105,36,TR,11:00,12:15
102148,MATH-1010,9,03,5162,GERBERHAL,201,36,TR,15:30,16:45
102149,MATH-1010,9,04,5163,HOLLISTER,105,36,MWF,10:00,10:50
102150,MATH-1010,9,05,5164,GERBERHAL,201,36,TR,11:00,12:15
102151,MATH-1010,9,06,5165,GERBERHAL,201,36,MWF,13:00,13:50
102152,MATH-1010,9,07,5166,GERBERHAL,201,36,MWF,08:00,08:50
102153,MATH-1010,9,08,5167,GERBERHAL,105,36,MWF,14:00,14:50
102154,MATL-1005,9,01,5129,GERBERHAL,201,36,MWF,14:00,14:50
102155,MATL-1010,9,01,5130,HOLLISTER,105,36,MWF,08:00,08:50
102156,MATL-2010,9,01,5131,GERBERHAL,105,36,TR,09:30,10:45
102157,MATL-4010,9,01,5132,GERBERHAL,105,36,TR,12:30,13:45
102158,PHYS-1005,9,01,5197,HOLLISTER,106,36,MWF,08:00,08:50
102159,PHYS-1005,9,02,5198,GERBERHAL,201,36,TR,09:30,10:45
102160,PHYS-1005,9,03,5199,HOLLISTER,105,36,TR,09:30,10:45
102161,PHYS-1005,9,04,5200,GERBERHAL,201,36,TR,08:00,09:15
102162,PHYS-1005,9,05,5201,HOLLISTER,105,36,MWF,13:00,13:50
102163,PHYS-1005,9,06,5202,HOLLISTER,105,36,MWF,14:00,14:50
102164,PHYS-1005,9,07,5203,HOLLISTER,106,36,MWF,13:00,13:50
102165,PHYS-1005,9,08,5204,GERBERHAL,201,36,TR,12:30,13:45
102166,AERO-1010,9,01,5001,HOLLISTER,105,33,TR,15:30,16:45
102167,AERO-2015,9,01,5002,HOLLISTER,202,33,MWF,13:00,13:50
102168,AERO-2020,9,01,5003,KEITHHALL,106,33,MWF,13:00,13:50
102169,AERO-3005,9,01,5004,GERBERHAL,201,33,TR,14:00,15:15
102170,AERO-4010,9,01,5005,HOLLISTER,202,33,MWF,08:00,08:50
102171,CHEM-1005,9,01,5016,KUROMAKUH,104,32,MWF,14:00,14:50
102172,CHEM-2005,9,01,5017,KUROMAKUH,104,32,MWF,13:00,13:50
102173,CHEM-3005,9,01,5018,KUROMAKUH,104,32,TR,09:30,10:45
102174,CHEM-3015,9,01,5019,KUROMAKUH,106,32,MWF,13:00,13:50
102175,CHEM-4010,9,01,5020,KUROMAKUH,106,32,MWF,14:00,14:50
102176,CHMY-1015,9,01,5033,KEITHHALL,105,32,MWF,13:00,13:50
102177,CIVL-1010,9,01,5040,KUROMAKUH,104,32,MWF,09:00,09:50
102178,CIVL-2005,9,01,5041,KUROMAKUH,104,32,MWF,15:00,15:50
102179,CIVL-4010,9,01,5042,KUROMAKUH,104,32,TR,11:00,12:15
102180,EENG-1005,9,01,5085,KUROMAKUH,104,32,TR,15:30,16:45
102181,EENG-3005,9,01,5086,KUROMAKUH,106,32,TR,09:30,10:45
102182,EENG-4010,9,01,5087,KUROMAKUH,104,32,MWF,11:00,11:50
102183,MATH-2005,9,01,5168,KUROMAKUH,104,31,TR,14:00,15:15
102184,MATH-2005,9,02,5169,KUROMAKUH,104,31,MWF,08:00,08:50
102185,MATH-2005,9,03,5170,KUROMAKUH,106,31,TR,14:00,15:15
102186,MATH-3005,9,01,5171,KUROMAKUH,106,31,MWF,09:00,09:50
102187,MATH-3005,9,02,5172,KUROMAKUH,104,31,MWF,10:00,10:50
102188,COMP-1015,9,01,5055,KUROMAKUH,104,30,TR,08:00,09:15
102189,COMP-2005,9,01,5056,KEITHHALL,105,30,TR,14:00,15:15
102190,COMP-3005,9,01,5057,KUROMAKUH,106,30,TR,11:00,12:15
102191,MANU-2005,9,01,5115,KUROMAKUH,106,30,MWF,11:00,11:50
102192,MANU-2010,9,01,5116,KRIEBELHA,201,30,MWF,13:00,13:50
102193,MANU-4010,9,01,5117,KEITHHALL,105,30,TR,09:30,10:45
102194,MATH-2015,9,01,5173,KRIEBELHA,201,30,TR,14:00,15:15
102195,MECH-2005,9,01,5146,KUROMAKUH,105,28,TR,11:00,12:15
102196,MECH-2010,9,01,5147,KUROMAKUH,105,28,TR,09:30,10:45
102197,MECH-3005,9,01,5148,KUROMAKUH,105,28,TR,14:00,15:15
102198,MECH-4010,9,01,5149,KUROMAKUH,105,28,MWF,11:00,11:50
102199,HUMN-1005,9,01,5100,KUROMAKUH,105,26,TR,08:00,09:15
102200,HUMN-1005,9,02,5101,KUROMAKUH,105,26,MWF,08:00,08:50
102201,HUMN-1010,9,01,5102,GERBERHAL,103,26,MWF,11:00,11:50
102202,HUMN-1010,9,02,5103,KUROMAKUH,105,26,MWF,10:00,10:50
102203,HUMN-1015,9,01,5104,KUROMAKUH,105,26,MWF,15:00,15:50
102204,HUMN-1015,9,02,5105,KUROMAKUH,105,26,MWF,13:00,13:50
102205,HUMN-2005,9,01,5106,KUROMAKUH,105,26,TR,12:30,13:45
102206,HUMN-2005,9,02,5107,GERBERHAL,103,26,MWF,13:00,13:50
102207,HUMN-2010,9,01,5108,HOLLISTER,102,26,MWF,13:00,13:50
102208,HUMN-2010,9,02,5109,GERBERHAL,103,26,TR,08:00,09:15
102209,HUMN-2015,9,01,5110,HOLLISTER,103,26,MWF,13:00,13:50
102210,HUMN-2015,9,02,5111,KUROMAKUH,105,26,TR,15:30,16:45
102211,HUMN-3005,9,01,5112,KUROMAKUH,105,26,MWF,14:00,14:50
102212,HUMN-3005,9,02,5114,KUROMAKUH,105,26,MWF,09:00,09:50
102213,HUMN-3010,9,01,5101,HOLLISTER,102,26,MWF,11:00,11:50
102214,HUMN-3010,9,02,5102,GERBERHAL,103,26,TR,12:30,13:45
102215,SOCS-1005,9,01,5220,HOLLISTER,103,26,MWF,11:00,11:50
102216,SOCS-1005,9,02,5221,GERBERHAL,103,26,MWF,10:00,10:50
102217,SOCS-1010,9,01,5222,HOLLISTER,201,26,MWF,13:00,13:50
102218,SOCS-1010,9,02,5223,KEITHHALL,103,26,MWF,13:00,13:50
102219,SOCS-2005,9,01,5224,GERBERHAL,103,26,TR,09:30,10:45
102220,SOCS-2005,9,02,5225,HOLLISTER,201,26,MWF,11:00,11:50
102221,SOCS-2010,9,01,5226,KEITHHALL,103,26,MWF,11:00,11:50
102222,SOCS-2010,9,02,5227,KRIEBELHA,103,26,MWF,13:00,13:50
102223,SOCS-2015,9,01,5228,GERBERHAL,103,26,TR,14:00,15:15
102224,SOCS-2015,9,02,5229,HOLLISTER,102,26,TR,08:00,09:15
102225,SOCS-3005,9,01,5230,GERBERHAL,103,26,TR,11:00,12:15
102226,SOCS-3005,9,02,5231,HOLLISTER,102,26,TR,14:00,15:15
102227,SOCS-3010,9,01,5234,LUKSICHAL,104,26,MWF,13:00,13:50
102228,SOCS-3010,9,02,5220,HOLLISTER,103,26,TR,08:00,09:15
102229,SOCS-3015,9,01,5222,HOLLISTER,103,26,TR,14:00,15:15
102230,SOCS-3015,9,02,5223,HOLLISTER,201,26,TR,08:00,09:15
102231,CHEM-3025,9,01,5021,HOLLISTER,102,25,TR,11:00,12:15
102232,CHEM-3030,9,01,5022,HOLLISTER,102,25,TR,12:30,13:45
102233,CHEM-4035,9,01,5023,LUKSICHAL,201,25,MWF,13:00,13:50
102234,CHEM-4040,9,01,5024,GERBERHAL,103,25,MWF,08:00,08:50
102235,PHYS-2005,9,01,5205,HOLLISTER,103,25,TR,12:30,13:45
102236,PHYS-2005,9,02,5206,HOLLISTER,201,25,TR,12:30,13:45
102237,PHYS-2005,9,03,5207,KEITHHALL,103,25,TR,08:00,09:15
102238,MANU-3030,9,01,5118,HOLLISTER,102,23,TR,09:30,10:45
102239,MANU-3045,9,01,5119,GERBERHAL,103,23,MWF,14:00,14:50
102240,MANU-4035,9,01,5120,HOLLISTER,102,23,MWF,14:00,14:50
102241,MANU-4040,9,01,5121,KEITHHALL,103,23,TR,12:30,13:45
102242,EENG-3030,9,01,5088,HOLLISTER,103,21,TR,11:00,12:15
102243,EENG-3050,9,01,5089,KUROMAKUH,201,21,W,13:00,16:00
102244,EENG-3100,9,01,5090,HOLLISTER,103,21,TR,09:30,10:45
102245,EENG-3120,9,01,5091,KUROMAKUH,201,21,M,13:00,16:00
102246,EENG-4020,9,01,5092,GERBERHAL,103,21,MWF,15:00,15:50
102247,EENG-4110,9,01,5093,GERBERHAL,204,21,M,13:00,16:00
102248,MATL-3020,9,01,5133,HOLLISTER,201,21,TR,09:30,10:45
102249,MATL-3035,9,01,5134,KUROMAKUH,201,21,T,09:00,12:00
102250,MATL-3040,9,01,5135,KRIEBELHA,103,21,MWF,11:00,11:50
102251,MATL-3055,9,01,5136,HOLLISTER,201,21,TR,14:00,15:15
102252,MATL-3060,9,01,5137,HOLLISTER,102,21,MWF,10:00,10:50
102253,MATL-4025,9,01,5138,GERBERHAL,103,21,TR,15:30,16:45
102254,MATL-4030,9,01,5139,LUKSICHAL,202,21,MWF,13:00,13:50
102255,MECH-3025,9,01,5150,HOLLISTER,201,21,TR,11:00,12:15
102256,MECH-3030,9,01,5151,HOLLISTER,103,21,MWF,10:00,10:50
102257,MECH-3050,9,01,5152,GERBERHAL,103,21,MWF,09:00,09:50
102258,MECH-4040,9,01,5153,HOLLISTER,102,21,MWF,09:00,09:50
102259,AERO-3010,9,01,5006,HOLLISTER,103,20,MWF,09:00,09:50
102260,AERO-3025,9,01,5007,MUSTARDHA,104,20,MWF,13:00,13:50
102261,AERO-3030,9,01,5008,HOLLISTER,103,20,MWF,14:00,14:50
102262,AERO-4015,9,01,5009,KRIEBELHA,103,20,TR,12:30,13:45
102263,AERO-4020,9,01,5010,KUROMAKUH,202,20,M,13:00,16:00
102264,COMP-3025,9,01,5058,MALLOYHAL,201,20,MWF,13:00,13:50
102265,COMP-3030,9,01,5059,HORNCOMPU,103,20,F,13:00,16:00
102266,COMP-3050,9,01,5060,LUKSICHAL,104,20,TR,12:30,13:45
102267,COMP-4015,9,01,5061,HOLLISTER,102,20,TR,15:30,16:45
102268,COMP-4020,9,01,5062,LUKSICHAL,104,20,MWF,11:00,11:50
102269,COMP-4055,9,01,5063,HORNCOMPU,103,20,M,13:00,16:00
102270,NUCL-1010,9,01,5178,HOLLISTER,102,20,MWF,08:00,08:50
102271,NUCL-1010,9,02,5179,SULLIVANB,201,20,MWF,13:00,13:50
102272,NUCL-2010,9,01,5180,LUKSICHAL,201,20,TR,12:30,13:45
102273,NUCL-2010,9,02,5181,HOLLISTER,201,20,MWF,14:00,14:50
102274,NUCL-3005,9,01,5182,HOLLISTER,103,20,TR,15:30,16:45
102275,NUCL-3005,9,02,5183,KEITHHALL,103,20,TR,11:00,12:15
102276,NUCL-3015,9,01,5184,KUROMAKUH,203,20,M,13:00,16:00
102277,NUCL-3015,9,02,5185,KUROMAKUH,202,20,F,13:00,16:00
102278,NUCL-3035,9,01,5186,KRIEBELHA,103,20,TR,11:00,12:15
102279,NUCL-3040,9,01,5187,KEITHHALL,103,20,TR,14:00,15:15
102280,NUCL-3055,9,01,5188,WESTGATEH,103,20,MWF,13:00,13:50
102281,NUCL-3060,9,01,5189,KUROMAKUH,202,20,T,13:00,16:00
102282,NUCL-4010,9,01,5190,HOLLISTER,103,20,MWF,08:00,08:50
102283,NUCL-4010,9,02,5191,LUKSICHAL,201,20,MWF,11:00,11:50
102284,NUCL-4025,9,01,5192,HOLLISTER,201,20,TR,15:30,16:45
102285,NUCL-4030,9,01,5193,KRIEBELHA,103,20,TR,14:00,15:15
102286,PHYS-1010,9,01,5208,KUROMAKUH,202,20,R,09:00,12:00
102287,PHYS-1010,9,02,5209,KUROMAKUH,202,20,T,09:00,12:00
102288,PHYS-1010,9,03,5210,KUROMAKUH,203,20,R,09:00,12:00
102289,PHYS-1010,9,04,5211,GERBERHAL,203,20,M,13:00,16:00
102290,PHYS-1010,9,05,5212,KUROMAKUH,202,20,W,13:00,16:00
102291,PHYS-1010,9,06,5213,KUROMAKUH,203,20,W,13:00,16:00
102292,PHYS-1010,9,07,5214,GERBERHAL,206,20,M,13:00,16:00
102293,PHYS-1010,9,08,5217,GERBERHAL,203,20,W,13:00,16:00
102294,PHYS-1010,9,09,5218,KUROMAKUH,203,20,F,13:00,16:00
102295,PHYS-1010,9,10,5219,KUROMAKUH,202,20,R,13:00,16:00
102296,PHYS-1010,9,11,5197,GERBERHAL,203,20,F,13:00,16:00
102297,PHYS-1010,9,12,5198,KUROMAKUH,203,20,T,13:00,16:00
102298,PHYS-1010,9,13,5199,KUROMAKUH,203,20,R,13:00,16:00
102299,CIVL-3015,9,01,5043,HOLLISTER,102,19,MWF,15:00,15:50
102300,CIVL-3020,9,01,5044,HOLLISTER,203,19,M,13:00,16:00
102301,CIVL-3040,9,01,5045,KEITHHALL,103,19,MWF,14:00,14:50
102302,CIVL-3060,9,01,5046,WESTGATEH,201,19,MWF,13:00,13:50
102303,CIVL-4030,9,01,5047,KEITHHALL,103,19,TR,15:30,16:45
102304,MATL-3005,9,01,5140,GERBERHAL,203,18,R,13:00,16:00
102305,MATL-3005,9,02,5142,GERBERHAL,206,18,W,13:00,16:00
102306,AERO-1015,9,01,5011,HOLLISTER,205,17,M,13:00,16:00
102307,AERO-1015,9,02,5012,GERBERHAL,203,17,R,09:00,12:00
102308,CHEM-3010,9,01,5025,GERBERHAL,205,16,F,13:00,16:00
102309,CHEM-3010,9,02,5026,GERBERHAL,205,16,R,13:00,16:00
102310,CIVL-1015,9,01,5048,GERBERHAL,205,16,R,09:00,12:00
102311,CIVL-1015,9,02,5049,KEITHHALL,203,16,R,13:00,16:00
102312,EENG-1010,9,01,5094,KEITHHALL,205,16,R,13:00,16:00
102313,EENG-1010,9,02,5095,KRIEBELHA,206,16,R,13:00,16:00
102314,COMP-1020,9,01,5064,HORNCOMPU,103,15,R,13:00,16:00
102315,COMP-1020,9,02,5065,HORNCOMPU,103,15,W,13:00,16:00
102316,MANU-1010,9,01,5122,MUSTARDHA,203,15,R,13:00,16:00
102317,MANU-1010,9,02,5123,KEITHHALL,203,15,R,09:00,12:00
102318,CHEM-3045,9,01,5027,HORNLIBRA,101,13,M,16:00,17:50
102319,CHEM-3045,9,02,5028,HORNLIBRA,101,13,F,13:00,14:50
102320,AERO-1005,9,01,5013,KRIEBELHA,103,12,MWF,14:00,14:50
102321,AERO-2005,9,01,5014,HOLLISTER,201,12,MWF,09:00,09:50
102322,AERO-2010,9,01,5002,GERBERHAL,205,12,T,13:00,16:00
102323,CHEM-2010,9,01,5029,LUKSICHAL,202,12,TR,12:30,13:45
102324,CHEM-2015,9,01,5030,KRIEBELHA,103,12,TR,15:30,16:45
102325,CHEM-2020,9,01,5031,GERBERHAL,205,12,M,13:00,16:00
102326,CHMY-1005,9,01,5034,LUKSICHAL,104,12,MWF,14:00,14:50
102327,CHMY-1010,9,01,5035,KEITHHALL,203,12,M,13:00,16:00
102328,CHMY-2005,9,01,5036,HOLLISTER,201,12,MWF,10:00,10:50
102329,CIVL-1005,9,01,5050,KEITHHALL,103,12,MWF,10:00,10:50
102330,CIVL-2010,9,01,5053,LUKSICHAL,201,12,MWF,14:00,14:50
102331,CIVL-2015,9,01,5054,LUKSICHAL,202,12,MWF,11:00,11:50
102332,CIVL-3005,9,01,5040,LUKSICHAL,202,12,MWF,14:00,14:50
102333,CIVL-3010,9,01,5042,KEITHHALL,203,12,T,13:00,16:00
102334,COMP-1005,9,01,5066,LUKSICHAL,104,12,TR,14:00,15:15
102335,COMP-1010,9,01,5068,HORNCOMPU,104,12,M,13:00,16:00
102336,COMP-2010,9,01,5069,KRIEBELHA,103,12,TR,08:00,09:15
102337,COMP-3010,9,01,5070,LUKSICHAL,104,12,TR,11:00,12:15
102338,COMP-4010,9,01,5071,HORNLIBRA,103,12,W,16:00,17:50
102339,COMP-4010,9,02,5055,HORNLIBRA,103,12,M,16:00,17:50
102340,COMP-4010,9,03,5056,HORNLIBRA,103,12,T,16:00,17:50
102341,EENG-1015,9,01,5098,KEITHHALL,103,12,TR,09:30,10:45
102342,EENG-2005,9,01,5085,KEITHHALL,103,12,MWF,09:00,09:50
102343,EENG-2010,9,01,5087,GERBERHAL,205,12,T,09:00,12:00
102344,EENG-2015,9,01,5086,KRIEBELHA,202,12,MWF,13:00,13:50
102345,EENG-3010,9,01,5090,LUKSICHAL,201,12,TR,11:00,12:15
102346,ENGR-1005,9,01,5080,MUSTARDHA,104,12,TR,12:30,13:45
102347,ENGR-1015,9,01,5083,LUKSICHAL,104,12,TR,15:30,16:45
102348,ENGR-2005,9,01,5072,KRIEBELHA,103,12,MWF,09:00,09:50
102349,ENGR-3005,9,01,5073,MUSTARDHA,104,12,MWF,11:00,11:50
102350,MANU-1005,9,01,5124,LUKSICHAL,201,12,TR,15:30,16:45
102351,MANU-2015,9,01,5126,KEITHHALL,205,12,T,13:00,16:00
102352,MANU-2020,9,01,5127,LUKSICHAL,202,12,TR,11:00,12:15
102353,MANU-3005,9,01,5115,LUKSICHAL,104,12,TR,08:00,09:15
102354,MANU-3010,9,01,5116,MUSTARDHA,104,12,MWF,14:00,14:50
102355,MATH-1005,9,01,5174,MUSTARDHA,105,12,MWF,13:00,13:50
102356,MATH-2010,9,01,5175,HOLLISTER,103,12,MWF,15:00,15:50
102357,MATH-2020,9,01,5176,MUSTARDHA,104,12,TR,11:00,12:15
102358,MATH-3010,9,01,5177,MUSTARDHA,202,12,MWF,13:00,13:50
102359,MATH-3015,9,01,5160,LUKSICHAL,202,12,TR,15:30,16:45
102360,MATL-2005,9,01,5143,MALLOYHAL,201,12,MWF,11:00,11:50
102361,MATL-2015,9,01,5144,KRIEBELHA,103,12,MWF,10:00,10:50
102362,MATL-3010,9,01,5145,LUKSICHAL,104,12,MWF,09:00,09:50
102363,MATL-3015,9,01,5129,KEITHHALL,203,12,T,09:00,12:00
102364,MECH-2015,9,01,5154,MUSTARDHA,104,12,TR,15:30,16:45
102365,MECH-2020,9,01,5155,SULLIVANB,201,12,MWF,11:00,11:50
102366,MECH-2025,9,01,5156,KEITHHALL,203,12,F,13:00,16:00
102367,MECH-3010,9,01,5157,KEITHHALL,205,12,M,13:00,16:00
102368,MECH-3015,9,01,5158,HOLLISTER,201,12,MWF,08:00,08:50
102369,NUCL-1005,9,01,5195,MALLOYHAL,201,12,TR,15:30,16:45
102370,NUCL-2005,9,01,5178,LUKSICHAL,201,12,MWF,09:00,09:50
102371,NUCL-3010,9,01,5179,SULLIVANB,201,12,TR,15:30,16:45
102372,NUCL-3020,9,01,5180,KEITHHALL,205,12,F,13:00,16:00
102373,PHYS-1015,9,01,5200,HOLLISTER,201,12,MWF,15:00,15:50
102374,PHYS-1020,9,01,5201,MALLOYHAL,203,12,R,13:00,16:00
102375,ENGR-1010,11,01,5072,GERBERHAL,105,36,TR,14:00,15:15
102376,ENGR-1010,11,02,5073,GERBERHAL,105,36,TR,08:00,09:15
102377,ENGR-1010,11,03,5074,GERBERHAL,105,36,MWF,09:00,09:50
102378,ENGR-1010,11,04,5075,GERBERHAL,105,36,MWF,11:00,11:50
102379,ENGR-1010,11,05,5076,GERBERHAL,105,36,TR,12:30,13:45
102380,ENGR-1010,11,06,5077,GERBERHAL,105,36,MWF,10:00,10:50
102381,ENGR-1010,11,07,5078,GERBERHAL,201,36,MWF,09:00,09:50
102382,ENGR-1010,11,08,5079,GERBERHAL,201,36,TR,14:00,15:15
102383,MATH-1010,11,01,5160,GERBERHAL,105,36,MWF,08:00,08:50
102384,MATH-1010,11,02,5161,GERBERHAL,105,36,TR,09:30,10:45
102385,MATH-1010,11,03,5162,GERBERHAL,105,36,TR,11:00,12:15
102386,MATH-1010,11,04,5163,GERBERHAL,105,36,MWF,13:00,13:50
102387,MATH-1010,11,05,5164,GERBERHAL,105,36,MWF,15:00,15:50
102388,MATH-1010,11,06,5165,GERBERHAL,201,36,TR,12:30,13:45
102389,MATH-1010,11,07,5166,GERBERHAL,201,36,MWF,08:00,08:50
102390,MATH-1010,11,08,5167,HOLLISTER,105,36,TR,12:30,13:45
102391,MATL-1005,11,01,5129,HOLLISTER,105,36,TR,14:00,15:15
102392,MATL-1010,11,01,5130,GERBERHAL,201,36,MWF,11:00,11:50
102393,MATL-2010,11,01,5131,GERBERHAL,201,36,MWF,13:00,13:50
102394,MATL-4010,11,01,5132,GERBERHAL,201,36,MWF,15:00,15:50
102395,PHYS-1005,11,01,5197,HOLLISTER,105,36,MWF,11:00,11:50
102396,PHYS-1005,11,02,5198,HOLLISTER,105,36,MWF,13:00,13:50
102397,PHYS-1005,11,03,5199,HOLLISTER,105,36,MWF,08:00,08:50
102398,PHYS-1005,11,04,5200,GERBERHAL,201,36,TR,08:00,09:15
102399,PHYS-1005,11,05,5201,HOLLISTER,105,36,TR,08:00,09:15
102400,PHYS-1005,11,06,5202,HOLLISTER,105,36,MWF,09:00,09:50
102401,PHYS-1005,11,07,5203,GERBERHAL,201,36,MWF,10:00,10:50
102402,PHYS-1005,11,08,5204,HOLLISTER,106,36,MWF,13:00,13:50
102403,AERO-1010,11,01,5001,GERBERHAL,105,33,TR,15:30,16:45
102404,AERO-2015,11,01,5002,GERBERHAL,201,33,TR,15:30,16:45
102405,AERO-2020,11,01,5003,HOLLISTER,106,33,MWF,09:00,09:50
102406,AERO-3005,11,01,5004,HOLLISTER,202,33,MWF,09:00,09:50
102407,AERO-4010,11,01,5005,KEITHHALL,106,33,MWF,09:00,09:50
102408,CHEM-1005,11,01,5016,KUROMAKUH,104,32,MWF,10:00,10:50
102409,CHEM-2005,11,01,5017,KUROMAKUH,104,32,MWF,08:00,08:50
102410,CHEM-3005,11,01,5018,KUROMAKUH,104,32,MWF,09:00,09:50
102411,CHEM-3015,11,01,5019,KUROMAKUH,104,32,MWF,13:00,13:50
102412,CHEM-4010,11,01,5020,KUROMAKUH,106,32,MWF,10:00,10:50
102413,CHMY-1015,11,01,5033,KUROMAKUH,104,32,TR,08:00,09:15
102414,CIVL-1010,11,01,5040,KUROMAKUH,104,32,MWF,15:00,15:50
102415,CIVL-2005,11,01,5041,KEITHHALL,105,32,MWF,10:00,10:50
102416,CIVL-4010,11,01,5042,KUROMAKUH,104,32,TR,14:00,15:15
102417,EENG-1005,11,01,5085,KUROMAKUH,106,32,MWF,09:00,09:50
102418,EENG-3005,11,01,5086,KUROMAKUH,106,32,MWF,08:00,08:50
102419,EENG-4010,11,01,5087,KUROMAKUH,106,32,TR,14:00,15:15
102420,MATH-2005,11,01,5168,KUROMAKUH,104,31,MWF,11:00,11:50
102421,MATH-2005,11,02,5169,KUROMAKUH,106,31,MWF,11:00,11:50
102422,MATH-2005,11,03,5170,KRIEBELHA,201,31,MWF,10:00,10:50
102423,MATH-3005,11,01,5171,KEITHHALL,105,31,MWF,08:00,08:50
102424,MATH-3005,11,02,5172,KEITHHALL,105,31,TR,14:00,15:15
102425,COMP-1015,11,01,5055,KUROMAKUH,106,30,TR,08:00,09:15
102426,COMP-2005,11,01,5056,KUROMAKUH,104,30,MWF,14:00,14:50
102427,COMP-3005,11,01,5057,KEITHHALL,105,30,MWF,09:00,09:50
102428,MANU-2005,11,01,5115,KUROMAKUH,104,30,TR,15:30,16:45
102429,MANU-2010,11,01,5116,KUROMAKUH,104,30,TR,09:30,10:45
102430,MANU-4010,11,01,5117,KEITHHALL,105,30,MWF,11:00,11:50
102431,MATH-2015,11,01,5173,KRIEBELHA,201,30,MWF,11:00,11:50
102432,MECH-2005,11,01,5146,KUROMAKUH,105,28,MWF,13:00,13:50
102433,MECH-2010,11,01,5147,KUROMAKUH,105,28,MWF,14:00,14:50
102434,MECH-3005,11,01,5148,KUROMAKUH,105,28,TR,15:30,16:45
102435,MECH-4010,11,01,5149,KUROMAKUH,105,28,TR,08:00,09:15
102436,HUMN-1005,11,01,5100,KUROMAKUH,105,26,TR,11:00,12:15
102437,HUMN-1005,11,02,5101,KUROMAKUH,105,26,MWF,08:00,08:50
102438,HUMN-1010,11,01,5102,GERBERHAL,103,26,MWF,08:00,08:50
102439,HUMN-1010,11,02,5103,GERBERHAL,103,26,MWF,14:00,14:50
102440,HUMN-1015,11,01,5104,KUROMAKUH,105,26,MWF,15:00,15:50
102441,HUMN-1015,11,02,5105,GERBERHAL,103,26,TR,08:00,09:15
102442,HUMN-2005,11,01,5106,HOLLISTER,102,26,TR,08:00,09:15
102443,HUMN-2005,11,02,5107,HOLLISTER,102,26,MWF,08:00,08:50
102444,HUMN-2010,11,01,5108,GERBERHAL,103,26,TR,11:00,12:15
102445,HUMN-2010,11,02,5109,KUROMAKUH,105,26,TR,14:00,15:15
102446,HUMN-2015,11,01,5110,KUROMAKUH,105,26,MWF,10:00,10:50
102447,HUMN-2015,11,02,5111,GERBERHAL,103,26,MWF,15:00,15:50
102448,HUMN-3005,11,01,5112,KUROMAKUH,105,26,TR,09:30,10:45
102449,HUMN-3005,11,02,5114,HOLLISTER,103,26,TR,08:00,09:15
102450,HUMN-3010,11,01,5101,GERBERHAL,103,26,MWF,13:00,13:50
102451,HUMN-3010,11,02,5102,KUROMAKUH,105,26,TR,12:30,13:45
102452,SOCS-1005,11,01,5220,GERBERHAL,103,26,TR,15:30,16:45
102453,SOCS-1005,11,02,5221,GERBERHAL,103,26,TR,12:30,13:45
102454,SOCS-1010,11,01,5222,GERBERHAL,103,26,TR,14:00,15:15
102455,SOCS-1010,11,02,5223,HOLLISTER,102,26,MWF,13:00,13:50
102456,SOCS-2005,11,01,5224,HOLLISTER,102,26,TR,14:00,15:15
102457,SOCS-2005,11,02,5225,HOLLISTER,102,26,TR,11:00,12:15
102458,SOCS-2010,11,01,5226,HOLLISTER,102,26,MWF,14:00,14:50
102459,SOCS-2010,11,02,5227,GERBERHAL,103,26,MWF,10:00,10:50
102460,SOCS-2015,11,01,5228,HOLLISTER,103,26,MWF,13:00,13:50
102461,SOCS-2015,11,02,5229,HOLLISTER,102,26,MWF,10:00,10:50
102462,SOCS-3005,11,01,5230,KUROMAKUH,105,26,MWF,11:00,11:50
102463,SOCS-3005,11,02,5231,HOLLISTER,102,26,MWF,15:00,15:50
102464,SOCS-3010,11,01,5220,HOLLISTER,103,26,TR,11:00,12:15
102465,SOCS-3010,11,02,5222,HOLLISTER,201,26,TR,11:00,12:15
102466,SOCS-3015,11,01,5223,HOLLISTER,103,26,TR,14:00,15:15
102467,SOCS-3015,11,02,5224,GERBERHAL,103,26,TR,09:30,10:45
102468,PHYS-2005,11,01,5205,HOLLISTER,201,25,TR,14:00,15:15
102469,PHYS-2005,11,02,5206,KEITHHALL,103,25,TR,14:00,15:15
102470,PHYS-2005,11,03,5207,HOLLISTER,102,25,TR,15:30,16:45
102471,MANU-3025,11,01,5118,HOLLISTER,103,23,MWF,14:00,14:50
102472,MANU-4015,11,01,5119,HOLLISTER,201,23,MWF,14:00,14:50
102473,MANU-4040,11,01,5120,HOLLISTER,103,23,MWF,10:00,10:50
102474,MANU-4060,11,01,5121,HOLLISTER,103,23,TR,15:30,16:45
102475,CHEM-3025,11,01,5021,HOLLISTER,102,21,TR,09:30,10:45
102476,CHEM-3030,11,01,5022,HOLLISTER,103,21,MWF,15:00,15:50
102477,CHEM-4015,11,01,5023,HOLLISTER,201,21,MWF,13:00,13:50
102478,CHEM-4020,11,01,5024,HOLLISTER,201,21,TR,15:30,16:45
102479,CHEM-4040,11,01,5025,KRIEBELHA,103,21,TR,14:00,15:15
102480,EENG-3030,11,01,5088,GERBERHAL,103,21,MWF,11:00,11:50
102481,EENG-3050,11,01,5089,KUROMAKUH,201,21,R,13:00,16:00
102482,EENG-3100,11,01,5090,HOLLISTER,201,21,TR,08:00,09:15
102483,EENG-3120,11,01,5091,KUROMAKUH,201,21,T,09:00,12:00
102484,EENG-4020,11,01,5092,HOLLISTER,102,21,MWF,11:00,11:50
102485,EENG-4110,11,01,5093,GERBERHAL,204,21,R,13:00,16:00
102486,MATL-3020,11,01,5133,HOLLISTER,103,21,MWF,08:00,08:50
102487,MATL-3035,11,01,5134,KUROMAKUH,201,21,M,13:00,16:00
102488,MATL-3040,11,01,5135,HOLLISTER,102,21,TR,12:30,13:45
102489,MATL-3055,11,01,5136,HOLLISTER,103,21,MWF,11:00,11:50
102490,MATL-3060,11,01,5137,KUROMAKUH,105,21,MWF,09:00,09:50
102491,MATL-4025,11,01,5138,LUKSICHAL,104,21,TR,14:00,15:15
102492,MATL-4030,11,01,5139,KEITHHALL,103,21,TR,08:00,09:15
102493,MECH-3030,11,01,5150,HOLLISTER,201,21,MWF,08:00,08:50
102494,MECH-3050,11,01,5151,HOLLISTER,201,21,MWF,15:00,15:50
102495,MECH-4020,11,01,5152,KEITHHALL,103,21,TR,11:00,12:15
102496,MECH-4040,11,01,5153,HOLLISTER,201,21,MWF,11:00,11:50
102497,AERO-3010,11,01,5006,KEITHHALL,103,20,MWF,15:00,15:50
102498,AERO-3025,11,01,5007,KEITHHALL,103,20,MWF,08:00,08:50
102499,AERO-3030,11,01,5008,KEITHHALL,103,20,MWF,14:00,14:50
102500,AERO-4020,11,01,5009,KUROMAKUH,202,20,T,13:00,16:00
102501,AERO-4040,11,01,5010,HOLLISTER,201,20,MWF,10:00,10:50
102502,COMP-3025,11,01,5058,KEITHHALL,103,20,TR,15:30,16:45
102503,COMP-3030,11,01,5059,HORNCOMPU,103,20,T,09:00,12:00
102504,COMP-3045,11,01,5060,GERBERHAL,103,20,MWF,09:00,09:50
102505,COMP-4015,11,01,5061,KRIEBELHA,103,20,MWF,08:00,08:50
102506,COMP-4035,11,01,5062,HOLLISTER,103,20,TR,12:30,13:45
102507,COMP-4055,11,01,5063,HORNCOMPU,103,20,T,13:00,16:00
102508,NUCL-1010,11,01,5178,KRIEBELHA,103,20,MWF,14:00,14:50
102509,NUCL-1010,11,02,5179,HOLLISTER,103,20,TR,09:30,10:45
102510,NUCL-2010,11,01,5180,KEITHHALL,103,20,MWF,10:00,10:50
102511,NUCL-2010,11,02,5181,KRIEBELHA,103,20,MWF,10:00,10:50
102512,NUCL-3005,11,01,5182,LUKSICHAL,201,20,TR,14:00,15:15
102513,NUCL-3005,11,02,5183,LUKSICHAL,104,20,MWF,10:00,10:50
102514,NUCL-3015,11,01,5184,KUROMAKUH,202,20,T,09:00,12:00
102515,NUCL-3015,11,02,5185,KUROMAKUH,202,20,R,09:00,12:00
102516,NUCL-3035,11,01,5186,KRIEBELHA,103,20,TR,08:00,09:15
102517,NUCL-3040,11,01,5187,KRIEBELHA,103,20,MWF,15:00,15:50
102518,NUCL-3060,11,01,5188,KUROMAKUH,203,20,R,09:00,12:00
102519,NUCL-4010,11,01,5189,LUKSICHAL,104,20,TR,08:00,09:15
102520,NUCL-4010,11,02,5190,LUKSICHAL,104,20,MWF,15:00,15:50
102521,NUCL-4025,11,01,5191,LUKSICHAL,104,20,MWF,14:00,14:50
102522,NUCL-4030,11,01,5193,HOLLISTER,201,20,TR,09:30,10:45
102523,NUCL-4050,11,01,5195,LUKSICHAL,201,20,MWF,15:00,15:50
102524,PHYS-1010,11,01,5208,KUROMAKUH,202,20,W,13:00,16:00
102525,PHYS-1010,11,02,5209,GERBERHAL,203,20,R,09:00,12:00
102526,PHYS-1010,11,03,5210,KUROMAKUH,202,20,M,13:00,16:00
102527,PHYS-1010,11,04,5211,KUROMAKUH,202,20,F,13:00,16:00
102528,PHYS-1010,11,05,5212,KUROMAKUH,203,20,M,13:00,16:00
102529,PHYS-1010,11,06,5213,GERBERHAL,203,20,M,13:00,16:00
102530,PHYS-1010,11,07,5214,GERBERHAL,206,20,M,13:00,16:00
102531,PHYS-1010,11,08,5217,KUROMAKUH,203,20,T,09:00,12:00
102532,PHYS-1010,11,09,5218,KUROMAKUH,203,20,T,13:00,16:00
102533,PHYS-1010,11,10,5219,HOLLISTER,203,20,M,13:00,16:00
102534,PHYS-1010,11,11,5197,GERBERHAL,203,20,T,13:00,16:00
102535,PHYS-1010,11,12,5199,KUROMAKUH,203,20,F,13:00,16:00
102536,PHYS-1010,11,13,5198,GERBERHAL,203,20,T,09:00,12:00
102537,CIVL-3020,11,01,5043,KUROMAKUH,203,19,W,13:00,16:00
102538,CIVL-3035,11,01,5044,KEITHHALL,103,19,TR,09:30,10:45
102539,CIVL-3055,11,01,5045,KUROMAKUH,202,19,R,13:00,16:00
102540,CIVL-4025,11,01,5046,LUKSICHAL,202,19,MWF,15:00,15:50
102541,CIVL-4045,11,01,5047,KEITHHALL,103,19,MWF,13:00,13:50
102542,MATL-3005,11,01,5140,GERBERHAL,206,18,T,13:00,16:00
102543,MATL-3005,11,02,5142,GERBERHAL,206,18,R,09:00,12:00
102544,AERO-1015,11,01,5011,KUROMAKUH,203,17,R,13:00,16:00
102545,AERO-1015,11,02,5013,HOLLISTER,205,17,M,13:00,16:00
102546,CHEM-3010,11,01,5026,GERBERHAL,205,16,T,13:00,16:00
102547,CHEM-3010,11,02,5027,GERBERHAL,205,16,M,13:00,16:00
102548,CIVL-1015,11,01,5048,GERBERHAL,205,16,T,09:00,12:00
102549,CIVL-1015,11,02,5049,KEITHHALL,203,16,T,13:00,16:00
102550,EENG-1010,11,01,5094,KEITHHALL,203,16,T,09:00,12:00
102551,EENG-1010,11,02,5095,GERBERHAL,205,16,W,13:00,16:00
102552,COMP-1020,11,01,5064,HORNCOMPU,103,15,M,13:00,16:00
102553,COMP-1020,11,02,5065,HORNCOMPU,103,15,R,13:00,16:00
102554,MANU-1010,11,01,5122,KEITHHALL,203,15,M,13:00,16:00
102555,MANU-1010,11,02,5123,GERBERHAL,205,15,F,13:00,16:00
102556,AERO-1005,11,01,5014,KRIEBELHA,103,12,TR,15:30,16:45
102557,AERO-2005,11,01,5001,LUKSICHAL,104,12,MWF,08:00,08:50
102558,AERO-2010,11,01,5003,KEITHHALL,205,12,T,13:00,16:00
102559,CHEM-2010,11,01,5029,LUKSICHAL,201,12,TR,08:00,09:15
102560,CHEM-2015,11,01,5030,LUKSICHAL,202,12,TR,14:00,15:15
102561,CHEM-2020,11,01,5031,GERBERHAL,205,12,R,09:00,12:00
102562,CHEM-3045,11,01,5032,HORNLIBRA,103,12,W,16:00,17:50
102563,CHEM-3045,11,02,5017,HORNLIBRA,103,12,F,15:00,16:50
102564,CHMY-1005,11,01,5034,KRIEBELHA,103,12,TR,11:00,12:15
102565,CHMY-1010,11,01,5035,KEITHHALL,203,12,R,09:00,12:00
102566,CHMY-2005,11,01,5036,LUKSICHAL,202,12,TR,08:00,09:15
102567,CIVL-1005,11,01,5050,LUKSICHAL,201,12,MWF,08:00,08:50
102568,CIVL-2010,11,01,5051,LUKSICHAL,202,12,MWF,08:00,08:50
102569,CIVL-2015,11,01,5053,MUSTARDHA,104,12,TR,14:00,15:15
102570,CIVL-3005,11,01,5040,MUSTARDHA,104,12,TR,08:00,09:15
102571,CIVL-3010,11,01,5042,KEITHHALL,205,12,T,09:00,12:00
102572,COMP-1005,11,01,5066,KEITHHALL,103,12,MWF,11:00,11:50
102573,COMP-1010,11,01,5067,HORNCOMPU,103,12,F,13:00,16:00
102574,COMP-2010,11,01,5069,KRIEBELHA,103,12,MWF,13:00,13:50
102575,COMP-3010,11,01,5070,LUKSICHAL,201,12,MWF,10:00,10:50
102576,COMP-4010,11,01,5071,HORNLIBRA,103,12,F,13:00,14:50
102577,COMP-4010,11,02,5055,HORNLIBRA,103,12,T,16:00,17:50
102578,COMP-4010,11,03,5056,HORNLIBRA,103,12,M,16:00,17:50
102579,EENG-1015,11,01,5097,LUKSICHAL,104,12,TR,11:00,12:15
102580,EENG-2005,11,01,5098,LUKSICHAL,202,12,MWF,10:00,10:50
102581,EENG-2010,11,01,5085,KRIEBELHA,206,12,T,09:00,12:00
102582,EENG-2015,11,01,5087,MUSTARDHA,104,12,MWF,08:00,08:50
102583,EENG-3010,11,01,5086,HOLLISTER,201,12,TR,12:30,13:45
102584,ENGR-1005,11,01,5080,MALLOYHAL,201,12,MWF,08:00,08:50
102585,ENGR-1015,11,01,5083,SULLIVANB,201,12,MWF,08:00,08:50
102586,ENGR-2005,11,01,5072,LUKSICHAL,201,12,TR,11:00,12:15
102587,ENGR-3005,11,01,5073,KRIEBELHA,103,12,TR,09:30,10:45
102588,MANU-1005,11,01,5124,KEITHHALL,103,12,TR,12:30,13:45
102589,MANU-2015,11,01,5126,KEITHHALL,205,12,R,09:00,12:00
102590,MANU-2020,11,01,5127,LUKSICHAL,104,12,TR,09:30,10:45
102591,MANU-3005,11,01,5115,MALLOYHAL,201,12,TR,14:00,15:15
102592,MANU-3010,11,01,5116,SULLIVANB,201,12,TR,14:00,15:15
102593,MATH-1005,11,01,5174,WESTGATEH,103,12,MWF,08:00,08:50
102594,MATH-2010,11,01,5175,MUSTARDHA,104,12,MWF,10:00,10:50
102595,MATH-2020,11,01,5176,KRIEBELHA,103,12,MWF,11:00,11:50
102596,MATH-3010,11,01,5177,KRIEBELHA,103,12,TR,12:30,13:45
102597,MATH-3015,11,01,5160,MUSTARDHA,104,12,MWF,15:00,15:50
102598,MATL-2005,11,01,5143,LUKSICHAL,104,12,MWF,11:00,11:50
102599,MATL-2015,11,01,5144,MALLOYHAL,201,12,TR,08:00,09:15
102600,MATL-3010,11,01,5145,MALLOYHAL,201,12,MWF,10:00,10:50
102601,MATL-3015,11,01,5129,KEITHHALL,205,12,M,13:00,16:00
102602,MECH-2015,11,01,5154,WESTGATEH,103,12,TR,14:00,15:15
102603,MECH-2020,11,01,5155,SULLIVANB,201,12,TR,08:00,09:15
102604,MECH-2025,11,01,5156,KEITHHALL,203,12,F,13:00,16:00
102605,MECH-3010,11,01,5158,KRIEBELHA,206,12,R,09:00,12:00
102606,MECH-3015,11,01,5159,LUKSICHAL,201,12,TR,09:30,10:45
102607,NUCL-1005,11,01,5179,LUKSICHAL,201,12,MWF,14:00,14:50
102608,NUCL-2005,11,01,5180,LUKSICHAL,202,12,MWF,14:00,14:50
102609,NUCL-3010,11,01,5178,LUKSICHAL,104,12,MWF,13:00,13:50
102610,NUCL-3020,11,01,5182,KEITHHALL,203,12,W,13:00,16:00
102611,PHYS-1015,11,01,5200,LUKSICHAL,202,12,TR,11:00,12:15
102612,PHYS-1020,11,01,5201,KEITHHALL,205,12,W,13:00,16:00
102613,ENGR-1010,12,01,5072,GERBERHAL,105,36,MWF,08:00,08:50
102614,ENGR-1010,12,02,5073,GERBERHAL,105,36,TR,12:30,13:45
102615,ENGR-1010,12,03,5074,GERBERHAL,105,36,MWF,13:00,13:50
102616,ENGR-1010,12,04,5075,GERBERHAL,105,36,MWF,15:00,15:50
102617,ENGR-1010,12,05,5076,GERBERHAL,105,36,MWF,09:00,09:50
102618,ENGR-1010,12,06,5077,GERBERHAL,105,36,MWF,10:00,10:50
102619,ENGR-1010,12,07,5078,GERBERHAL,201,36,MWF,10:00,10:50
102620,ENGR-1010,12,08,5079,GERBERHAL,201,36,MWF,13:00,13:50
102621,MATH-1010,12,01,5160,GERBERHAL,105,36,TR,08:00,09:15
102622,MATH-1010,12,02,5161,GERBERHAL,201,36,MWF,15:00,15:50
102623,MATH-1010,12,03,5162,GERBERHAL,105,36,TR,09:30,10:45
102624,MATH-1010,12,04,5163,GERBERHAL,105,36,TR,14:00,15:15
102625,MATH-1010,12,05,5164,HOLLISTER,105,36,MWF,10:00,10:50
102626,MATH-1010,12,06,5165,GERBERHAL,201,36,MWF,08:00,08:50
102627,MATH-1010,12,07,5166,GERBERHAL,201,36,MWF,09:00,09:50
102628,MATH-1010,12,08,5167,GERBERHAL,105,36,TR,11:00,12:15
102629,MATL-1005,12,01,5129,HOLLISTER,105,36,MWF,13:00,13:50
102630,MATL-1010,12,01,5130,GERBERHAL,201,36,TR,11:00,12:15
102631,MATL-2010,12,01,5131,GERBERHAL,201,36,TR,09:30,10:45
102632,MATL-4010,12,01,5132,HOLLISTER,106,36,MWF,10:00,10:50
102633,PHYS-1005,12,01,5197,GERBERHAL,105,36,TR,15:30,16:45
102634,PHYS-1005,12,02,5198,HOLLISTER,202,36,MWF,10:00,10:50
102635,PHYS-1005,12,03,5199,HOLLISTER,105,36,MWF,15:00,15:50
102636,PHYS-1005,12,04,5200,KEITHHALL,106,36,MWF,10:00,10:50
102637,PHYS-1005,12,05,5201,HOLLISTER,106,36,MWF,13:00,13:50
102638,PHYS-1005,12,06,5202,HOLLISTER,105,36,MWF,09:00,09:50
102639,PHYS-1005,12,07,5203,HOLLISTER,106,36,MWF,09:00,09:50
102640,PHYS-1005,12,08,5204,GERBERHAL,201,36,TR,14:00,15:15
102641,AERO-1010,12,01,5001,HOLLISTER,105,33,TR,11:00,12:15
102642,AERO-2015,12,01,5002,HOLLISTER,202,33,MWF,13:00,13:50
102643,AERO-2020,12,01,5003,KEITHHALL,106,33,MWF,13:00,13:50
102644,AERO-3005,12,01,5004,GERBERHAL,201,33,TR,12:30,13:45
102645,AERO-4010,12,01,5005,HOLLISTER,105,33,TR,12:30,13:45
102646,CHEM-1005,12,01,5016,KUROMAKUH,104,32,TR,08:00,09:15
102647,CHEM-2005,12,01,5017,KUROMAKUH,106,32,TR,08:00,09:15
102648,CHEM-3005,12,01,5018,KUROMAKUH,104,32,MWF,09:00,09:50
102649,CHEM-3015,12,01,5019,KUROMAKUH,104,32,MWF,10:00,10:50
102650,CHEM-4010,12,01,5020,KUROMAKUH,104,32,MWF,15:00,15:50
102651,CHMY-1015,12,01,5033,KUROMAKUH,104,32,MWF,14:00,14:50
102652,CIVL-1010,12,01,5040,KUROMAKUH,106,32,MWF,15:00,15:50
102653,CIVL-2005,12,01,5041,KUROMAKUH,104,32,MWF,11:00,11:50
102654,CIVL-4010,12,01,5042,KUROMAKUH,104,32,TR,15:30,16:45
102655,EENG-1005,12,01,5085,KEITHHALL,105,32,TR,08:00,09:15
102656,EENG-3005,12,01,5086,KUROMAKUH,104,32,MWF,08:00,08:50
102657,EENG-4010,12,01,5087,KUROMAKUH,106,32,MWF,11:00,11:50
102658,MATH-2005,12,01,5168,KUROMAKUH,106,31,TR,15:30,16:45
102659,MATH-2005,12,02,5169,KEITHHALL,105,31,MWF,15:00,15:50
102660,MATH-2005,12,03,5170,KUROMAKUH,104,31,TR,11:00,12:15
102661,MATH-3005,12,01,5171,KEITHHALL,105,31,MWF,11:00,11:50
102662,MATH-3005,12,02,5172,KUROMAKUH,104,31,TR,14:00,15:15
102663,COMP-1015,12,01,5055,KUROMAKUH,106,30,MWF,14:00,14:50
102664,COMP-2005,12,01,5056,KUROMAKUH,106,30,MWF,10:00,10:50
102665,COMP-3005,12,01,5057,KUROMAKUH,106,30,TR,11:00,12:15
102666,MANU-2005,12,01,5115,KRIEBELHA,201,30,MWF,15:00,15:50
102667,MANU-2010,12,01,5116,KEITHHALL,105,30,MWF,14:00,14:50
102668,MANU-4010,12,01,5117,KEITHHALL,105,30,TR,11:00,12:15
102669,MATH-2015,12,01,5173,KUROMAKUH,106,30,TR,14:00,15:15
102670,MECH-2005,12,01,5146,KUROMAKUH,105,28,TR,12:30,13:45
102671,MECH-2010,12,01,5147,KUROMAKUH,105,28,MWF,09:00,09:50
102672,MECH-3005,12,01,5148,KUROMAKUH,105,28,MWF,14:00,14:50
102673,MECH-4010,12,01,5149,KUROMAKUH,105,28,TR,15:30,16:45
102674,HUMN-1005,12,01,5100,KUROMAKUH,105,26,MWF,11:00,11:50
102675,HUMN-1005,12,02,5101,GERBERHAL,103,26,TR,15:30,16:45
102676,HUMN-1010,12,01,5102,KUROMAKUH,105,26,TR,14:00,15:15
102677,HUMN-1010,12,02,5103,KUROMAKUH,105,26,MWF,08:00,08:50
102678,HUMN-1015,12,01,5104,KUROMAKUH,105,26,MWF,13:00,13:50
102679,HUMN-1015,12,02,5105,HOLLISTER,102,26,TR,15:30,16:45
102680,HUMN-2005,12,01,5106,KUROMAKUH,105,26,MWF,10:00,10:50
102681,HUMN-2005,12,02,5107,GERBERHAL,103,26,MWF,08:00,08:50
102682,HUMN-2010,12,01,5108,GERBERHAL,103,26,MWF,10:00,10:50
102683,HUMN-2010,12,02,5109,HOLLISTER,103,26,TR,15:30,16:45
102684,HUMN-2015,12,01,5110,HOLLISTER,201,26,TR,15:30,16:45
102685,HUMN-2015,12,02,5111,KUROMAKUH,105,26,TR,08:00,09:15
102686,HUMN-3005,12,01,5112,KUROMAKUH,105,26,MWF,15:00,15:50
102687,HUMN-3005,12,02,5114,GERBERHAL,103,26,TR,12:30,13:45
102688,HUMN-3010,12,01,5101,GERBERHAL,103,26,MWF,15:00,15:50
102689,HUMN-3010,12,02,5102,HOLLISTER,102,26,MWF,15:00,15:50
102690,SOCS-1005,12,01,5220,GERBERHAL,103,26,MWF,11:00,11:50
102691,SOCS-1005,12,02,5221,GERBERHAL,103,26,MWF,09:00,09:50
102692,SOCS-1010,12,01,5222,HOLLISTER,103,26,MWF,15:00,15:50
102693,SOCS-1010,12,02,5223,HOLLISTER,102,26,MWF,08:00,08:50
102694,SOCS-2005,12,01,5224,HOLLISTER,201,26,MWF,15:00,15:50
102695,SOCS-2005,12,02,5225,KUROMAKUH,105,26,TR,09:30,10:45
102696,SOCS-2010,12,01,5226,HOLLISTER,102,26,MWF,11:00,11:50
102697,SOCS-2010,12,02,5227,GERBERHAL,103,26,MWF,13:00,13:50
102698,SOCS-2015,12,01,5228,GERBERHAL,103,26,TR,14:00,15:15
102699,SOCS-2015,12,02,5229,HOLLISTER,102,26,TR,14:00,15:15
102700,SOCS-3005,12,01,5230,GERBERHAL,103,26,TR,08:00,09:15
102701,SOCS-3005,12,02,5231,GERBERHAL,103,26,MWF,14:00,14:50
102702,SOCS-3010,12,01,5220,HOLLISTER,102,26,TR,12:30,13:45
102703,SOCS-3010,12,02,5222,HOLLISTER,103,26,TR,12:30,13:45
102704,SOCS-3015,12,01,5223,HOLLISTER,102,26,MWF,09:00,09:50
102705,SOCS-3015,12,02,5224,KUROMAKUH,105,26,TR,11:00,12:15
102706,PHYS-2005,12,01,5205,HOLLISTER,102,25,MWF,10:00,10:50
102707,PHYS-2005,12,02,5206,KEITHHALL,103,25,MWF,15:00,15:50
102708,PHYS-2005,12,03,5207,HOLLISTER,103,25,MWF,10:00,10:50
102709,MANU-3025,12,01,5118,HOLLISTER,103,23,MWF,08:00,08:50
102710,MANU-3030,12,01,5119,HOLLISTER,201,23,MWF,10:00,10:50
102711,MANU-4020,12,01,5120,GERBERHAL,103,23,TR,09:30,10:45
102712,MANU-4040,12,01,5121,HOLLISTER,103,23,TR,14:00,15:15
102713,CHEM-3025,12,01,5021,HOLLISTER,102,21,MWF,14:00,14:50
102714,CHEM-3030,12,01,5022,KEITHHALL,103,21,MWF,10:00,10:50
102715,CHEM-4015,12,01,5023,HOLLISTER,201,21,MWF,08:00,08:50
102716,CHEM-4020,12,01,5024,HOLLISTER,103,21,MWF,09:00,09:50
102717,CHEM-4040,12,01,5025,HOLLISTER,201,21,MWF,09:00,09:50
102718,EENG-3030,12,01,5088,KRIEBELHA,103,21,MWF,10:00,10:50
102719,EENG-3050,12,01,5089,KUROMAKUH,201,21,W,13:00,16:00
102720,EENG-3100,12,01,5090,KEITHHALL,103,21,TR,15:30,16:45
102721,EENG-3120,12,01,5091,KUROMAKUH,201,21,M,13:00,16:00
102722,EENG-4020,12,01,5092,GERBERHAL,103,21,TR,11:00,12:15
102723,EENG-4110,12,01,5093,KUROMAKUH,201,21,T,09:00,12:00
102724,MATL-3020,12,01,5133,LUKSICHAL,104,21,MWF,10:00,10:50
102725,MATL-3035,12,01,5134,GERBERHAL,204,21,T,09:00,12:00
102726,MATL-3040,12,01,5135,HOLLISTER,102,21,MWF,13:00,13:50
102727,MATL-3055,12,01,5136,KEITHHALL,103,21,MWF,09:00,09:50
102728,MATL-3060,12,01,5137,HOLLISTER,103,21,MWF,14:00,14:50
102729,MATL-4025,12,01,5138,KRIEBELHA,103,21,MWF,09:00,09:50
102730,MATL-4030,12,01,5139,KRIEBELHA,103,21,MWF,15:00,15:50
102731,MECH-3030,12,01,5150,HOLLISTER,103,21,MWF,13:00,13:50
102732,MECH-3050,12,01,5151,HOLLISTER,102,21,TR,08:00,09:15
102733,MECH-4020,12,01,5152,HOLLISTER,201,21,TR,14:00,15:15
102734,MECH-4040,12,01,5153,HOLLISTER,102,21,TR,09:30,10:45
102735,AERO-3010,12,01,5006,LUKSICHAL,104,20,MWF,15:00,15:50
102736,AERO-3025,12,01,5007,KRIEBELHA,103,20,TR,15:30,16:45
102737,AERO-3030,12,01,5008,HOLLISTER,201,20,MWF,13:00,13:50
102738,AERO-4020,12,01,5009,KUROMAKUH,202,20,R,09:00,12:00
102739,AERO-4040,12,01,5010,HOLLISTER,103,20,MWF,11:00,11:50
102740,COMP-3025,12,01,5058,KEITHHALL,103,20,MWF,13:00,13:50
102741,COMP-3045,12,01,5059,KEITHHALL,103,20,TR,14:00,15:15
102742,COMP-3050,12,01,5060,HOLLISTER,102,20,TR,11:00,12:15
102743,COMP-4015,12,01,5061,HOLLISTER,103,20,TR,08:00,09:15
102744,COMP-4035,12,01,5062,LUKSICHAL,201,20,MWF,10:00,10:50
102745,COMP-4040,12,01,5063,KRIEBELHA,103,20,MWF,13:00,13:50
102746,NUCL-1010,12,01,5178,LUKSICHAL,104,20,MWF,13:00,13:50
102747,NUCL-1010,12,02,5179,HOLLISTER,201,20,TR,08:00,09:15
102748,NUCL-2010,12,01,5180,KRIEBELHA,103,20,TR,14:00,15:15
102749,NUCL-2010,12,02,5181,KEITHHALL,103,20,TR,08:00,09:15
102750,NUCL-3005,12,01,5182,LUKSICHAL,201,20,MWF,13:00,13:50
102751,NUCL-3005,12,02,5183,HOLLISTER,201,20,MWF,11:00,11:50
102752,NUCL-3015,12,01,5184,KUROMAKUH,202,20,M,13:00,16:00
102753,NUCL-3015,12,02,5185,KUROMAKUH,202,20,T,09:00,12:00
102754,NUCL-3035,12,01,5186,HOLLISTER,201,20,MWF,14:00,14:50
102755,NUCL-3040,12,01,5187,LUKSICHAL,201,20,MWF,15:00,15:50
102756,NUCL-3060,12,01,5188,KUROMAKUH,203,20,T,09:00,12:00
102757,NUCL-4010,12,01,5189,LUKSICHAL,104,20,TR,14:00,15:15
102758,NUCL-4010,12,02,5190,LUKSICHAL,104,20,TR,15:30,16:45
102759,NUCL-4025,12,01,5191,KEITHHALL,103,20,MWF,11:00,11:50
102760,NUCL-4030,12,01,5193,LUKSICHAL,104,20,MWF,09:00,09:50
102761,NUCL-4050,12,01,5195,HOLLISTER,103,20,TR,09:30,10:45
102762,PHYS-1010,12,01,5208,KUROMAKUH,202,20,T,13:00,16:00
102763,PHYS-1010,12,02,5209,KUROMAKUH,202,20,F,13:00,16:00
102764,PHYS-1010,12,03,5210,KUROMAKUH,203,20,F,13:00,16:00
102765,PHYS-1010,12,04,5211,KUROMAKUH,203,20,R,09:00,12:00
102766,PHYS-1010,12,05,5212,GERBERHAL,203,20,R,09:00,12:00
102767,PHYS-1010,12,06,5213,KUROMAKUH,202,20,W,13:00,16:00
102768,PHYS-1010,12,07,5214,KUROMAKUH,203,20,T,13:00,16:00
102769,PHYS-1010,12,08,5217,GERBERHAL,203,20,T,09:00,12:00
102770,PHYS-1010,12,09,5218,KUROMAKUH,203,20,W,13:00,16:00
102771,PHYS-1010,12,10,5219,KUROMAKUH,202,20,R,13:00,16:00
102772,PHYS-1010,12,11,5197,GERBERHAL,203,20,F,13:00,16:00
102773,PHYS-1010,12,12,5198,GERBERHAL,206,20,F,13:00,16:00
102774,PHYS-1010,12,13,5199,GERBERHAL,206,20,T,09:00,12:00
102775,CIVL-3015,12,01,5043,LUKSICHAL,202,19,MWF,13:00,13:50
102776,CIVL-3035,12,01,5044,HOLLISTER,103,19,TR,11:00,12:15
102777,CIVL-3060,12,01,5045,HOLLISTER,201,19,TR,11:00,12:15
102778,CIVL-4025,12,01,5046,KEITHHALL,103,19,MWF,14:00,14:50
102779,CIVL-4050,12,01,5047,KRIEBELHA,103,19,TR,08:00,09:15
102780,MATL-3005,12,01,5140,GERBERHAL,203,18,T,13:00,16:00
102781,MATL-3005,12,02,5142,KUROMAKUH,203,18,R,13:00,16:00
102782,AERO-1015,12,01,5011,GERBERHAL,203,17,R,13:00,16:00
102783,AERO-1015,12,02,5013,HOLLISTER,203,17,T,09:00,12:00
102784,CHEM-3010,12,01,5026,GERBERHAL,205,16,M,13:00,16:00
102785,CHEM-3010,12,02,5027,GERBERHAL,205,16,T,13:00,16:00
102786,CIVL-1015,12,01,5048,GERBERHAL,205,16,R,09:00,12:00
102787,CIVL-1015,12,02,5049,KEITHHALL,203,16,R,09:00,12:00
102788,EENG-1010,12,01,5094,KEITHHALL,205,16,R,09:00,12:00
102789,EENG-1010,12,02,5095,GERBERHAL,205,16,T,09:00,12:00
102790,COMP-1020,12,01,5064,HORNCOMPU,103,15,R,09:00,12:00
102791,COMP-1020,12,02,5065,HORNCOMPU,103,15,M,13:00,16:00
102792,MANU-1010,12,01,5122,GERBERHAL,205,15,R,13:00,16:00
102793,MANU-1010,12,02,5123,KEITHHALL,203,15,T,13:00,16:00
102794,AERO-1005,12,01,5014,KEITHHALL,103,12,MWF,08:00,08:50
102795,AERO-2005,12,01,5001,HOLLISTER,201,12,TR,12:30,13:45
102796,AERO-2010,12,01,5004,KEITHHALL,203,12,M,13:00,16:00
102797,CHEM-2010,12,01,5029,LUKSICHAL,202,12,MWF,10:00,10:50
102798,CHEM-2015,12,01,5030,LUKSICHAL,201,12,MWF,09:00,09:50
102799,CHEM-2020,12,01,5031,GERBERHAL,205,12,F,13:00,16:00
102800,CHEM-3045,12,01,5032,HORNLIBRA,103,12,F,15:00,16:50
102801,CHEM-3045,12,02,5017,HORNLIBRA,103,12,T,16:00,17:50
102802,CHMY-1005,12,01,5034,KRIEBELHA,103,12,MWF,08:00,08:50
102803,CHMY-1010,12,01,5035,KEITHHALL,203,12,T,09:00,12:00
102804,CHMY-2005,12,01,5036,KEITHHALL,103,12,TR,12:30,13:45
102805,CIVL-1005,12,01,5050,HOLLISTER,201,12,TR,09:30,10:45
102806,CIVL-2010,12,01,5051,LUKSICHAL,202,12,MWF,15:00,15:50
102807,CIVL-2015,12,01,5053,LUKSICHAL,104,12,TR,08:00,09:15
102808,CIVL-3005,12,01,5040,MUSTARDHA,104,12,MWF,10:00,10:50
102809,CIVL-3010,12,01,5042,GERBERHAL,205,12,W,13:00,16:00
102810,COMP-1005,12,01,5066,LUKSICHAL,201,12,TR,15:30,16:45
102811,COMP-1010,12,01,5067,HORNCOMPU,103,12,W,13:00,16:00
102812,COMP-2010,12,01,5069,KEITHHALL,103,12,TR,09:30,10:45
102813,COMP-3010,12,01,5070,KRIEBELHA,103,12,MWF,11:00,11:50
102814,COMP-4010,12,01,5071,HORNLIBRA,104,12,T,16:00,17:50
102815,COMP-4010,12,02,5055,HORNLIBRA,101,12,T,16:00,17:50
102816,COMP-4010,12,03,5056,HORNLIBRA,103,12,W,13:00,14:50
102817,EENG-1015,12,01,5097,KRIEBELHA,103,12,MWF,14:00,14:50
102818,EENG-2005,12,01,5098,LUKSICHAL,202,12,TR,15:30,16:45
102819,EENG-2010,12,01,5085,KEITHHALL,203,12,F,13:00,16:00
102820,EENG-2015,12,01,5086,LUKSICHAL,202,12,MWF,09:00,09:50
102821,EENG-3010,12,01,5087,MUSTARDHA,104,12,MWF,15:00,15:50
102822,ENGR-1005,12,01,5080,KRIEBELHA,103,12,TR,09:30,10:45
102823,ENGR-1015,12,01,5083,KRIEBELHA,103,12,TR,12:30,13:45
102824,ENGR-2005,12,01,5072,MALLOYHAL,201,12,MWF,10:00,10:50
102825,ENGR-3005,12,01,5073,LUKSICHAL,104,12,MWF,14:00,14:50
102826,MANU-1005,12,01,5124,MALLOYHAL,201,12,MWF,15:00,15:50
102827,MANU-2015,12,01,5126,KEITHHALL,203,12,R,13:00,16:00
102828,MANU-2020,12,01,5127,LUKSICHAL,104,12,TR,09:30,10:45
102829,MANU-3005,12,01,5115,LUKSICHAL,104,12,TR,12:30,13:45
102830,MANU-3010,12,01,5116,MUSTARDHA,104,12,MWF,09:00,09:50
102831,MATH-1005,12,01,5174,LUKSICHAL,201,12,TR,14:00,15:15
102832,MATH-2010,12,01,5175,SULLIVANB,201,12,MWF,15:00,15:50
102833,MATH-2020,12,01,5176,WESTGATEH,103,12,MWF,15:00,15:50
102834,MATH-3010,12,01,5177,LUKSICHAL,202,12,TR,14:00,15:15
102835,MATH-3015,12,01,5160,LUKSICHAL,201,12,TR,09:30,10:45
102836,MATL-2005,12,01,5143,WESTGATEH,201,12,MWF,15:00,15:50
102837,MATL-2015,12,01,5144,MALLOYHAL,201,12,MWF,09:00,09:50
102838,MATL-3010,12,01,5145,SULLIVANB,201,12,MWF,10:00,10:50
102839,MATL-3015,12,01,5129,KEITHHALL,205,12,R,13:00,16:00
102840,MECH-2015,12,01,5154,MUSTARDHA,104,12,TR,14:00,15:15
102841,MECH-2020,12,01,5155,LUKSICHAL,201,12,MWF,14:00,14:50
102842,MECH-2025,12,01,5156,KRIEBELHA,206,12,R,13:00,16:00
102843,MECH-3010,12,01,5158,MUSTARDHA,203,12,R,13:00,16:00
102844,MECH-3015,12,01,5159,KEITHHALL,103,12,TR,11:00,12:15
102845,NUCL-1005,12,01,5178,LUKSICHAL,202,12,MWF,14:00,14:50
102846,NUCL-2005,12,01,5179,LUKSICHAL,104,12,MWF,08:00,08:50
102847,NUCL-3010,12,01,5180,MUSTARDHA,104,12,MWF,13:00,13:50
102848,NUCL-3020,12,01,5182,KEITHHALL,205,12,T,13:00,16:00
102849,PHYS-1015,12,01,5200,LUKSICHAL,202,12,TR,09:30,10:45
102850,PHYS-1020,12,01,5201,KRIEBELHA,206,12,R,09:00,12:00
102851,ENGR-1010,13,01,5072,GERBERHAL,105,36,TR,09:30,10:45
102852,ENGR-1010,13,02,5073,GERBERHAL,105,36,MWF,09:00,09:50
102853,ENGR-1010,13,03,5074,GERBERHAL,105,36,MWF,11:00,11:50
102854,ENGR-1010,13,04,5075,GERBERHAL,105,36,TR,15:30,16:45
102855,ENGR-1010,13,05,5076,GERBERHAL,105,36,MWF,14:00,14:50
102856,ENGR-1010,13,06,5077,GERBERHAL,201,36,MWF,11:00,11:50
102857,ENGR-1010,13,07,5078,GERBERHAL,201,36,MWF,14:00,14:50
102858,ENGR-1010,13,08,5079,HOLLISTER,105,36,MWF,14:00,14:50
102859,MATH-1010,13,01,5160,GERBERHAL,105,36,MWF,13:00,13:50
102860,MATH-1010,13,02,5161,GERBERHAL,105,36,MWF,15:00,15:50
102861,MATH-1010,13,03,5162,HOLLISTER,106,36,MWF,14:00,14:50
102862,MATH-1010,13,04,5163,GERBERHAL,105,36,TR,12:30,13:45
102863,MATH-1010,13,05,5164,GERBERHAL,201,36,TR,15:30,16:45
102864,MATH-1010,13,06,5165,HOLLISTER,105,36,MWF,11:00,11:50
102865,MATH-1010,13,07,5166,GERBERHAL,105,36,MWF,08:00,08:50
102866,MATH-1010,13,08,5167,GERBERHAL,105,36,TR,14:00,15:15
102867,MATL-1005,13,01,5129,GERBERHAL,201,36,MWF,15:00,15:50
102868,MATL-1010,13,01,5130,GERBERHAL,201,36,TR,12:30,13:45
102869,MATL-2010,13,01,5131,GERBERHAL,201,36,TR,09:30,10:45
102870,MATL-4010,13,01,5132,GERBERHAL,105,36,MWF,10:00,10:50
102871,PHYS-1005,13,01,5197,HOLLISTER,105,36,TR,12:30,13:45
102872,PHYS-1005,13,02,5198,GERBERHAL,201,36,TR,14:00,15:15
102873,PHYS-1005,13,03,5199,HOLLISTER,106,36,TR,12:30,13:45
102874,PHYS-1005,13,04,5200,GERBERHAL,201,36,MWF,13:00,13:50
102875,PHYS-1005,13,05,5201,GERBERHAL,201,36,MWF,10:00,10:50
102876,PHYS-1005,13,06,5202,HOLLISTER,105,36,MWF,15:00,15:50
102877,PHYS-1005,13,07,5203,HOLLISTER,202,36,TR,12:30,13:45
102878,PHYS-1005,13,08,5204,HOLLISTER,105,36,MWF,10:00,10:50
102879,AERO-1010,13,01,5001,HOLLISTER,106,33,MWF,10:00,10:50
102880,AERO-2015,13,01,5002,GERBERHAL,105,33,TR,08:00,09:15
102881,AERO-2020,13,01,5003,GERBERHAL,201,33,MWF,09:00,09:50
102882,AERO-3005,13,01,5004,GERBERHAL,201,33,MWF,08:00,08:50
102883,AERO-4010,13,01,5005,HOLLISTER,105,33,MWF,09:00,09:50
102884,CHEM-1005,13,01,5016,KUROMAKUH,104,32,MWF,08:00,08:50
102885,CHEM-2005,13,01,5017,KUROMAKUH,104,32,TR,08:00,09:15
102886,CHEM-3005,13,01,5018,KUROMAKUH,104,32,MWF,10:00,10:50
102887,CHEM-3015,13,01,5019,KUROMAKUH,104,32,TR,09:30,10:45
102888,CHEM-4010,13,01,5020,KUROMAKUH,104,32,MWF,15:00,15:50
102889,CHMY-1015,13,01,5033,KUROMAKUH,104,32,TR,15:30,16:45
102890,CIVL-1010,13,01,5040,KUROMAKUH,106,32,TR,09:30,10:45
102891,CIVL-2005,13,01,5041,KUROMAKUH,104,32,TR,14:00,15:15
102892,CIVL-4010,13,01,5042,KEITHHALL,105,32,TR,09:30,10:45
102893,EENG-1005,13,01,5085,KUROMAKUH,104,32,MWF,09:00,09:50
102894,EENG-3005,13,01,5086,KUROMAKUH,106,32,TR,15:30,16:45
102895,EENG-4010,13,01,5087,KUROMAKUH,104,32,MWF,14:00,14:50
102896,MATH-2005,13,01,5168,KUROMAKUH,106,31,MWF,14:00,14:50
102897,MATH-2005,13,02,5169,KEITHHALL,105,31,TR,15:30,16:45
102898,MATH-2005,13,03,5170,KUROMAKUH,104,31,MWF,13:00,13:50
102899,MATH-3005,13,01,5171,KEITHHALL,105,31,MWF,14:00,14:50
102900,MATH-3005,13,02,5172,KUROMAKUH,106,31,MWF,08:00,08:50
102901,COMP-1015,13,01,5055,KUROMAKUH,106,30,MWF,09:00,09:50
102902,COMP-2005,13,01,5056,KUROMAKUH,106,30,MWF,13:00,13:50
102903,COMP-3005,13,01,5057,KRIEBELHA,201,30,TR,15:30,16:45
102904,MANU-2005,13,01,5115,KEITHHALL,105,30,MWF,08:00,08:50
102905,MANU-2010,13,01,5116,KUROMAKUH,104,30,TR,12:30,13:45
102906,MANU-4010,13,01,5117,KRIEBELHA,201,30,TR,09:30,10:45
102907,MATH-2015,13,01,5173,KEITHHALL,105,30,MWF,13:00,13:50
102908,MECH-2005,13,01,5146,KUROMAKUH,105,28,MWF,08:00,08:50
102909,MECH-2010,13,01,5147,KUROMAKUH,105,28,MWF,13:00,13:50
102910,MECH-3005,13,01,5148,GERBERHAL,103,28,MWF,13:00,13:50
102911,MECH-4010,13,01,5149,KUROMAKUH,105,28,TR,11:00,12:15
102912,HUMN-1005,13,01,5100,GERBERHAL,103,26,TR,11:00,12:15
102913,HUMN-1005,13,02,5101,KUROMAKUH,105,26,MWF,09:00,09:50
102914,HUMN-1010,13,01,5102,KUROMAKUH,105,26,TR,09:30,10:45
102915,HUMN-1010,13,02,5103,KUROMAKUH,105,26,MWF,11:00,11:50
102916,HUMN-1015,13,01,5104,KUROMAKUH,105,26,MWF,15:00,15:50
102917,HUMN-1015,13,02,5105,GERBERHAL,103,26,MWF,15:00,15:50
102918,HUMN-2005,13,01,5106,KUROMAKUH,105,26,TR,14:00,15:15
102919,HUMN-2005,13,02,5107,HOLLISTER,102,26,MWF,15:00,15:50
102920,HUMN-2010,13,01,5108,KUROMAKUH,105,26,MWF,10:00,10:50
102921,HUMN-2010,13,02,5109,GERBERHAL,103,26,MWF,08:00,08:50
102922,HUMN-2015,13,01,5110,KUROMAKUH,105,26,MWF,14:00,14:50
102923,HUMN-2015,13,02,5111,KUROMAKUH,105,26,TR,15:30,16:45
102924,HUMN-3005,13,01,5112,GERBERHAL,103,26,TR,15:30,16:45
102925,HUMN-3005,13,02,5114,GERBERHAL,103,26,TR,14:00,15:15
102926,HUMN-3010,13,01,5101,KUROMAKUH,105,26,TR,08:00,09:15
102927,HUMN-3010,13,02,5102,HOLLISTER,102,26,TR,11:00,12:15
102928,SOCS-1005,13,01,5220,HOLLISTER,102,26,TR,14:00,15:15
102929,SOCS-1005,13,02,5221,GERBERHAL,103,26,MWF,10:00,10:50
102930,SOCS-1010,13,01,5222,HOLLISTER,102,26,MWF,13:00,13:50
102931,SOCS-1010,13,02,5223,HOLLISTER,103,26,TR,14:00,15:15
102932,SOCS-2005,13,01,5224,HOLLISTER,103,26,MWF,15:00,15:50
102933,SOCS-2005,13,02,5225,HOLLISTER,102,26,MWF,08:00,08:50
102934,SOCS-2010,13,01,5226,KUROMAKUH,105,26,TR,12:30,13:45
102935,SOCS-2010,13,02,5227,GERBERHAL,103,26,MWF,09:00,09:50
102936,SOCS-2015,13,01,5228,HOLLISTER,103,26,MWF,13:00,13:50
102937,SOCS-2015,13,02,5229,HOLLISTER,201,26,MWF,13:00,13:50
102938,SOCS-3005,13,01,5230,HOLLISTER,103,26,MWF,08:00,08:50
102939,SOCS-3005,13,02,5231,HOLLISTER,201,26,TR,14:00,15:15
102940,SOCS-3010,13,01,5220,GERBERHAL,103,26,MWF,11:00,11:50
102941,SOCS-3010,13,02,5222,GERBERHAL,103,26,MWF,14:00,14:50
102942,SOCS-3015,13,01,5223,HOLLISTER,103,26,TR,11:00,12:15
102943,SOCS-3015,13,02,5224,KEITHHALL,103,26,TR,14:00,15:15
102944,CHEM-3025,13,01,5021,GERBERHAL,103,25,TR,08:00,09:15
102945,CHEM-3030,13,01,5022,HOLLISTER,201,25,TR,11:00,12:15
102946,CHEM-4035,13,01,5023,KRIEBELHA,103,25,TR,14:00,15:15
102947,CHEM-4040,13,01,5024,HOLLISTER,102,25,MWF,10:00,10:50
102948,PHYS-2005,13,01,5205,GERBERHAL,103,25,TR,09:30,10:45
102949,PHYS-2005,13,02,5206,HOLLISTER,102,25,TR,08:00,09:15
102950,PHYS-2005,13,03,5207,HOLLISTER,103,25,MWF,10:00,10:50
102951,MANU-3025,13,01,5118,HOLLISTER,201,23,MWF,08:00,08:50
102952,MANU-3030,13,01,5119,KEITHHALL,103,23,MWF,13:00,13:50
102953,MANU-3045,13,01,5120,HOLLISTER,102,23,MWF,14:00,14:50
102954,MANU-4040,13,01,5121,LUKSICHAL,104,23,TR,14:00,15:15
102955,EENG-3030,13,01,5088,HOLLISTER,103,21,MWF,14:00,14:50
102956,EENG-3050,13,01,5089,KUROMAKUH,201,21,M,13:00,16:00
102957,EENG-3100,13,01,5090,HOLLISTER,201,21,MWF,10:00,10:50
102958,EENG-3120,13,01,5091,KUROMAKUH,201,21,F,13:00,16:00
102959,EENG-4020,13,01,5092,KEITHHALL,103,21,MWF,08:00,08:50
102960,EENG-4110,13,01,5093,KUROMAKUH,201,21,T,09:00,12:00
102961,MATL-3020,13,01,5133,HOLLISTER,102,21,TR,09:30,10:45
102962,MATL-3035,13,01,5134,KUROMAKUH,201,21,T,13:00,16:00
102963,MATL-3040,13,01,5135,HOLLISTER,201,21,MWF,15:00,15:50
102964,MATL-3055,13,01,5136,HOLLISTER,102,21,TR,15:30,16:45
102965,MATL-3060,13,01,5137,HOLLISTER,103,21,TR,09:30,10:45
102966,MATL-4025,13,01,5138,HOLLISTER,201,21,TR,09:30,10:45
102967,MATL-4030,13,01,5139,HOLLISTER,201,21,MWF,14:00,14:50
102968,MECH-3025,13,01,5150,KRIEBELHA,103,21,MWF,08:00,08:50
102969,MECH-3030,13,01,5151,KEITHHALL,103,21,MWF,10:00,10:50
102970,MECH-3050,13,01,5152,KRIEBELHA,103,21,MWF,10:00,10:50
102971,MECH-4040,13,01,5153,LUKSICHAL,104,21,MWF,10:00,10:50
102972,AERO-3010,13,01,5006,LUKSICHAL,201,20,TR,14:00,15:15
102973,AERO-3025,13,01,5007,HOLLISTER,103,20,TR,15:30,16:45
102974,AERO-3030,13,01,5008,LUKSICHAL,104,20,MWF,08:00,08:50
102975,AERO-4020,13,01,5009,KUROMAKUH,202,20,T,13:00,16:00
102976,AERO-4055,13,01,5010,HOLLISTER,201,20,TR,15:30,16:45
102977,COMP-3025,13,01,5058,HOLLISTER,102,20,MWF,09:00,09:50
102978,COMP-3030,13,01,5059,HORNCOMPU,103,20,R,09:00,12:00
102979,COMP-3045,13,01,5060,LUKSICHAL,201,20,MWF,10:00,10:50
102980,COMP-3050,13,01,5061,GERBERHAL,103,20,TR,12:30,13:45
102981,COMP-4015,13,01,5062,KRIEBELHA,103,20,MWF,13:00,13:50
102982,COMP-4020,13,01,5063,KEITHHALL,103,20,TR,11:00,12:15
102983,NUCL-1010,13,01,5178,LUKSICHAL,104,20,MWF,13:00,13:50
102984,NUCL-1010,13,02,5179,LUKSICHAL,202,20,TR,14:00,15:15
102985,NUCL-2010,13,01,5180,KRIEBELHA,103,20,TR,11:00,12:15
102986,NUCL-2010,13,02,5181,HOLLISTER,103,20,MWF,09:00,09:50
102987,NUCL-3005,13,01,5182,LUKSICHAL,104,20,TR,11:00,12:15
102988,NUCL-3005,13,02,5183,HOLLISTER,103,20,TR,08:00,09:15
102989,NUCL-3015,13,01,5184,KUROMAKUH,202,20,W,13:00,16:00
102990,NUCL-3015,13,02,5185,KUROMAKUH,203,20,T,13:00,16:00
102991,NUCL-3035,13,01,5186,LUKSICHAL,202,20,MWF,10:00,10:50
102992,NUCL-3040,13,01,5187,HOLLISTER,102,20,TR,12:30,13:45
102993,NUCL-3055,13,01,5188,HOLLISTER,201,20,MWF,09:00,09:50
102994,NUCL-3060,13,01,5189,KUROMAKUH,202,20,F,13:00,16:00
102995,NUCL-4010,13,01,5190,MUSTARDHA,104,20,TR,14:00,15:15
102996,NUCL-4010,13,02,5191,KEITHHALL,103,20,MWF,09:00,09:50
102997,NUCL-4025,13,01,5193,KEITHHALL,103,20,MWF,14:00,14:50
102998,NUCL-4030,13,01,5194,MALLOYHAL,201,20,TR,14:00,15:15
102999,PHYS-1010,13,01,5208,KUROMAKUH,203,20,W,13:00,16:00
103000,PHYS-1010,13,02,5209,KUROMAKUH,202,20,R,09:00,12:00
103001,PHYS-1010,13,03,5210,KUROMAKUH,203,20,R,09:00,12:00
103002,PHYS-1010,13,04,5211,KUROMAKUH,203,20,F,13:00,16:00
103003,PHYS-1010,13,05,5212,KUROMAKUH,202,20,T,09:00,12:00
103004,PHYS-1010,13,06,5213,KUROMAKUH,202,20,M,13:00,16:00
103005,PHYS-1010,13,07,5214,KUROMAKUH,203,20,M,13:00,16:00
103006,PHYS-1010,13,08,5215,KUROMAKUH,202,20,R,13:00,16:00
103007,PHYS-1010,13,09,5217,KUROMAKUH,203,20,T,09:00,12:00
103008,PHYS-1010,13,10,5218,GERBERHAL,203,20,R,09:00,12:00
103009,PHYS-1010,13,11,5219,GERBERHAL,203,20,M,13:00,16:00
103010,PHYS-1010,13,12,5197,GERBERHAL,203,20,F,13:00,16:00
103011,PHYS-1010,13,13,5198,GERBERHAL,203,20,T,09:00,12:00
103012,CIVL-3015,13,01,5043,KEITHHALL,103,19,TR,09:30,10:45
103013,CIVL-3035,13,01,5044,KRIEBELHA,103,19,TR,09:30,10:45
103014,CIVL-3040,13,01,5045,SULLIVANB,201,19,TR,14:00,15:15
103015,CIVL-3060,13,01,5046,LUKSICHAL,104,19,TR,09:30,10:45
103016,CIVL-4030,13,01,5047,KEITHHALL,103,19,MWF,15:00,15:50
103017,MATL-3005,13,01,5140,GERBERHAL,203,18,T,13:00,16:00
103018,MATL-3005,13,02,5142,GERBERHAL,206,18,M,13:00,16:00
103019,AERO-1015,13,01,5011,HOLLISTER,203,17,M,13:00,16:00
103020,AERO-1015,13,02,5013,GERBERHAL,203,17,W,13:00,16:00
103021,CHEM-3010,13,01,5025,GERBERHAL,205,16,M,13:00,16:00
103022,CHEM-3010,13,02,5026,GERBERHAL,205,16,F,13:00,16:00
103023,CIVL-1015,13,01,5048,GERBERHAL,205,16,R,13:00,16:00
103024,CIVL-1015,13,02,5049,GERBERHAL,205,16,W,13:00,16:00
103025,EENG-1010,13,01,5094,KEITHHALL,203,16,R,13:00,16:00
103026,EENG-1010,13,02,5095,KEITHHALL,203,16,F,13:00,16:00
103027,COMP-1020,13,01,5064,HORNCOMPU,103,15,T,09:00,12:00
103028,COMP-1020,13,02,5065,HORNCOMPU,103,15,W,13:00,16:00
103029,MANU-1010,13,01,5122,GERBERHAL,205,15,T,13:00,16:00
103030,MANU-1010,13,02,5123,KEITHHALL,203,15,T,13:00,16:00
103031,CHEM-3045,13,01,5027,HORNLIBRA,101,13,R,16:00,17:50
103032,CHEM-3045,13,02,5029,HORNLIBRA,101,13,W,13:00,14:50
103033,AERO-1005,13,01,5001,KRIEBELHA,103,12,MWF,15:00,15:50
103034,AERO-2005,13,01,5002,MUSTARDHA,104,12,MWF,10:00,10:50
103035,AERO-2010,13,01,5003,KEITHHALL,205,12,T,13:00,16:00
103036,CHEM-2010,13,01,5030,KRIEBELHA,103,12,MWF,09:00,09:50
103037,CHEM-2015,13,01,5031,LUKSICHAL,201,12,TR,09:30,10:45
103038,CHEM-2020,13,01,5032,KEITHHALL,203,12,W,13:00,16:00
103039,CHMY-1005,13,01,5034,HOLLISTER,201,12,TR,08:00,09:15
103040,CHMY-1010,13,01,5035,KRIEBELHA,206,12,T,13:00,16:00
103041,CHMY-2005,13,01,5036,WESTGATEH,103,12,TR,14:00,15:15
103042,CIVL-1005,13,01,5050,LUKSICHAL,202,12,TR,09:30,10:45
103043,CIVL-2010,13,01,5051,KRIEBELHA,103,12,MWF,14:00,14:50
103044,CIVL-2015,13,01,5053,KEITHHALL,103,12,TR,15:30,16:45
103045,CIVL-3005,13,01,5040,LUKSICHAL,201,12,MWF,08:00,08:50
103046,CIVL-3010,13,01,5042,MUSTARDHA,203,12,T,13:00,16:00
103047,COMP-1005,13,01,5066,WESTGATEH,201,12,TR,14:00,15:15
103048,COMP-1010,13,01,5067,HORNCOMPU,104,12,W,13:00,16:00
103049,COMP-2010,13,01,5069,HOLLISTER,102,12,MWF,11:00,11:50
103050,COMP-3010,13,01,5070,LUKSICHAL,202,12,MWF,08:00,08:50
103051,COMP-4010,13,01,5071,HORNLIBRA,103,12,T,16:00,17:50
103052,COMP-4010,13,02,5055,HORNLIBRA,103,12,R,16:00,17:50
103053,COMP-4010,13,03,5056,HORNLIBRA,103,12,M,16:00,17:50
103054,EENG-1015,13,01,5097,LUKSICHAL,104,12,MWF,15:00,15:50
103055,EENG-2005,13,01,5098,LUKSICHAL,104,12,MWF,14:00,14:50
103056,EENG-2010,13,01,5085,KEITHHALL,205,12,R,13:00,16:00
103057,EENG-2015,13,01,5086,LUKSICHAL,104,12,MWF,09:00,09:50
103058,EENG-3010,13,01,5087,KEITHHALL,103,12,TR,08:00,09:15
103059,ENGR-1005,13,01,5080,LUKSICHAL,201,12,MWF,14:00,14:50
103060,ENGR-1015,13,01,5083,KRIEBELHA,103,12,TR,15:30,16:45
103061,ENGR-2005,13,01,5072,HOLLISTER,103,12,TR,12:30,13:45
103062,ENGR-3005,13,01,5073,KRIEBELHA,103,12,TR,08:00,09:15
103063,MANU-1005,13,01,5124,LUKSICHAL,104,12,TR,08:00,09:15
103064,MANU-2015,13,01,5126,MALLOYHAL,203,12,T,13:00,16:00
103065,MANU-2020,13,01,5115,LUKSICHAL,201,12,MWF,13:00,13:50
103066,MANU-3005,13,01,5116,LUKSICHAL,201,12,TR,08:00,09:15
103067,MANU-3010,13,01,5117,LUKSICHAL,201,12,MWF,15:00,15:50
103068,MATH-1005,13,01,5175,LUKSICHAL,201,12,MWF,09:00,09:50
103069,MATH-2010,13,01,5177,MUSTARDHA,104,12,MWF,08:00,08:50
103070,MATH-2020,13,01,5160,KUROMAKUH,106,12,TR,14:00,15:15
103071,MATH-3010,13,01,5161,LUKSICHAL,201,12,TR,11:00,12:15
103072,MATH-3015,13,01,5162,LUKSICHAL,202,12,MWF,09:00,09:50
103073,MATL-2005,13,01,5144,LUKSICHAL,202,12,TR,11:00,12:15
103074,MATL-2015,13,01,5145,HOLLISTER,201,12,TR,12:30,13:45
103075,MATL-3010,13,01,5129,KEITHHALL,105,12,TR,14:00,15:15
103076,MATL-3015,13,01,5131,KRIEBELHA,206,12,R,13:00,16:00
103077,MECH-2015,13,01,5154,LUKSICHAL,202,12,TR,08:00,09:15
103078,MECH-2020,13,01,5155,MUSTARDHA,104,12,TR,11:00,12:15
103079,MECH-2025,13,01,5156,MUSTARDHA,203,12,R,13:00,16:00
103080,MECH-3010,13,01,5158,GERBERHAL,205,12,T,09:00,12:00
103081,MECH-3015,13,01,5159,LUKSICHAL,202,12,MWF,13:00,13:50
103082,NUCL-1005,13,01,5195,HOLLISTER,103,12,MWF,11:00,11:50
103083,NUCL-2005,13,01,5178,MUSTARDHA,104,12,TR,09:30,10:45
103084,NUCL-3010,13,01,5179,MUSTARDHA,104,12,MWF,09:00,09:50
103085,NUCL-3020,13,01,5180,MALLOYHAL,205,12,T,13:00,16:00
103086,PHYS-1015,13,01,5199,LUKSICHAL,202,12,MWF,14:00,14:50
103087,PHYS-1020,13,01,5200,KEITHHALL,203,12,T,09:00,12:00
103088,ENGR-1010,14,01,5072,GERBERHAL,105,36,MWF,08:00,08:50
103089,ENGR-1010,14,02,5073,GERBERHAL,105,36,MWF,13:00,13:50
103090,ENGR-1010,14,03,5074,GERBERHAL,105,36,TR,11:00,12:15
103091,ENGR-1010,14,04,5075,GERBERHAL,105,36,TR,09:30,10:45
103092,ENGR-1010,14,05,5076,GERBERHAL,105,36,TR,12:30,13:45
103093,ENGR-1010,14,06,5077,GERBERHAL,201,36,MWF,08:00,08:50
103094,ENGR-1010,14,07,5078,GERBERHAL,105,36,MWF,10:00,10:50
103095,ENGR-1010,14,08,5079,GERBERHAL,105,36,MWF,11:00,11:50
103096,MATH-1010,14,01,5160,GERBERHAL,201,36,TR,11:00,12:15
103097,MATH-1010,14,02,5161,GERBERHAL,105,36,TR,15:30,16:45
103098,MATH-1010,14,03,5162,GERBERHAL,105,36,TR,14:00,15:15
103099,MATH-1010,14,04,5163,GERBERHAL,201,36,TR,14:00,15:15
103100,MATH-1010,14,05,5164,GERBERHAL,201,36,TR,09:30,10:45
103101,MATH-1010,14,06,5165,GERBERHAL,105,36,MWF,15:00,15:50
103102,MATH-1010,14,07,5166,GERBERHAL,201,36,MWF,10:00,10:50
103103,MATH-1010,14,08,5167,GERBERHAL,105,36,MWF,14:00,14:50
103104,MATL-1005,14,01,5129,GERBERHAL,201,36,TR,15:30,16:45
103105,MATL-1010,14,01,5130,HOLLISTER,105,36,TR,14:00,15:15
103106,MATL-2010,14,01,5131,GERBERHAL,201,36,TR,12:30,13:45
103107,MATL-4010,14,01,5132,HOLLISTER,105,36,MWF,10:00,10:50
103108,PHYS-1005,14,01,5197,HOLLISTER,106,36,MWF,10:00,10:50
103109,PHYS-1005,14,02,5198,GERBERHAL,201,36,MWF,11:00,11:50
103110,PHYS-1005,14,03,5199,GERBERHAL,105,36,MWF,09:00,09:50
103111,PHYS-1005,14,04,5200,GERBERHAL,201,36,MWF,13:00,13:50
103112,PHYS-1005,14,05,5201,HOLLISTER,105,36,TR,12:30,13:45
103113,PHYS-1005,14,06,5202,GERBERHAL,105,36,TR,08:00,09:15
103114,PHYS-1005,14,07,5203,HOLLISTER,105,36,TR,15:30,16:45
103115,PHYS-1005,14,08,5204,HOLLISTER,106,36,TR,15:30,16:45
103116,AERO-1010,14,01,5001,HOLLISTER,105,33,TR,11:00,12:15
103117,AERO-2015,14,01,5002,GERBERHAL,201,33,MWF,15:00,15:50
103118,AERO-2020,14,01,5003,HOLLISTER,202,33,TR,15:30,16:45
103119,AERO-3005,14,01,5004,HOLLISTER,105,33,MWF,08:00,08:50
103120,AERO-4010,14,01,5005,HOLLISTER,106,33,TR,11:00,12:15
103121,CHEM-1005,14,01,5016,KUROMAKUH,104,32,TR,11:00,12:15
103122,CHEM-2005,14,01,5017,KUROMAKUH,104,32,MWF,13:00,13:50
103123,CHEM-3005,14,01,5018,KUROMAKUH,104,32,MWF,10:00,10:50
103124,CHEM-3015,14,01,5019,KUROMAKUH,104,32,MWF,11:00,11:50
103125,CHEM-4010,14,01,5020,KUROMAKUH,104,32,TR,08:00,09:15
103126,CHMY-1015,14,01,5033,KUROMAKUH,104,32,TR,14:00,15:15
103127,CIVL-1010,14,01,5040,KUROMAKUH,104,32,TR,15:30,16:45
103128,CIVL-2005,14,01,5041,KUROMAKUH,106,32,MWF,13:00,13:50
103129,CIVL-4010,14,01,5042,KUROMAKUH,106,32,TR,11:00,12:15
103130,EENG-1005,14,01,5085,KEITHHALL,105,32,TR,11:00,12:15
103131,EENG-3005,14,01,5086,KEITHHALL,105,32,MWF,13:00,13:50
103132,EENG-4010,14,01,5087,KUROMAKUH,104,32,TR,12:30,13:45
103133,MATH-2005,14,01,5168,KUROMAKUH,104,31,MWF,08:00,08:50
103134,MATH-2005,14,02,5169,KRIEBELHA,201,31,MWF,13:00,13:50
103135,MATH-2005,14,03,5170,KUROMAKUH,106,31,TR,08:00,09:15
103136,MATH-3005,14,01,5171,KUROMAKUH,104,31,TR,09:30,10:45
103137,MATH-3005,14,02,5172,KUROMAKUH,106,31,TR,15:30,16:45
103138,COMP-1015,14,01,5055,KRIEBELHA,201,30,TR,11:00,12:15
103139,COMP-2005,14,01,5056,KUROMAKUH,106,30,TR,12:30,13:45
103140,COMP-3005,14,01,5057,KUROMAKUH,106,30,MWF,10:00,10:50
103141,MANU-2005,14,01,5115,KUROMAKUH,104,30,MWF,09:00,09:50
103142,MANU-2010,14,01,5116,KEITHHALL,105,30,TR,08:00,09:15
103143,MANU-4010,14,01,5117,KEITHHALL,105,30,TR,15:30,16:45
103144,MATH-2015,14,01,5173,KEITHHALL,105,30,TR,12:30,13:45
103145,MECH-2005,14,01,5146,KUROMAKUH,105,28,MWF,14:00,14:50
103146,MECH-2010,14,01,5147,KUROMAKUH,105,28,TR,15:30,16:45
103147,MECH-3005,14,01,5148,KUROMAKUH,105,28,MWF,09:00,09:50
103148,MECH-4010,14,01,5149,KUROMAKUH,105,28,MWF,11:00,11:50
103149,HUMN-1005,14,01,5100,GERBERHAL,103,26,MWF,14:00,14:50
103150,HUMN-1005,14,02,5101,KUROMAKUH,105,26,MWF,10:00,10:50
103151,HUMN-1010,14,01,5102,KUROMAKUH,105,26,TR,11:00,12:15
103152,HUMN-1010,14,02,5103,KUROMAKUH,105,26,TR,09:30,10:45
103153,HUMN-1015,14,01,5104,GERBERHAL,103,26,TR,15:30,16:45
103154,HUMN-1015,14,02,5105,GERBERHAL,103,26,MWF,10:00,10:50
103155,HUMN-2005,14,01,5106,KUROMAKUH,105,26,TR,14:00,15:15
103156,HUMN-2005,14,02,5107,KUROMAKUH,105,26,TR,08:00,09:15
103157,HUMN-2010,14,01,5108,HOLLISTER,102,26,TR,15:30,16:45
103158,HUMN-2010,14,02,5109,HOLLISTER,102,26,MWF,10:00,10:50
103159,HUMN-2015,14,01,5110,KUROMAKUH,105,26,TR,12:30,13:45
103160,HUMN-2015,14,02,5111,GERBERHAL,103,26,TR,11:00,12:15
103161,HUMN-3005,14,01,5112,HOLLISTER,102,26,TR,11:00,12:15
103162,HUMN-3005,14,02,5114,GERBERHAL,103,26,TR,08:00,09:15
103163,HUMN-3010,14,01,5101,KUROMAKUH,105,26,MWF,15:00,15:50
103164,HUMN-3010,14,02,5102,HOLLISTER,103,26,MWF,10:00,10:50
103165,SOCS-1005,14,01,5220,HOLLISTER,102,26,MWF,14:00,14:50
103166,SOCS-1005,14,02,5221,GERBERHAL,103,26,TR,12:30,13:45
103167,SOCS-1010,14,01,5222,GERBERHAL,103,26,MWF,11:00,11:50
103168,SOCS-1010,14,02,5223,KUROMAKUH,105,26,MWF,08:00,08:50
103169,SOCS-2005,14,01,5224,GERBERHAL,103,26,MWF,09:00,09:50
103170,SOCS-2005,14,02,5225,HOLLISTER,103,26,MWF,14:00,14:50
103171,SOCS-2010,14,01,5226,HOLLISTER,201,26,MWF,14:00,14:50
103172,SOCS-2010,14,02,5227,HOLLISTER,103,26,TR,11:00,12:15
103173,SOCS-2015,14,01,5228,HOLLISTER,102,26,TR,08:00,09:15
103174,SOCS-2015,14,02,5229,GERBERHAL,103,26,MWF,15:00,15:50
103175,SOCS-3005,14,01,5230,KEITHHALL,103,26,MWF,14:00,14:50
103176,SOCS-3005,14,02,5231,HOLLISTER,102,26,MWF,15:00,15:50
103177,SOCS-3010,14,01,5220,KUROMAKUH,105,26,MWF,13:00,13:50
103178,SOCS-3010,14,02,5222,GERBERHAL,103,26,TR,09:30,10:45
103179,SOCS-3015,14,01,5223,HOLLISTER,102,26,MWF,11:00,11:50
103180,SOCS-3015,14,02,5224,HOLLISTER,103,26,MWF,15:00,15:50
103181,CHEM-3025,14,01,5021,HOLLISTER,102,25,TR,12:30,13:45
103182,CHEM-3030,14,01,5022,GERBERHAL,103,25,MWF,13:00,13:50
103183,CHEM-4035,14,01,5023,HOLLISTER,102,25,TR,09:30,10:45
103184,CHEM-4040,14,01,5024,HOLLISTER,201,25,MWF,10:00,10:50
103185,PHYS-2005,14,01,5205,HOLLISTER,201,25,MWF,15:00,15:50
103186,PHYS-2005,14,02,5206,GERBERHAL,103,25,TR,14:00,15:15
103187,PHYS-2005,14,03,5207,HOLLISTER,201,25,TR,11:00,12:15
103188,MANU-3025,14,01,5118,HOLLISTER,103,23,TR,09:30,10:45
103189,MANU-3030,14,01,5119,KEITHHALL,103,23,TR,11:00,12:15
103190,MANU-3045,14,01,5120,KEITHHALL,103,23,MWF,10:00,10:50
103191,MANU-4040,14,01,5121,KEITHHALL,103,23,MWF,15:00,15:50
103192,EENG-3030,14,01,5088,KRIEBELHA,103,21,MWF,14:00,14:50
103193,EENG-3050,14,01,5089,KUROMAKUH,201,21,R,13:00,16:00
103194,EENG-3100,14,01,5090,HOLLISTER,102,21,TR,14:00,15:15
103195,EENG-3120,14,01,5091,KUROMAKUH,201,21,F,13:00,16:00
103196,EENG-4020,14,01,5092,HOLLISTER,103,21,TR,08:00,09:15
103197,EENG-4110,14,01,5093,GERBERHAL,204,21,F,13:00,16:00
103198,MATL-3020,14,01,5133,HOLLISTER,103,21,TR,15:30,16:45
103199,MATL-3035,14,01,5134,KUROMAKUH,201,21,R,09:00,12:00
103200,MATL-3040,14,01,5135,HOLLISTER,201,21,TR,09:30,10:45
103201,MATL-3055,14,01,5136,KRIEBELHA,103,21,MWF,15:00,15:50
103202,MATL-3060,14,01,5137,HOLLISTER,102,21,MWF,09:00,09:50
103203,MATL-4025,14,01,5138,GERBERHAL,103,21,MWF,08:00,08:50
103204,MATL-4030,14,01,5139,HOLLISTER,102,21,MWF,08:00,08:50
103205,MECH-3025,14,01,5150,HOLLISTER,102,21,MWF,13:00,13:50
103206,MECH-3030,14,01,5151,KRIEBELHA,103,21,TR,11:00,12:15
103207,MECH-3050,14,01,5152,HOLLISTER,103,21,MWF,11:00,11:50
103208,MECH-4040,14,01,5153,HOLLISTER,103,21,TR,14:00,15:15
103209,AERO-3010,14,01,5006,HOLLISTER,103,20,MWF,08:00,08:50
103210,AERO-3025,14,01,5007,LUKSICHAL,104,20,MWF,15:00,15:50
103211,AERO-3030,14,01,5008,LUKSICHAL,201,20,MWF,15:00,15:50
103212,AERO-4020,14,01,5009,KUROMAKUH,202,20,F,13:00,16:00
103213,AERO-4055,14,01,5010,HOLLISTER,103,20,TR,12:30,13:45
103214,COMP-3025,14,01,5058,HOLLISTER,201,20,TR,08:00,09:15
103215,COMP-3030,14,01,5059,HORNCOMPU,103,20,T,09:00,12:00
103216,COMP-3045,14,01,5060,KEITHHALL,103,20,TR,09:30,10:45
103217,COMP-3050,14,01,5061,LUKSICHAL,104,20,MWF,14:00,14:50
103218,COMP-4015,14,01,5062,HOLLISTER,201,20,MWF,11:00,11:50
103219,COMP-4020,14,01,5063,KRIEBELHA,103,20,TR,09:30,10:45
103220,NUCL-1010,14,01,5178,KEITHHALL,103,20,MWF,11:00,11:50
103221,NUCL-1010,14,02,5179,HOLLISTER,103,20,MWF,09:00,09:50
103222,NUCL-2010,14,01,5180,HOLLISTER,201,20,TR,15:30,16:45
103223,NUCL-2010,14,02,5181,KRIEBELHA,103,20,MWF,10:00,10:50
103224,NUCL-3005,14,01,5182,HOLLISTER,103,20,MWF,13:00,13:50
103225,NUCL-3005,14,02,5183,LUKSICHAL,202,20,MWF,15:00,15:50
103226,NUCL-3015,14,01,5184,KUROMAKUH,202,20,W,13:00,16:00
103227,NUCL-3015,14,02,5185,KUROMAKUH,202,20,M,13:00,16:00
103228,NUCL-3035,14,01,5186,KEITHHALL,103,20,TR,08:00,09:15
103229,NUCL-3040,14,01,5187,LUKSICHAL,201,20,MWF,14:00,14:50
103230,NUCL-3055,14,01,5188,HOLLISTER,201,20,MWF,09:00,09:50
103231,NUCL-3060,14,01,5189,KUROMAKUH,202,20,T,09:00,12:00
103232,NUCL-4010,14,01,5190,LUKSICHAL,104,20,TR,09:30,10:45
103233,NUCL-4010,14,02,5191,KEITHHALL,103,20,TR,15:30,16:45
103234,NUCL-4025,14,01,5193,MUSTARDHA,104,20,MWF,15:00,15:50
103235,NUCL-4030,14,01,5194,KEITHHALL,103,20,MWF,09:00,09:50
103236,PHYS-1010,14,01,5208,KUROMAKUH,203,20,W,13:00,16:00
103237,PHYS-1010,14,02,5209,KUROMAKUH,202,20,T,13:00,16:00
103238,PHYS-1010,14,03,5210,KUROMAKUH,203,20,T,09:00,12:00
103239,PHYS-1010,14,04,5211,KUROMAKUH,203,20,T,13:00,16:00
103240,PHYS-1010,14,05,5212,KUROMAKUH,202,20,R,13:00,16:00
103241,PHYS-1010,14,06,5213,GERBERHAL,203,20,W,13:00,16:00
103242,PHYS-1010,14,07,5214,GERBERHAL,203,20,T,13:00,16:00
103243,PHYS-1010,14,08,5215,KUROMAKUH,202,20,R,09:00,12:00
103244,PHYS-1010,14,09,5217,KUROMAKUH,203,20,M,13:00,16:00
103245,PHYS-1010,14,10,5218,KUROMAKUH,203,20,F,13:00,16:00
103246,PHYS-1010,14,11,5219,GERBERHAL,203,20,M,13:00,16:00
103247,PHYS-1010,14,12,5197,GERBERHAL,206,20,W,13:00,16:00
103248,PHYS-1010,14,13,5198,KUROMAKUH,203,20,R,09:00,12:00
103249,CIVL-3015,14,01,5043,HOLLISTER,201,19,TR,14:00,15:15
103250,CIVL-3020,14,01,5044,GERBERHAL,206,19,M,13:00,16:00
103251,CIVL-3040,14,01,5045,KRIEBELHA,103,19,TR,15:30,16:45
103252,CIVL-3060,14,01,5046,KRIEBELHA,103,19,MWF,09:00,09:50
103253,CIVL-4030,14,01,5047,MALLOYHAL,201,19,MWF,15:00,15:50
103254,MATL-3005,14,01,5140,GERBERHAL,203,18,R,09:00,12:00
103255,MATL-3005,14,02,5142,GERBERHAL,203,18,T,09:00,12:00
103256,AERO-1015,14,01,5011,GERBERHAL,203,17,F,13:00,16:00
103257,AERO-1015,14,02,5013,GERBERHAL,206,17,F,13:00,16:00
103258,CHEM-3010,14,01,5025,GERBERHAL,205,16,M,13:00,16:00
103259,CHEM-3010,14,02,5026,GERBERHAL,205,16,W,13:00,16:00
103260,CIVL-1015,14,01,5048,KEITHHALL,203,16,W,13:00,16:00
103261,CIVL-1015,14,02,5049,GERBERHAL,205,16,R,13:00,16:00
103262,EENG-1010,14,01,5094,GERBERHAL,205,16,T,09:00,12:00
103263,EENG-1010,14,02,5095,GERBERHAL,205,16,R,09:00,12:00
103264,COMP-1020,14,01,5064,HORNCOMPU,103,15,R,09:00,12:00
103265,COMP-1020,14,02,5065,HORNCOMPU,103,15,F,13:00,16:00
103266,MANU-1010,14,01,5122,KEITHHALL,203,15,R,13:00,16:00
103267,MANU-1010,14,02,5123,KEITHHALL,203,15,M,13:00,16:00
103268,CHEM-3045,14,01,5027,HORNLIBRA,101,13,F,13:00,14:50
103269,CHEM-3045,14,02,5029,HORNLIBRA,102,13,F,13:00,14:50
103270,AERO-1005,14,01,5001,LUKSICHAL,202,12,MWF,14:00,14:50
103271,AERO-2005,14,01,5002,HOLLISTER,201,12,TR,12:30,13:45
103272,AERO-2010,14,01,5003,KEITHHALL,205,12,M,13:00,16:00
103273,CHEM-2010,14,01,5030,LUKSICHAL,104,12,TR,15:30,16:45
103274,CHEM-2015,14,01,5031,HOLLISTER,201,12,MWF,08:00,08:50
103275,CHEM-2020,14,01,5032,GERBERHAL,205,12,F,13:00,16:00
103276,CHMY-1005,14,01,5034,KEITHHALL,103,12,TR,14:00,15:15
103277,CHMY-1010,14,01,5035,KEITHHALL,205,12,W,13:00,16:00
103278,CHMY-2005,14,01,5036,KRIEBELHA,103,12,MWF,11:00,11:50
103279,CIVL-1005,14,01,5050,SULLIVANB,201,12,MWF,15:00,15:50
103280,CIVL-2010,14,01,5051,LUKSICHAL,104,12,MWF,09:00,09:50
103281,CIVL-2015,14,01,5053,LUKSICHAL,201,12,TR,15:30,16:45
103282,CIVL-3005,14,01,5040,HOLLISTER,201,12,MWF,13:00,13:50
103283,CIVL-3010,14,01,5042,KEITHHALL,203,12,F,13:00,16:00
103284,COMP-1005,14,01,5066,LUKSICHAL,104,12,MWF,11:00,11:50
103285,COMP-1010,14,01,5067,HORNCOMPU,103,12,R,13:00,16:00
103286,COMP-2010,14,01,5069,KRIEBELHA,103,12,TR,08:00,09:15
103287,COMP-3010,14,01,5070,LUKSICHAL,104,12,TR,08:00,09:15
103288,COMP-4010,14,01,5071,HORNLIBRA,103,12,F,13:00,14:50
103289,COMP-4010,14,02,5055,HORNLIBRA,103,12,R,16:00,17:50
103290,COMP-4010,14,03,5056,HORNLIBRA,103,12,F,15:00,16:50
103291,EENG-1015,14,01,5097,LUKSICHAL,201,12,MWF,09:00,09:50
103292,EENG-2005,14,01,5098,WESTGATEH,103,12,MWF,15:00,15:50
103293,EENG-2010,14,01,5085,GERBERHAL,205,12,T,13:00,16:00
103294,EENG-2015,14,01,5086,WESTGATEH,201,12,MWF,15:00,15:50
103295,EENG-3010,14,01,5087,MUSTARDHA,104,12,MWF,14:00,14:50
103296,ENGR-1005,14,01,5080,LUKSICHAL,201,12,TR,08:00,09:15
103297,ENGR-1015,14,01,5083,KEITHHALL,103,12,TR,12:30,13:45
103298,ENGR-2005,14,01,5073,KEITHHALL,103,12,MWF,08:00,08:50
103299,ENGR-3005,14,01,5072,LUKSICHAL,201,12,MWF,11:00,11:50
103300,MANU-1005,14,01,5124,LUKSICHAL,202,12,TR,08:00,09:15
103301,MANU-2015,14,01,5126,KEITHHALL,203,12,T,13:00,16:00
103302,MANU-2020,14,01,5115,LUKSICHAL,104,12,TR,11:00,12:15
103303,MANU-3005,14,01,5116,LUKSICHAL,202,12,MWF,09:00,09:50
103304,MANU-3010,14,01,5117,MALLOYHAL,201,12,MWF,14:00,14:50
103305,MATH-1005,14,01,5175,KUROMAKUH,104,12,MWF,15:00,15:50
103306,MATH-2010,14,01,5177,LUKSICHAL,202,12,TR,15:30,16:45
103307,MATH-2020,14,01,5160,LUKSICHAL,201,12,TR,09:30,10:45
103308,MATH-3010,14,01,5161,KRIEBELHA,103,12,MWF,08:00,08:50
103309,MATH-3015,14,01,5162,MUSTARDHA,104,12,MWF,09:00,09:50
103310,MATL-2005,14,01,5144,KRIEBELHA,103,12,TR,14:00,15:15
103311,MATL-2015,14,01,5145,KEITHHALL,103,12,MWF,13:00,13:50
103312,MATL-3010,14,01,5129,LUKSICHAL,201,12,TR,11:00,12:15
103313,MATL-3015,14,01,5130,KEITHHALL,203,12,R,09:00,12:00
103314,MECH-2015,14,01,5154,LUKSICHAL,104,12,MWF,10:00,10:50
103315,MECH-2020,14,01,5155,LUKSICHAL,201,12,MWF,10:00,10:50
103316,MECH-2025,14,01,5156,KEITHHALL,203,12,T,09:00,12:00
103317,MECH-3010,14,01,5158,KRIEBELHA,206,12,W,13:00,16:00
103318,MECH-3015,14,01,5159,MUSTARDHA,104,12,TR,15:30,16:45
103319,NUCL-1005,14,01,5195,LUKSICHAL,202,12,MWF,11:00,11:50
103320,NUCL-2005,14,01,5178,LUKSICHAL,104,12,MWF,08:00,08:50
103321,NUCL-3010,14,01,5179,MUSTARDHA,104,12,TR,08:00,09:15
103322,NUCL-3020,14,01,5182,KEITHHALL,205,12,R,13:00,16:00
103323,PHYS-1015,14,01,5199,KRIEBELHA,103,12,MWF,13:00,13:50
103324,PHYS-1020,14,01,5200,KEITHHALL,205,12,T,13:00,16:00
103325,ENGR-1010,15,01,5072,GERBERHAL,105,36,MWF,10:00,10:50
103326,ENGR-1010,15,02,5073,GERBERHAL,105,36,TR,12:30,13:45
103327,ENGR-1010,15,03,5074,GERBERHAL,201,36,TR,12:30,13:45
103328,ENGR-1010,15,04,5075,HOLLISTER,105,36,TR,12:30,13:45
103329,ENGR-1010,15,05,5076,GERBERHAL,105,36,TR,15:30,16:45
103330,ENGR-1010,15,06,5077,GERBERHAL,105,36,MWF,15:00,15:50
103331,ENGR-1010,15,07,5078,GERBERHAL,105,36,MWF,11:00,11:50
103332,ENGR-1010,15,08,5079,GERBERHAL,201,36,MWF,15:00,15:50
103333,MATH-1010,15,01,5160,GERBERHAL,105,36,TR,09:30,10:45
103334,MATH-1010,15,02,5161,GERBERHAL,105,36,MWF,09:00,09:50
103335,MATH-1010,15,03,5162,GERBERHAL,105,36,MWF,13:00,13:50
103336,MATH-1010,15,04,5163,GERBERHAL,201,36,MWF,13:00,13:50
103337,MATH-1010,15,05,5164,GERBERHAL,201,36,TR,09:30,10:45
103338,MATH-1010,15,06,5165,GERBERHAL,105,36,MWF,14:00,14:50
103339,MATH-1010,15,07,5166,GERBERHAL,201,36,TR,15:30,16:45
103340,MATH-1010,15,08,5167,GERBERHAL,201,36,MWF,14:00,14:50
103341,MATL-1005,15,01,5129,GERBERHAL,105,36,TR,11:00,12:15
103342,MATL-1010,15,01,5130,GERBERHAL,201,36,MWF,11:00,11:50
103343,MATL-2010,15,01,5131,HOLLISTER,105,36,MWF,11:00,11:50
103344,MATL-4010,15,01,5132,GERBERHAL,105,36,TR,14:00,15:15
103345,PHYS-1005,15,01,5197,GERBERHAL,201,36,MWF,09:00,09:50
103346,PHYS-1005,15,02,5198,HOLLISTER,105,36,MWF,15:00,15:50
103347,PHYS-1005,15,03,5199,HOLLISTER,106,36,TR,12:30,13:45
103348,PHYS-1005,15,04,5200,GERBERHAL,105,36,TR,08:00,09:15
103349,PHYS-1005,15,05,5201,HOLLISTER,105,36,MWF,09:00,09:50
103350,PHYS-1005,15,06,5202,HOLLISTER,106,36,MWF,11:00,11:50
103351,PHYS-1005,15,07,5203,HOLLISTER,106,36,MWF,09:00,09:50
103352,PHYS-1005,15,08,5204,HOLLISTER,106,36,MWF,15:00,15:50
103353,AERO-1010,15,01,5001,HOLLISTER,105,33,MWF,14:00,14:50
103354,AERO-2015,15,01,5002,HOLLISTER,202,33,MWF,11:00,11:50
103355,AERO-2020,15,01,5003,GERBERHAL,201,33,MWF,10:00,10:50
103356,AERO-3005,15,01,5004,HOLLISTER,105,33,TR,15:30,16:45
103357,AERO-4010,15,01,5005,HOLLISTER,105,33,TR,09:30,10:45
103358,CHEM-1005,15,01,5016,KUROMAKUH,104,32,MWF,09:00,09:50
103359,CHEM-2005,15,01,5017,KUROMAKUH,104,32,MWF,13:00,13:50
103360,CHEM-3005,15,01,5018,KUROMAKUH,104,32,MWF,08:00,08:50
103361,CHEM-3015,15,01,5019,KUROMAKUH,104,32,TR,14:00,15:15
103362,CHEM-4010,15,01,5020,KUROMAKUH,104,32,MWF,15:00,15:50
103363,CHMY-1015,15,01,5033,KUROMAKUH,104,32,TR,12:30,13:45
103364,CIVL-1010,15,01,5040,KUROMAKUH,106,32,TR,14:00,15:15
103365,CIVL-2005,15,01,5041,KUROMAKUH,104,32,MWF,10:00,10:50
103366,CIVL-4010,15,01,5042,KUROMAKUH,106,32,MWF,15:00,15:50
103367,EENG-1005,15,01,5085,KUROMAKUH,104,32,TR,08:00,09:15
103368,EENG-3005,15,01,5086,KEITHHALL,105,32,TR,14:00,15:15
103369,EENG-4010,15,01,5087,KUROMAKUH,104,32,MWF,14:00,14:50
103370,MATH-2005,15,01,5168,KUROMAKUH,106,31,MWF,09:00,09:50
103371,MATH-2005,15,02,5169,KUROMAKUH,106,31,TR,08:00,09:15
103372,MATH-2005,15,03,5170,KEITHHALL,105,31,MWF,09:00,09:50
103373,MATH-3005,15,01,5171,KUROMAKUH,106,31,MWF,13:00,13:50
103374,MATH-3005,15,02,5172,KUROMAKUH,104,31,TR,09:30,10:45
103375,COMP-1015,15,01,5055,KRIEBELHA,201,30,TR,14:00,15:15
103376,COMP-2005,15,01,5056,KEITHHALL,105,30,MWF,13:00,13:50
103377,COMP-3005,15,01,5057,KUROMAKUH,104,30,MWF,11:00,11:50
103378,MANU-2005,15,01,5115,KRIEBELHA,201,30,MWF,13:00,13:50
103379,MANU-2010,15,01,5116,KEITHHALL,105,30,MWF,15:00,15:50
103380,MANU-4010,15,01,5117,KUROMAKUH,106,30,MWF,08:00,08:50
103381,MATH-2015,15,01,5173,KUROMAKUH,106,30,MWF,10:00,10:50
103382,MECH-2005,15,01,5146,KUROMAKUH,105,28,MWF,15:00,15:50
103383,MECH-2010,15,01,5147,KUROMAKUH,105,28,TR,09:30,10:45
103384,MECH-3005,15,01,5148,KUROMAKUH,105,28,MWF,10:00,10:50
103385,MECH-4010,15,01,5149,KUROMAKUH,105,28,MWF,11:00,11:50
103386,HUMN-1005,15,01,5100,GERBERHAL,103,26,MWF,10:00,10:50
103387,HUMN-1005,15,02,5101,KUROMAKUH,105,26,MWF,09:00,09:50
103388,HUMN-1010,15,01,5102,HOLLISTER,102,26,MWF,10:00,10:50
103389,HUMN-1010,15,02,5103,KUROMAKUH,105,26,TR,15:30,16:45
103390,HUMN-1015,15,01,5104,HOLLISTER,103,26,MWF,10:00,10:50
103391,HUMN-1015,15,02,5105,HOLLISTER,201,26,MWF,10:00,10:50
103392,HUMN-2005,15,01,5106,GERBERHAL,103,26,TR,15:30,16:45
103393,HUMN-2005,15,02,5107,GERBERHAL,103,26,MWF,09:00,09:50
103394,HUMN-2010,15,01,5108,HOLLISTER,102,26,MWF,09:00,09:50
103395,HUMN-2010,15,02,5109,KUROMAKUH,105,26,MWF,13:00,13:50
103396,HUMN-2015,15,01,5110,KUROMAKUH,105,26,TR,12:30,13:45
103397,HUMN-2015,15,02,5111,KEITHHALL,103,26,MWF,10:00,10:50
103398,HUMN-3005,15,01,5112,KRIEBELHA,103,26,MWF,10:00,10:50
103399,HUMN-3005,15,02,5114,GERBERHAL,103,26,TR,12:30,13:45
103400,HUMN-3010,15,01,5102,HOLLISTER,103,26,MWF,09:00,09:50
103401,HUMN-3010,15,02,5103,HOLLISTER,201,26,MWF,09:00,09:50
103402,SOCS-1005,15,01,5220,KUROMAKUH,105,26,TR,08:00,09:15
103403,SOCS-1005,15,02,5221,KUROMAKUH,105,26,TR,11:00,12:15
103404,SOCS-1010,15,01,5222,GERBERHAL,103,26,MWF,15:00,15:50
103405,SOCS-1010,15,02,5223,KUROMAKUH,105,26,TR,14:00,15:15
103406,SOCS-2005,15,01,5224,GERBERHAL,103,26,MWF,13:00,13:50
103407,SOCS-2005,15,02,5225,GERBERHAL,103,26,MWF,11:00,11:50
103408,SOCS-2010,15,01,5226,HOLLISTER,102,26,TR,12:30,13:45
103409,SOCS-2010,15,02,5227,HOLLISTER,102,26,MWF,11:00,11:50
103410,SOCS-2015,15,01,5228,GERBERHAL,103,26,TR,08:00,09:15
103411,SOCS-2015,15,02,5229,HOLLISTER,102,26,TR,08:00,09:15
103412,SOCS-3005,15,01,5230,GERBERHAL,103,26,TR,11:00,12:15
103413,SOCS-3005,15,02,5231,GERBERHAL,103,26,TR,09:30,10:45
103414,SOCS-3010,15,01,5220,HOLLISTER,103,26,TR,12:30,13:45
103415,SOCS-3010,15,02,5222,KUROMAKUH,105,26,MWF,14:00,14:50
103416,SOCS-3015,15,01,5223,HOLLISTER,103,26,TR,08:00,09:15
103417,SOCS-3015,15,02,5224,HOLLISTER,102,26,MWF,15:00,15:50
103418,PHYS-2005,15,01,5205,HOLLISTER,201,25,TR,12:30,13:45
103419,PHYS-2005,15,02,5206,KEITHHALL,103,25,MWF,09:00,09:50
103420,PHYS-2005,15,03,5207,HOLLISTER,103,25,MWF,11:00,11:50
103421,MANU-3025,15,01,5118,HOLLISTER,201,23,TR,08:00,09:15
103422,MANU-3030,15,01,5119,KEITHHALL,103,23,TR,08:00,09:15
103423,MANU-4020,15,01,5120,KUROMAKUH,105,23,MWF,08:00,08:50
103424,MANU-4040,15,01,5121,GERBERHAL,103,23,MWF,08:00,08:50
103425,CHEM-3025,15,01,5021,KRIEBELHA,103,21,MWF,09:00,09:50
103426,CHEM-3030,15,01,5022,GERBERHAL,103,21,TR,14:00,15:15
103427,CHEM-4015,15,01,5023,HOLLISTER,103,21,MWF,15:00,15:50
103428,CHEM-4020,15,01,5024,HOLLISTER,102,21,TR,14:00,15:15
103429,CHEM-4040,15,01,5025,HOLLISTER,102,21,TR,09:30,10:45
103430,EENG-3030,15,01,5088,HOLLISTER,103,21,TR,14:00,15:15
103431,EENG-3100,15,01,5089,HOLLISTER,201,21,TR,14:00,15:15
103432,EENG-3120,15,01,5090,KUROMAKUH,201,21,F,13:00,16:00
103433,EENG-4020,15,01,5091,HOLLISTER,102,21,MWF,13:00,13:50
103434,EENG-4095,15,01,5092,HOLLISTER,201,21,MWF,15:00,15:50
103435,EENG-4110,15,01,5093,KUROMAKUH,201,21,W,13:00,16:00
103436,MATL-3020,15,01,5133,KEITHHALL,103,21,MWF,15:00,15:50
103437,MATL-3035,15,01,5134,KUROMAKUH,201,21,T,09:00,12:00
103438,MATL-3040,15,01,5135,KRIEBELHA,103,21,MWF,15:00,15:50
103439,MATL-3055,15,01,5136,HOLLISTER,102,21,TR,11:00,12:15
103440,MATL-3060,15,01,5137,KRIEBELHA,103,21,TR,08:00,09:15
103441,MATL-4025,15,01,5138,GERBERHAL,103,21,MWF,14:00,14:50
103442,MATL-4030,15,01,5139,LUKSICHAL,104,21,MWF,10:00,10:50
103443,MECH-3030,15,01,5150,KEITHHALL,103,21,TR,12:30,13:45
103444,MECH-3050,15,01,5151,HOLLISTER,103,21,MWF,13:00,13:50
103445,MECH-4020,15,01,5152,HOLLISTER,102,21,TR,15:30,16:45
103446,MECH-4040,15,01,5153,HOLLISTER,201,21,MWF,11:00,11:50
103447,AERO-3025,15,01,5006,LUKSICHAL,104,20,MWF,09:00,09:50
103448,AERO-4015,15,01,5007,LUKSICHAL,104,20,MWF,15:00,15:50
103449,AERO-4035,15,01,5008,HOLLISTER,102,20,MWF,14:00,14:50
103450,AERO-4055,15,01,5009,KRIEBELHA,103,20,TR,12:30,13:45
103451,AERO-4060,15,01,5010,KEITHHALL,103,20,TR,14:00,15:15
103452,COMP-3025,15,01,5058,KEITHHALL,103,20,MWF,11:00,11:50
103453,COMP-3030,15,01,5059,HORNCOMPU,103,20,M,13:00,16:00
103454,COMP-3050,15,01,5060,HOLLISTER,103,20,TR,09:30,10:45
103455,COMP-4015,15,01,5061,HOLLISTER,201,20,TR,09:30,10:45
103456,COMP-4020,15,01,5062,LUKSICHAL,104,20,TR,12:30,13:45
103457,COMP-4040,15,01,5063,HOLLISTER,102,20,MWF,08:00,08:50
103458,NUCL-1010,15,01,5178,KEITHHALL,103,20,TR,09:30,10:45
103459,NUCL-1010,15,02,5179,KRIEBELHA,103,20,TR,14:00,15:15
103460,NUCL-2010,15,01,5180,LUKSICHAL,104,20,TR,14:00,15:15
103461,NUCL-2010,15,02,5181,KRIEBELHA,103,20,MWF,11:00,11:50
103462,NUCL-3005,15,01,5182,HOLLISTER,201,20,MWF,13:00,13:50
103463,NUCL-3005,15,02,5183,HOLLISTER,103,20,MWF,14:00,14:50
103464,NUCL-3015,15,01,5184,KUROMAKUH,202,20,R,13:00,16:00
103465,NUCL-3015,15,02,5185,KUROMAKUH,202,20,R,09:00,12:00
103466,NUCL-3035,15,01,5186,KRIEBELHA,103,20,TR,09:30,10:45
103467,NUCL-3040,15,01,5187,HOLLISTER,103,20,MWF,08:00,08:50
103468,NUCL-3060,15,01,5188,KUROMAKUH,202,20,T,09:00,12:00
103469,NUCL-4010,15,01,5189,LUKSICHAL,104,20,MWF,11:00,11:50
103470,NUCL-4010,15,02,5190,LUKSICHAL,201,20,TR,14:00,15:15
103471,NUCL-4025,15,01,5191,KEITHHALL,103,20,MWF,13:00,13:50
103472,NUCL-4030,15,01,5193,LUKSICHAL,201,20,MWF,09:00,09:50
103473,NUCL-4050,15,01,5194,LUKSICHAL,201,20,MWF,10:00,10:50
103474,PHYS-1010,15,01,5208,KUROMAKUH,202,20,F,13:00,16:00
103475,PHYS-1010,15,02,5209,KUROMAKUH,203,20,R,13:00,16:00
103476,PHYS-1010,15,03,5210,KUROMAKUH,202,20,M,13:00,16:00
103477,PHYS-1010,15,04,5211,KUROMAKUH,202,20,T,13:00,16:00
103478,PHYS-1010,15,05,5212,KUROMAKUH,203,20,M,13:00,16:00
103479,PHYS-1010,15,06,5213,KUROMAKUH,203,20,R,09:00,12:00
103480,PHYS-1010,15,07,5214,GERBERHAL,203,20,R,13:00,16:00
103481,PHYS-1010,15,08,5215,KUROMAKUH,202,20,W,13:00,16:00
103482,PHYS-1010,15,09,5217,KUROMAKUH,203,20,W,13:00,16:00
103483,PHYS-1010,15,10,5218,KUROMAKUH,203,20,T,09:00,12:00
103484,PHYS-1010,15,11,5219,GERBERHAL,203,20,R,09:00,12:00
103485,PHYS-1010,15,12,5197,KUROMAKUH,203,20,F,13:00,16:00
103486,PHYS-1010,15,13,5199,GERBERHAL,203,20,W,13:00,16:00
103487,CIVL-3015,15,01,5043,LUKSICHAL,201,19,MWF,15:00,15:50
103488,CIVL-3020,15,01,5044,GERBERHAL,206,19,R,09:00,12:00
103489,CIVL-3040,15,01,5045,LUKSICHAL,202,19,TR,14:00,15:15
103490,CIVL-3060,15,01,5046,KRIEBELHA,103,19,MWF,13:00,13:50
103491,CIVL-4030,15,01,5047,LUKSICHAL,201,19,MWF,11:00,11:50
103492,MATL-3005,15,01,5140,KUROMAKUH,203,18,T,13:00,16:00
103493,MATL-3005,15,02,5142,GERBERHAL,203,18,T,13:00,16:00
103494,AERO-1015,15,01,5011,HOLLISTER,203,17,R,09:00,12:00
103495,AERO-1015,15,02,5013,GERBERHAL,206,17,W,13:00,16:00
103496,CHEM-3010,15,01,5026,GERBERHAL,205,16,F,13:00,16:00
103497,CHEM-3010,15,02,5027,GERBERHAL,205,16,R,13:00,16:00
103498,CIVL-1015,15,01,5048,GERBERHAL,205,16,R,09:00,12:00
103499,CIVL-1015,15,02,5049,KEITHHALL,203,16,R,13:00,16:00
103500,EENG-1010,15,01,5094,KEITHHALL,203,16,R,09:00,12:00
103501,EENG-1010,15,02,5095,GERBERHAL,205,16,T,13:00,16:00
103502,COMP-1020,15,01,5064,HORNCOMPU,103,15,R,09:00,12:00
103503,COMP-1020,15,02,5065,HORNCOMPU,103,15,T,09:00,12:00
103504,MANU-1010,15,01,5122,KEITHHALL,203,15,F,13:00,16:00
103505,MANU-1010,15,02,5123,KEITHHALL,205,15,R,09:00,12:00
103506,AERO-1005,15,01,5001,LUKSICHAL,202,12,MWF,09:00,09:50
103507,AERO-2005,15,01,5002,LUKSICHAL,201,12,TR,12:30,13:45
103508,AERO-2010,15,01,5003,KRIEBELHA,206,12,R,09:00,12:00
103509,CHEM-2010,15,01,5029,LUKSICHAL,202,12,MWF,11:00,11:50
103510,CHEM-2015,15,01,5030,MUSTARDHA,104,12,TR,14:00,15:15
103511,CHEM-2020,15,01,5031,GERBERHAL,205,12,W,13:00,16:00
103512,CHEM-3045,15,01,5032,HORNLIBRA,103,12,T,16:00,17:50
103513,CHEM-3045,15,02,5017,HORNLIBRA,103,12,F,15:00,16:50
103514,CHMY-1005,15,01,5034,HOLLISTER,103,12,TR,15:30,16:45
103515,CHMY-1010,15,01,5035,KEITHHALL,203,12,T,13:00,16:00
103516,CHMY-2005,15,01,5036,HOLLISTER,201,12,MWF,08:00,08:50
103517,CIVL-1005,15,01,5050,HOLLISTER,201,12,TR,15:30,16:45
103518,CIVL-2010,15,01,5051,MALLOYHAL,201,12,TR,14:00,15:15
103519,CIVL-2015,15,01,5052,LUKSICHAL,104,12,TR,08:00,09:15
103520,CIVL-3005,15,01,5053,SULLIVANB,201,12,TR,14:00,15:15
103521,CIVL-3010,15,01,5040,GERBERHAL,205,12,T,09:00,12:00
103522,COMP-1005,15,01,5066,KEITHHALL,103,12,TR,15:30,16:45
103523,COMP-1010,15,01,5067,HORNCOMPU,103,12,W,13:00,16:00
103524,COMP-2010,15,01,5069,LUKSICHAL,202,12,TR,12:30,13:45
103525,COMP-3010,15,01,5071,LUKSICHAL,104,12,MWF,13:00,13:50
103526,COMP-4010,15,01,5055,HORNLIBRA,103,12,M,16:00,17:50
103527,COMP-4010,15,02,5056,HORNLIBRA,103,12,R,16:00,17:50
103528,COMP-4010,15,03,5057,HORNLIBRA,103,12,F,13:00,14:50
103529,EENG-1015,15,01,5096,LUKSICHAL,202,12,MWF,15:00,15:50
103530,EENG-2005,15,01,5097,WESTGATEH,103,12,TR,14:00,15:15
103531,EENG-2010,15,01,5098,KEITHHALL,205,12,R,13:00,16:00
103532,EENG-2015,15,01,5085,KRIEBELHA,103,12,TR,15:30,16:45
103533,EENG-3010,15,01,5086,HOLLISTER,201,12,MWF,14:00,14:50
103534,ENGR-1005,15,01,5080,KEITHHALL,103,12,MWF,08:00,08:50
103535,ENGR-1015,15,01,5082,KRIEBELHA,103,12,MWF,08:00,08:50
103536,ENGR-2005,15,01,5083,KEITHHALL,103,12,MWF,14:00,14:50
103537,ENGR-3005,15,01,5072,MUSTARDHA,104,12,MWF,11:00,11:50
103538,MANU-1005,15,01,5124,MALLOYHAL,201,12,MWF,11:00,11:50
103539,MANU-2015,15,01,5125,GERBERHAL,205,12,M,13:00,16:00
103540,MANU-2020,15,01,5128,HOLLISTER,103,12,TR,11:00,12:15
103541,MANU-3005,15,01,5115,LUKSICHAL,104,12,TR,09:30,10:45
103542,MANU-3010,15,01,5116,LUKSICHAL,201,12,MWF,13:00,13:50
103543,MATH-1005,15,01,5175,WESTGATEH,201,12,TR,14:00,15:15
103544,MATH-2010,15,01,5177,KRIEBELHA,103,12,MWF,14:00,14:50
103545,MATH-2020,15,01,5160,LUKSICHAL,201,12,TR,08:00,09:15
103546,MATH-3010,15,01,5161,LUKSICHAL,104,12,MWF,08:00,08:50
103547,MATH-3015,15,01,5162,LUKSICHAL,202,12,MWF,10:00,10:50
103548,MATL-2005,15,01,5145,LUKSICHAL,104,12,MWF,14:00,14:50
103549,MATL-2015,15,01,5129,MUSTARDHA,104,12,MWF,10:00,10:50
103550,MATL-3010,15,01,5130,MUSTARDHA,104,12,TR,12:30,13:45
103551,MATL-3015,15,01,5131,KEITHHALL,203,12,T,09:00,12:00
103552,MECH-2015,15,01,5154,SULLIVANB,201,12,MWF,11:00,11:50
103553,MECH-2020,15,01,5155,LUKSICHAL,202,12,TR,08:00,09:15
103554,MECH-2025,15,01,5156,KEITHHALL,203,12,M,13:00,16:00
103555,MECH-3010,15,01,5158,KRIEBELHA,206,12,R,13:00,16:00
103556,MECH-3015,15,01,5159,LUKSICHAL,201,12,MWF,14:00,14:50
103557,NUCL-1005,15,01,5178,MALLOYHAL,201,12,MWF,10:00,10:50
103558,NUCL-2005,15,01,5179,WESTGATEH,103,12,MWF,11:00,11:50
103559,NUCL-3010,15,01,5180,SULLIVANB,201,12,MWF,10:00,10:50
103560,NUCL-3020,15,01,5184,KEITHHALL,205,12,M,13:00,16:00
103561,PHYS-1015,15,01,5198,WESTGATEH,103,12,MWF,10:00,10:50
103562,PHYS-1020,15,01,5201,KEITHHALL,205,12,T,09:00,12:00
