catnum,major_minor_code,course_title,course_desc,course_type,units,active_flag,create_date,last_update_date,updated_by_user_id,optimistic_lock,locked_by_user_id
AERO-1005,AER,Experimental Methods in Aerospace Engineering I,"Wind tunnel testing, pressure transducers, strain gauges, and data acquisition systems form the toolkit for this first course in aerospace experimentation. Students plan simple test matrices, calibrate instruments, and propagate measurement uncertainty through calculated results. Emphasis falls on building the habits of careful observation and honest error reporting that later design and research courses assume are already in place.",LEC,4,t,,,,,
AERO-1010,AER,Aerospace Engineering Laboratory I,"Weekly experiments introduce the basic apparatus of aerospace testing: a subsonic wind tunnel for airfoil pressure distributions, load frames for beam and column testing, and a shock tube for an introduction to compressible flow. Each session pairs a short apparatus briefing with data collection, and students submit a formal lab report analyzing results against theoretical predictions. The course establishes report format, units discipline, and error estimation used throughout the sequence. Laboratory companion to AERO-1005.",LAB,2,t,,,,,
AERO-1015,AER,Aerodynamics,"Covers the fundamentals of incompressible aerodynamics: airfoil theory, thin-airfoil and lifting-line approximations, boundary layer behavior, and the sources of lift and drag on wings and bodies. Potential flow solutions, pressure coefficients, and simple panel methods give students hand-calculation tools before any computational treatment. Problem sets connect theory to real airfoil geometries and wing planforms used in general aviation and early jet aircraft.",LEC,4,t,,,,,
AERO-1020,AER,Computational Methods in Aerospace Engineering,"Numerical methods central to aerospace practice are introduced here: root finding, numerical integration, linear system solvers, and finite-difference approximations to ordinary differential equations, applied to trajectory, structural, and flow problems drawn from the rest of the curriculum. Students write and debug their own short programs rather than relying on packaged solvers, building intuition for where numerical error and instability come from. No prior programming background beyond basic scripting is assumed.",LEC,4,t,,,,,
AERO-1025,AER,Finite Element Method I,"Introduces the finite element method through one-dimensional bar and beam elements before extending to plane stress and plane strain problems in two dimensions. Topics include shape functions, stiffness matrix assembly, boundary condition application, and mesh convergence, worked by hand on small problems before moving to a simple solver. Students leave able to set up and interpret a basic structural finite element model, not just operate a commercial package.",LEC,4,t,,,,,
AERO-1030,AER,Introduction to Aerospace Engineering Systems,"Surveys how an aircraft or spacecraft fits together as an integrated system: propulsion, structures, avionics, and controls, and the trade-offs engineers make when none of these subsystems can be optimized in isolation. Case studies of existing aircraft and small satellites illustrate how requirements flow down from mission need to subsystem specification. A term project has student teams size a simple vehicle concept against a stated mission requirement.",LEC,4,t,,,,,
AERO-1035,AER,Introduction to Aerospace Engineering Systems Laboratory,"Hands-on sessions build small subsystem demonstrations tied to the topics covered in lecture: a servo-actuated control surface, a simple avionics breadboard, and a scale structural mockup instrumented with strain gauges. Students disassemble and measure components, record subsystem performance data, and write short reports connecting bench results to the systems concepts covered that week. Laboratory companion to AERO-1030.",LAB,2,t,,,,,
AERO-1040,AER,Introduction to Turbulent Flow,"Examines how flows transition from laminar to turbulent and the statistical tools engineers use once that transition happens: Reynolds decomposition, the closure problem, boundary layer turbulence, and simple mixing-length models. Classic experiments and flow visualizations anchor the discussion of eddy structure and energy cascade. The course builds physical intuition for turbulence that later coursework in computational fluid dynamics and propulsion takes for granted.",LEC,4,t,,,,,
AERO-1045,AER,Introduction to Aeronautics,"A broad first look at how airplanes fly and are designed, covering the four forces of flight, basic performance calculations for range and endurance, stability and control concepts, and a short history of aircraft configuration development. Simple hand calculations for climb rate, takeoff distance, and glide ratio give students a working vocabulary before more rigorous aerodynamics and performance courses. No prior aerospace coursework is assumed.",LEC,4,t,,,,,
AERO-1050,AER,Introduction to Gas Dynamics,"Covers compressible flow fundamentals: the speed of sound, isentropic flow relations, normal and oblique shock waves, and flow through converging-diverging nozzles. Students work through Fanno and Rayleigh flow problems and learn to read compressible flow tables before any computational treatment is introduced. The course sets up the physical vocabulary that propulsion and high-speed aerodynamics courses build on later.",LEC,4,t,,,,,
AERO-2005,AER,Experimental Methods in Aerospace Engineering II,"Building on basic instrumentation skills, this course moves into hot-wire anemometry, particle image velocimetry, and high-speed data acquisition for unsteady flow measurement. Students design their own test procedures rather than following a fixed protocol, then defend their methodology in a written report. Signal noise, sensor bandwidth, and calibration drift are treated as engineering problems in their own right, not just sources of error to be tolerated.",LEC,4,t,,,,,
AERO-2010,AER,Aerospace Engineering Laboratory II,"The second laboratory sequence moves to supersonic wind tunnel operation, vibration testing of cantilevered beams, and rotor balance measurements on a small-scale propeller rig. Students work in teams to design a test plan for one open-ended experiment chosen from a short list of options, then present findings alongside the standard written report. Instrumentation calibration and schlieren flow visualization are introduced for the first time here. Laboratory companion to AERO-2005.",LAB,2,t,,,,,
AERO-2015,AER,Aerospace Systems Design,"Takes the systems perspective of the introductory course further into a full conceptual design exercise: weight estimation, mission sizing, configuration trade studies, and the iteration loop between subsystem requirements and vehicle performance. Teams carry a chosen aircraft or small spacecraft concept from a mission statement through a preliminary design review. Written and oral deliverables mirror the milestones used in industry design reviews.",LEC,4,t,,,,,
AERO-2020,AER,Aerospace Propulsion,"Surveys the major propulsion types used in flight vehicles: turbojet, turbofan, turboprop, and rocket cycles, analyzed through thermodynamic cycle analysis and thrust and specific impulse calculations. Component-level treatment of inlets, compressors, combustors, and nozzles connects cycle performance to hardware constraints. Problem sets compare cycle choices across flight regimes, from subsonic transport to high-altitude cruise.",LEC,4,t,,,,,
AERO-2025,AER,Aerospace Structures,"Applies structural mechanics to the thin-walled, weight-critical construction typical of aircraft and spacecraft: stress analysis of stiffened panels, shear flow in open and closed sections, buckling of columns and plates, and an introduction to composite laminate behavior. Design problems use realistic wing and fuselage cross-sections rather than idealized beams. Margin of safety calculations are carried through as the course's running deliverable.",LEC,4,t,,,,,
AERO-2030,AER,Aircraft Dynamics and Control,"Derives the equations of motion for a rigid aircraft and uses them to study longitudinal and lateral-directional stability, trim conditions, and the response to control surface deflection. Classical control techniques, including root locus and frequency response methods, are applied to design simple stability augmentation and autopilot loops. Simulation exercises let students see how stability derivatives shape handling qualities.",LEC,4,t,,,,,
AERO-2035,AER,Computational Fluid Dynamics II,"Extends numerical flow simulation from simple model equations into full Navier-Stokes solvers: finite volume discretization, upwind schemes, turbulence closure models, and mesh generation for realistic geometries. Students run and post-process simulations of flow over airfoils and simple three-dimensional bodies, comparing solver output against experimental or analytical benchmarks. Grid convergence studies and solution verification are treated as required practice, not optional extras.",LEC,4,t,,,,,
AERO-3005,AER,Gas-Turbine Propulsion,"A focused, advanced treatment of gas-turbine engines: compressor and turbine stage design, off-design performance mapping, combustor stability, and the mechanical and thermal constraints that limit real engine operation. Students work through component matching problems that connect thermodynamic cycle choices to achievable hardware performance. Case studies of production engine families illustrate how design trade-offs play out in practice.",LEC,4,t,,,,,
AERO-3010,AER,Molecular Gas Dynamics,"Moves beyond continuum gas dynamics into the kinetic theory regime relevant to rarefied and high-altitude flows: the Boltzmann equation, mean free path effects, and the breakdown of continuum assumptions at low density or small length scale. Direct simulation Monte Carlo methods are introduced as the standard computational tool for this regime. Applications include reentry vehicle aerodynamics and low-Earth-orbit drag estimation.",LEC,4,t,,,,,
AERO-3015,AER,Multidisciplinary Design Optimization,"Formal optimization methods are applied to problems that span multiple engineering disciplines at once: gradient-based and gradient-free algorithms, sensitivity analysis, surrogate modeling, and the coupling schemes needed when aerodynamic, structural, and propulsion models must be solved together. Students formulate and solve a multidisciplinary optimization problem of their own choosing as the term project. The course emphasizes problem formulation as much as algorithm mechanics.",LEC,4,t,,,,,
AERO-3020,AER,Structural Dynamics,"Covers vibration and dynamic response of aerospace structures: modal analysis, forced response to harmonic and transient loading, and the onset of flutter in lifting surfaces. Finite element models built in earlier coursework are extended to include mass and damping matrices for dynamic simulation. Ground vibration testing and frequency response measurement give students a direct check against analytical predictions.",LEC,4,t,,,,,
AERO-4005,AER,Solid Mechanics and Aerospace Structures,"A senior-level synthesis of solid mechanics theory and aerospace structural application: three-dimensional stress and strain analysis, failure and fatigue criteria, and design of composite and metallic structures under combined loading. Students work through a structural sizing problem that carries from initial load case definition to a documented margin of safety. The course assumes fluency with thin-walled analysis from earlier structures coursework and pushes into fully three-dimensional treatment.",LEC,4,t,,,,,
AERO-4010,AER,Space Systems Design and Management,"Covers the engineering and programmatic side of spacecraft development: orbital mechanics fundamentals, subsystem budgeting for power, thermal, and communications, and the systems engineering processes, including requirements management and review milestones, that govern real space programs. A term-long design project has students produce a mission concept document and a preliminary systems budget for a small satellite. Cost and schedule constraints are treated as design variables, not afterthoughts.",LEC,4,t,,,,,
AERO-4015,AER,Special Topics in Flight Dynamics and Control,"Topics rotate by offering and cover current research and advanced practice in flight dynamics and control beyond the core sequence. Recent offerings have included nonlinear flight control, adaptive control for damaged aircraft, and control allocation for unconventional vehicle configurations. Readings are drawn from recent journal literature and paired with a substantial project or paper, and the specific topic changes each time the course is offered.",LEC,4,t,,,,,
AERO-4020,AER,Special Topics in Gas Dynamics,"Topics rotate by offering and cover advanced compressible flow subjects not treated in the core gas dynamics sequence. Recent offerings have included hypersonic boundary layers, real-gas effects at high temperature, and detonation wave propagation. Students engage directly with current research papers and complete an independent analysis or computational project on the semester's chosen topic.",LEC,4,t,,,,,
CHEM-1005,CHE,Chemical Engineering Laboratory I,"Introductory experiments cover fluid flow measurement, heat exchanger performance, and basic separation processes such as distillation on bench-scale apparatus. Each session pairs a safety and procedure briefing with data collection, and students submit formal lab reports comparing measured performance against theoretical models. The course establishes the reporting format, unit conversion discipline, and error propagation used throughout the laboratory sequence. Laboratory companion to CHEM-1010.",LAB,2,t,,,,,
CHEM-1010,CHE,Chemical Engineering Unit Operations I,"Introduces the core unit operations of chemical processing: fluid flow through pipes and pumps, heat exchanger design, and basic mass transfer in separation equipment such as distillation columns. Mass and energy balances anchor every problem set, connecting equipment sizing to the underlying conservation principles. The course builds the calculation habits that later, more specialized unit operations coursework assumes are already automatic.",LEC,4,t,,,,,
CHEM-1015,CHE,Chemical Engineering Thermodynamics,"Covers the laws of thermodynamics as applied to chemical process systems: energy and entropy balances, equations of state, and phase equilibrium calculations for pure components and simple mixtures. Problem sets move from closed system energy balances to vapor-liquid equilibrium diagrams used in separation design. The course establishes the thermodynamic vocabulary that unit operations and reactor design courses depend on later.",LEC,4,t,,,,,
CHEM-1020,CHE,Engineering Statistics and Problem Solving,"Applies probability and statistics to engineering data: descriptive statistics, hypothesis testing, regression, and design of experiments, worked through examples drawn from process and quality data rather than abstract problem sets. Students use statistical software to analyze a real or simulated dataset as a term project. The course also introduces structured problem-solving approaches used in engineering practice, including root-cause analysis.",LEC,4,t,,,,,
CHEM-1025,CHE,Introduction to Transport Phenomena,"Introduces the unified treatment of momentum, heat, and mass transfer that underlies chemical engineering analysis: shell balances, Fick's and Fourier's laws, and the analogies between the three transport modes. Students derive governing differential equations for simple geometries such as flow between plates or through a pipe before solving them. The course lays the mathematical groundwork for later unit operations and reactor design coursework.",LEC,4,t,,,,,
CHEM-2005,CHE,Biopharmaceutical Engineering,"Covers the engineering of biologically produced drugs: bioreactor design and scale-up, cell culture kinetics, downstream purification steps such as chromatography, and the regulatory constraints particular to biologic manufacturing. Case studies of monoclonal antibody and vaccine production illustrate how process decisions are shaped by product purity and consistency requirements. Problem sets connect fermentation kinetics to reactor sizing and yield calculations.",LEC,4,t,,,,,
CHEM-2010,CHE,Chemical Process Economics,"Covers the economic analysis tools used to evaluate chemical processes: capital and operating cost estimation, time value of money, net present value and rate of return calculations, and sensitivity analysis under price and demand uncertainty. Students build a cost estimate and economic evaluation for a process flowsheet developed in earlier coursework. The course treats economic feasibility as a design constraint on equal footing with technical performance.",LEC,4,t,,,,,
CHEM-2015,CHE,Chemical Engineering Unit Operations II,"Extends unit operations into more demanding separation and reaction equipment: multicomponent distillation, absorption and stripping columns, and an introduction to reactor sizing for continuous stirred-tank and plug-flow configurations. Design problems require students to size equipment against a specified production target rather than simply verify given performance. Process simulation software is introduced to check hand calculations against a rigorous model.",LEC,4,t,,,,,
CHEM-2020,CHE,Chemical Engineering Laboratory II,"Builds on introductory laboratory skills with more complex unit operations: a packed-bed reactor, a multistage distillation column, and a membrane separation rig. Students work in teams to plan an experimental campaign for one open-ended process problem, then present results alongside a written report benchmarked against a process simulation. Process control loop tuning is introduced for the first time in this sequence. Laboratory companion to CHEM-2015.",LAB,2,t,,,,,
CHEM-2025,CHE,Chemical Product Design II,"Focuses on formulated and structured products rather than bulk commodity chemicals: consumer products, specialty coatings, and materials where microstructure and formulation drive performance as much as composition. Students work through a product design project from customer need identification to a formulated prototype and a supporting technical justification. Sensory and performance testing methods used in industry are introduced alongside traditional process calculations.",LEC,4,t,,,,,
CHEM-3005,CHE,Fluid Mechanics,"A rigorous treatment of fluid mechanics fundamentals: the Navier-Stokes equations, dimensional analysis and similarity, laminar and turbulent internal flow, and boundary layer behavior over submerged bodies. Applications are drawn from both process piping systems and open-channel and external flow problems, reflecting the course's shared audience. Problem sets require students to select and justify appropriate simplifying assumptions rather than apply a single fixed method. Cross-listed with CIVL-1040.",LEC,4,t,,,,,
CHEM-3010,CHE,Global Quality Systems,"Examines the quality management systems that govern chemical and pharmaceutical manufacturing on a global scale: good manufacturing practice, statistical process control, root-cause investigation, and the documentation trail regulators expect. Case studies of manufacturing deviations and recalls illustrate how quality failures propagate through a supply chain. Students draft a quality system document for a hypothetical process as the course's main deliverable.",LEC,4,t,,,,,
CHEM-3015,CHE,Physics of Polymers,"Covers the physical behavior of polymeric materials: chain conformation and molecular weight distribution, glass transition and crystallization, viscoelasticity, and the rheological measurements used to characterize melt and solution behavior. Problem sets connect molecular structure to bulk mechanical and thermal properties observed in processing. The course serves both chemical engineering and materials students, reflected in its dual listing. Cross-listed with MATL-2005.",LEC,4,t,,,,,
CHEM-3020,CHE,Research and Special Problems,"Supervised independent work on a chemical engineering problem chosen in consultation with a faculty advisor, ranging from a literature-based analysis to original experimental or computational research. Students submit a short research proposal at the outset and a written technical report at the end of the term. The scope is calibrated to a single semester's effort and does not assume prior research experience.",IND,2,t,,,,,
CHEM-3025,CHE,Advanced Research and Special Problems,"A continuation track for students with prior independent research experience in the department, carrying a project into greater depth or over more than one semester. Students are expected to propose their own research question, defend their methodology to their advisor, and produce a report suitable as a foundation for a conference presentation or further study. Regular progress checkpoints replace the single end-of-term milestone used in the introductory research course.",IND,2,t,,,,,
CHEM-3030,CHE,Advances in Tissue Engineering,"Surveys current approaches to engineering biological tissue: scaffold materials and fabrication methods, cell seeding and bioreactor culture, and the transport limitations that govern nutrient and oxygen delivery within engineered constructs. Recent literature on organ-on-chip systems and 3D bioprinting supplements the core coverage. Students critique a current research paper and propose an extension as a term assignment.",LEC,4,t,,,,,
CHEM-4005,CHE,Process Simulation and Design,"A capstone-level treatment of process flowsheet development using commercial simulation tools: thermodynamic model selection, unit operation blocks, recycle convergence, and heat integration across a complete process. Teams carry a process from a preliminary flowsheet through a simulated, heat-integrated design with supporting economic evaluation. The course requires fluency with the unit operations and thermodynamics coverage from earlier semesters.",LEC,4,t,,,,,
CHEM-4010,CHE,Reaction Engineering Design,"Applies reaction engineering principles to the design of complete reaction systems within a larger process context: reactor selection among competing configurations, catalyst deactivation, and the trade-offs between conversion, selectivity, and downstream separation cost. Students complete a design project that selects and sizes a reactor system against a stated production and purity target. Economic and safety constraints are folded into the design decision alongside kinetics.",LEC,4,t,,,,,
CHEM-4015,CHE,Reactor Engineering,"Covers the fundamentals of chemical reactor analysis: rate law determination from kinetic data, design equations for batch, continuous stirred-tank, and plug-flow reactors, and the effects of temperature and mixing on conversion. Non-ideal flow patterns and residence time distribution are introduced to explain deviations from ideal reactor performance. Problem sets emphasize deriving and solving design equations rather than selecting between finished reactor configurations.",LEC,4,t,,,,,
CHEM-4020,CHE,Selected Topics in Chemical Engineering,"Topics rotate by offering and cover emerging areas of chemical engineering practice not addressed elsewhere in the curriculum. Recent offerings have included electrochemical process engineering, carbon capture technology, and machine learning applications in process monitoring. Students engage with current literature and complete a project or paper on the semester's chosen topic, and the subject matter changes each time the course is offered.",LEC,4,t,,,,,
CHEM-4025,CHE,Special Topics in Chemical Engineering I,"The first of a two-part special topics sequence, with content rotating by offering to cover advanced or emerging subject matter beyond the standard curriculum. Recent offerings have included nanomaterials synthesis, food process engineering, and battery manufacturing processes. Students read current research literature and complete an independent project tied to that semester's topic, and enrollment does not require having taken the second course.",LEC,4,t,,,,,
CHEM-4030,CHE,Special Topics in Chemical Engineering II,"The second of a two-part special topics sequence, rotating in subject matter independently of the first course and open to students regardless of which they have taken. Recent offerings have included industrial biotechnology, process safety analytics, and sustainable polymer design. Coursework centers on current literature review and a substantial independent project rather than problem sets.",LEC,4,t,,,,,
CIVL-1005,CIV,Fundamentals of Air Quality Engineering,"Ambient and indoor air pollution problems anchor this introduction to air quality engineering, covering criteria pollutants, emission sources, and the atmospheric processes that govern dispersion. Students work through mass emission calculations, basic Gaussian plume estimates, and an overview of regulatory standards and monitoring networks. Control technologies for particulates and gaseous pollutants are surveyed at a conceptual level, setting up later coursework in process design.",LEC,4,t,,,,,
CIVL-1010,CIV,Aquatic Chemistry,"Acid base equilibria, carbonate chemistry, and redox reactions in natural and engineered water systems form the core of this course. Coverage includes solubility and precipitation, complexation, and the chemical speciation calculations used to predict how contaminants behave in lakes, rivers, and treatment systems. Problem sets emphasize equilibrium modeling and interpreting water chemistry data rather than laboratory technique.",LEC,4,t,,,,,
CIVL-1015,CIV,Aquatic Chemistry Laboratory,"Bench experiments give hands-on grounding in the equilibrium concepts covered in the companion lecture, including titrations for alkalinity and hardness, pH and conductivity measurement, and simple precipitation and complexation trials. Students calibrate instruments, collect and reduce data, and write formal laboratory reports comparing measured results to equilibrium predictions. Laboratory companion to CIVL-1010.",LAB,2,t,,,,,
CIVL-1020,CIV,Biological Processes in Environmental Engineering,"Microbial growth kinetics, metabolism, and the biochemistry of aerobic and anaerobic treatment systems introduce students to the living side of environmental engineering. Topics include substrate utilization models, nitrification and denitrification, and the microbial ecology of activated sludge and biofilm reactors. The course builds the biological foundation later applied to treatment process design.",LEC,4,t,,,,,
CIVL-1025,CIV,Building Information Modeling,"Parametric 3D modeling software and the BIM workflow are introduced through building and infrastructure case studies, covering model authoring, clash detection, and quantity takeoff. Students build discipline specific models and coordinate them across architectural, structural, and mechanical layers to catch conflicts before construction. Coursework also covers model based scheduling and the data standards that let BIM models move between project teams.",LEC,4,t,,,,,
CIVL-1030,CIV,Civil Engineering Materials Laboratory,"Standard tests on concrete, steel, asphalt, and wood specimens let students observe firsthand the mechanical behavior covered in the companion lecture, including tension and compression testing, slump and air content measurement, and failure mode analysis. Each session produces raw data that students reduce into stress strain curves and material property reports. Laboratory companion to CIVL-1035.",LAB,2,t,,,,,
CIVL-1035,CIV,Civil Engineering Materials,"Concrete, steel, wood, and asphalt are examined through their microstructure, mechanical properties, and modes of failure, giving students a materials science grounding for later design courses. Topics include stress strain behavior, durability and deterioration mechanisms, and the standard specifications used to select materials for structural and pavement applications. Lectures connect material behavior to real construction failures and case histories.",LEC,4,t,,,,,
CIVL-1040,CIV,Fluid Mechanics,"A rigorous treatment of fluid mechanics fundamentals: the Navier-Stokes equations, dimensional analysis and similarity, laminar and turbulent internal flow, and boundary layer behavior over submerged bodies. Applications are drawn from both process piping systems and open-channel and external flow problems, reflecting the course's shared audience. Problem sets require students to select and justify appropriate simplifying assumptions rather than apply a single fixed method. Cross-listed with CHEM-3005.",LEC,4,t,,,,,
CIVL-1045,CIV,Fluid Mechanics Laboratory,"Flow measurement and hydraulic apparatus form the core of this laboratory, with experiments on pipe friction losses, open channel flow over weirs, pump performance curves, and flow visualization in a recirculating flume. Students collect pressure and flow rate data, compute friction factors and discharge coefficients, and write reports comparing measured results to theoretical predictions. Laboratory companion to CIVL-1040.",LAB,2,t,,,,,
CIVL-1050,CIV,Industrial Ecology,"Material and energy flows through industrial and urban systems are analyzed using life cycle assessment, material flow analysis, and industrial symbiosis case studies. Students quantify the environmental footprint of products and processes, compare design alternatives on embodied energy and waste generation, and examine how by products from one process can become inputs to another. The course frames sustainability as a systems accounting problem rather than a single technology fix.",LEC,4,t,,,,,
CIVL-1055,CIV,Infrastructure Sensing,"Sensor technologies used to monitor bridges, pavements, pipelines, and buildings are surveyed, from strain gauges and accelerometers to fiber optics and remote imaging. Students learn how sensor networks are placed, sampled, and calibrated, and how the resulting data streams feed condition assessment and structural health monitoring. Case studies cover instrumented infrastructure and the tradeoffs between sensor cost, coverage, and data quality.",LEC,4,t,,,,,
CIVL-1060,CIV,Principles of Sustainable Engineering,"Core sustainability concepts for engineering practice are introduced, including life cycle thinking, resource efficiency, and a triple bottom line framework for weighing environmental, economic, and social outcomes. Students apply simple screening tools to compare design alternatives for energy use, materials, and waste, drawing examples from buildings, transportation, and water systems. The course serves as a conceptual foundation rather than a design methods course.",LEC,4,t,,,,,
CIVL-2005,CIV,Computational Methods in Engineering Laboratory,"Programming exercises implement the numerical methods covered in the companion lecture, including root finding, matrix solvers, and finite difference schemes applied to small civil engineering problems. Students write, debug, and validate their own code against hand calculations and provided benchmark solutions, then document results in short technical reports. Laboratory companion to CIVL-2010.",LAB,2,t,,,,,
CIVL-2010,CIV,Computational Methods in Engineering,"Numerical techniques for solving the algebraic and differential equations that arise in civil engineering analysis are developed, including root finding, linear systems, numerical integration, and finite difference approximations. Students study the accuracy, stability, and convergence tradeoffs of each method and apply them to structural, hydraulic, and geotechnical example problems. Emphasis stays on the mathematics and algorithms rather than any single software package.",LEC,4,t,,,,,
CIVL-2015,CIV,Design of Hydraulic Systems,"Pipe networks, pump stations, and open channel conveyances are sized in this design oriented course covering pressurized flow, pump selection curves, and uniform and gradually varied open channel flow. Students design water distribution and stormwater conveyance systems, checking head losses, surge effects, and channel capacity against design storms. Coursework culminates in a system design project with hydraulic calculations and drawings.",LEC,4,t,,,,,
CIVL-2020,CIV,Environmental Engineering Laboratory,"Bench and pilot scale experiments cover water and wastewater treatment unit processes, including coagulation flocculation jar tests, filtration, disinfection kinetics, and biochemical oxygen demand measurement. Students collect samples, run standard analytical methods for common water quality parameters, and interpret results against treatment performance targets. Reports emphasize connecting measured removal efficiencies to the underlying treatment mechanism. Laboratory companion to CIVL-2025.",LAB,2,t,,,,,
CIVL-2025,CIV,Environmental Engineering Analysis,"Mass balances on pollutants moving through natural and engineered systems anchor this course, applied to lakes, groundwater, and treatment trains alike. Students quantify how contaminants partition, degrade, and accumulate using reaction kinetics and mass balance models, and interpret water and air quality parameters such as dissolved oxygen, biochemical oxygen demand, and particulate concentration against regulatory standards. Later sessions size treatment processes as chemistry and mass balance problems, sequencing unit operations to meet an effluent or ambient target.",LEC,4,t,,,,,
CIVL-2030,CIV,Geotechnical Engineering,"Soil classification, effective stress, consolidation, and shear strength are introduced as the basis for analyzing how soils support and interact with civil infrastructure. Students work through settlement calculations, bearing capacity estimates, and slope stability screening using classical soil mechanics methods. Site investigation techniques and the interpretation of boring logs and laboratory soil tests round out the course.",LEC,4,t,,,,,
CIVL-2035,CIV,Geotechnical Engineering Laboratory,"Standard geotechnical tests give hands-on experience with the soil behavior covered in the companion lecture, including sieve and hydrometer gradation, Atterberg limits, compaction, and direct shear testing. Students prepare specimens, run each test to specification, and reduce raw readings into classification and strength parameters used in design. Laboratory companion to CIVL-2030.",LAB,2,t,,,,,
CIVL-2040,CIV,Plastic Analysis and Design,"Structural behavior beyond first yield is the subject here, covering plastic hinge formation, moment redistribution, and limit state collapse mechanisms in steel frames and continuous beams. Students apply upper and lower bound theorems to find collapse loads and compare plastic design capacity against conventional elastic design assumptions. The course extends earlier structural analysis coursework into inelastic behavior and ultimate strength.",LEC,4,t,,,,,
CIVL-2045,CIV,Sensors and Circuits Laboratory,"Breadboard exercises build the electronics foundation behind the companion lecture, including wiring analog and digital sensor circuits, signal conditioning with op amps and filters, and basic microcontroller data logging. Students calibrate sensors against known references, troubleshoot noisy circuits, and document each build in a lab notebook and short report. Laboratory companion to CIVL-2050.",LAB,2,t,,,,,
CIVL-2050,CIV,Sensors and Circuits,"Electrical fundamentals needed to instrument civil and environmental systems are covered, including circuit analysis, sensor transduction principles, signal conditioning, and analog to digital conversion. Students study strain, pressure, temperature, and displacement sensors and how their output is filtered, amplified, and logged for engineering monitoring applications. The course assumes no prior electronics background and builds toward instrumentation design.",LEC,4,t,,,,,
CIVL-3005,CIV,Construction Contracting,"Contract types, bidding procedures, and risk allocation between owners, designers, and contractors are examined through the legal and business structure of construction projects. Students review delivery methods such as design bid build and design build, analyze sample contract clauses, and work through change order and claims scenarios. The course builds the business literacy needed to manage a construction project rather than design one.",LEC,4,t,,,,,
CIVL-3010,CIV,Construction Contracting Laboratory,"Simulated project scenarios let students practice the contracting skills covered in the companion lecture, including preparing a competitive bid package, negotiating a mock change order, and drafting a claims response memo. Teams role play owner, contractor, and designer positions and present their positions in a short mock negotiation. Laboratory companion to CIVL-3005.",LAB,2,t,,,,,
CIVL-3015,CIV,Data Analysis in Civil and Environmental Engineering,"Statistical methods for analyzing field and laboratory data are developed for civil and environmental applications, covering regression, hypothesis testing, and uncertainty propagation. Students work with real infrastructure and monitoring datasets to fit trend lines, screen for outliers, and quantify confidence in design parameters derived from limited samples. The course emphasizes defensible data interpretation over software mechanics.",LEC,4,t,,,,,
CIVL-3020,CIV,Design of Reinforced Concrete Structures Laboratory,"Physical models and instrumented specimens illustrate the reinforced concrete behavior covered in the companion lecture, including beam and slab load tests to observe cracking, deflection, and failure mode. Students instrument test specimens with strain gauges, record load deflection response, and compare measured capacity to hand calculated design values. Laboratory companion to CIVL-3025.",LAB,2,t,,,,,
CIVL-3025,CIV,Design of Reinforced Concrete Structures,"Flexural, shear, and axial design of reinforced concrete beams, slabs, and columns is developed from first principles of strain compatibility and equilibrium. Students size reinforcement for strength and serviceability limit states, check deflection and crack control requirements, and complete a multi member design project following standard design provisions. The course assumes prior coursework in structural analysis and mechanics of materials.",LEC,4,t,,,,,
CIVL-3030,CIV,Environmental Process Engineering,"Unit operations used in water and wastewater treatment trains are designed at the reactor level, covering sedimentation basin sizing, filter design, activated sludge reactor kinetics, and disinfection contact time. Students size individual treatment processes against loading and effluent targets, then sequence them into a complete treatment train, incorporating hydraulic profile and flow rate considerations across the plant. The course builds directly on introductory environmental engineering coursework into process scale design.",LEC,4,t,,,,,
CIVL-3035,CIV,Excavation and Tunneling,"Methods for excavating and supporting underground and below grade construction are covered, including open cut excavation bracing, shoring and dewatering systems, and tunnel boring and ground support techniques. Students evaluate ground conditions and construction sequencing to select appropriate excavation methods and estimate support loads. Case studies cover urban excavation challenges and tunneling projects through varied ground conditions.",LEC,4,t,,,,,
CIVL-3040,CIV,Prestressed Concrete,"Pretensioned and post tensioned concrete member design is developed, covering prestress losses, transfer and development length, and flexural and shear capacity of prestressed sections. Students design bridge girders and building members for both service load and ultimate strength limit states, accounting for camber and long term losses. The course extends reinforced concrete design principles into prestressing applications.",LEC,4,t,,,,,
CIVL-3045,CIV,Professional Issues and Design,"Engineering ethics, licensure, liability, and professional practice standards are examined alongside a capstone style design exercise that integrates prior coursework into a single project. Students research codes and standards applicable to their project, document design decisions, and present their work to a review panel. Case studies of engineering failures and ethical lapses anchor discussion of professional responsibility.",LEC,4,t,,,,,
CIVL-3050,CIV,Structural Reliability,"Probabilistic methods for quantifying structural safety are introduced, covering random variable modeling of loads and resistance, reliability indices, and the calibration of load and resistance factors used in design codes. Students compute failure probabilities for simple structural elements and compare deterministic safety factors to reliability based design approaches. The course connects probability theory directly to the safety margins embedded in structural design codes.",LEC,4,t,,,,,
CIVL-3055,CIV,Statics and Dynamics,"Equilibrium of rigid bodies, internal force analysis, and the kinematics and kinetics of particles and rigid bodies are developed as the mechanics foundation for structural and geotechnical design. Students analyze truss and frame systems for internal forces and work through vector mechanics problems involving motion, momentum, and vibration. Problem sets move from static free body analysis to dynamic response under time varying loads.",LEC,4,t,,,,,
CIVL-4005,CIV,Advanced Soil Mechanics,"Building on introductory soil mechanics, this course develops critical state soil mechanics, advanced consolidation theory, and constitutive models for predicting nonlinear soil stress strain behavior. Students work through laboratory data interpretation for triaxial and consolidation tests and apply advanced settlement and deformation analyses to layered and anisotropic soil profiles. The course prepares students to evaluate soil behavior beyond the simplified models used in introductory design.",LEC,4,t,,,,,
CIVL-4010,CIV,Construction Engineering Research,"Current research literature in construction engineering is surveyed, covering topics such as productivity modeling, automation and robotics on the job site, and lean construction methods. Students critique published studies, identify open research questions, and complete a literature review paper on a construction engineering topic of their choosing. The course develops the critical reading and research synthesis skills used in graduate level construction engineering work.",LEC,4,t,,,,,
CIVL-4015,CIV,Construction Engineering and Equipment,"Heavy construction equipment selection and the engineering behind earthmoving, lifting, and material handling operations are covered, including production rate estimating and equipment cost analysis. Students size equipment fleets for excavation and paving operations and evaluate productivity tradeoffs between machine types and crew configurations. Case studies cover large scale earthwork and heavy civil projects.",LEC,4,t,,,,,
CIVL-4020,CIV,Energy Infrastructure Systems,"Civil infrastructure that generates, stores, and distributes energy is examined, including power plant siting, transmission corridor design, and the civil works associated with renewable generation such as wind and solar installations. Students evaluate site selection, permitting, and resilience considerations for energy infrastructure projects, and compare the civil engineering demands of conventional and renewable generation. The course treats energy systems as a civil infrastructure design problem rather than an electrical one.",LEC,4,t,,,,,
CIVL-4025,CIV,Hydraulic and Hydrologic Engineering Research,"Under faculty supervision, students propose and carry out an original research project in hydraulic or hydrologic engineering, chosen in consultation with a faculty advisor. Deliverables include a written proposal, a literature review, data collection or modeling work, and a final written report presented to the supervising faculty member. The format allows students to pursue a topic such as watershed modeling, channel design, or stormwater system performance in depth.",IND,2,t,,,,,
CIVL-4030,CIV,"Slopes, Dams, and Retaining Structures","Earth retention and impoundment structures are analyzed, covering slope stability methods, retaining wall design, and the geotechnical design of earthen and concrete dams. Students evaluate failure surfaces and factors of safety for natural and engineered slopes, and size retaining structures and dam sections against overturning, sliding, and seepage related failure modes. Case studies examine historical slope and dam failures to illustrate design lessons.",LEC,4,t,,,,,
CIVL-4035,CIV,Solid and Structural Mechanics,"Stress and strain tensors, constitutive relations, and energy methods are developed for analyzing deformable bodies beyond the rigid body assumptions of introductory mechanics. Students derive and apply theories of elasticity, torsion, and beam bending to problems in structural and mechanical component design, and use energy methods such as virtual work to solve indeterminate systems. The course provides the continuum mechanics foundation for advanced structural analysis.",LEC,4,t,,,,,
CIVL-4040,CIV,Special Topics in Civil and Environmental Engineering,"Topics in this course rotate by offering and draw on current developments in civil and environmental engineering, with recent offerings covering resilient infrastructure design, climate adaptation engineering, and smart city sensing networks. Each offering is organized around readings, guest case studies, and a term project tailored to the semester's theme. Students should consult the current offering's topic description before enrolling.",LEC,4,t,,,,,
CIVL-4045,CIV,Sustainable Cities,"Urban systems are examined through a sustainability lens, covering compact development, urban water and energy systems, green infrastructure, and transportation electrification at the city scale. Students analyze case studies of cities pursuing carbon reduction and climate resilience goals, and complete a project proposing sustainability interventions for a specific urban system. The course applies sustainability concepts at the scale of whole cities rather than individual buildings or products.",LEC,4,t,,,,,
COMP-1005,COM,Algorithms,"Algorithm design and analysis form the spine of this introductory course, covering asymptotic notation, divide-and-conquer, greedy strategies, and dynamic programming through problems like sorting, shortest paths, and interval scheduling. Students prove correctness and derive running-time bounds by hand before implementing solutions in code. Graph traversal (breadth-first and depth-first search) and an introduction to NP-completeness close out the term.",LEC,4,t,,,,,
COMP-1010,COM,Computer Architecture Laboratory,"Hands-on exercises translate the architecture lecture into working hardware: students wire and simulate combinational and sequential logic circuits, build a simple datapath from adders, multiplexers, and registers, and step a toy instruction set through fetch-decode-execute by hand. Weekly lab reports document circuit diagrams, timing measurements, and debugging notes. Laboratory companion to COMP-1015.",LAB,2,t,,,,,
COMP-1015,COM,Computer Architecture,"Digital logic design anchors this introduction to how computers are built, moving from gates and flip-flops through combinational and sequential circuits to a complete single-cycle datapath and control unit. Coverage includes instruction set design, number representation, and an early look at pipelining as a performance technique. Problem sets emphasize tracing signals through a circuit rather than writing software.",LEC,4,t,,,,,
COMP-1020,COM,Computer Vision,"A first look at how machines interpret images, covering image formation, pixel-level filtering, edge and corner detection, and simple color and shape based object recognition. Assignments use small, well-lit datasets to build intuition for why vision is hard before any heavy mathematics enters the picture. The course favors working demonstrations over derivation, previewing the geometric and statistical machinery taken up rigorously in advanced coursework.",LEC,4,t,,,,,
COMP-1025,COM,Data Structures and Algorithms,"Arrays, linked lists, stacks, queues, trees, and hash tables are introduced alongside the algorithms that operate on them, including basic sorting, searching, and traversal routines. Asymptotic analysis is taught as a practical tool for choosing between structures rather than as a standalone topic. Programming exercises require implementing each structure from scratch before using built-in equivalents.",LEC,4,t,,,,,
COMP-1030,COM,Data Structures and Algorithms Laboratory,"Weekly exercises have students implement and benchmark the structures introduced in lecture, building a linked list, a binary search tree, and a hash table with collision handling, then timing each against a reference implementation. Later sessions add a small sorting-algorithm shootout and a short written report comparing measured performance to predicted asymptotic behavior. Laboratory companion to COMP-1025.",LAB,2,t,,,,,
COMP-1035,COM,Foundations of Computer Science,"Propositional and predicate logic, proof techniques such as induction and contradiction, set theory, and an introduction to finite automata give incoming students the discrete-mathematics toolkit the rest of the curriculum assumes. Short weekly proofs build fluency before larger constructions like regular expressions and simple state machines. The course treats computation as a mathematical object rather than as programming practice.",LEC,4,t,,,,,
COMP-1040,COM,Introduction to Computer Security Laboratory,"Students probe deliberately vulnerable sample applications to find and exploit common weaknesses such as buffer overflows, SQL injection, and weak password storage, then patch the same code and verify the fix. Later exercises cover setting up a basic firewall and encrypting files with a symmetric cipher. Each session ends with a short writeup of what was broken and how it was fixed. Laboratory companion to COMP-1045.",LAB,2,t,,,,,
COMP-1045,COM,Introduction to Computer Security,"An entry-level survey of why systems get compromised, covering common attack categories, basic cryptographic primitives, authentication, and secure coding habits like input validation. Case studies of real breaches illustrate how small design mistakes lead to large consequences. The course assumes no prior security background and builds vocabulary and threat models used throughout later coursework.",LEC,4,t,,,,,
COMP-1050,COM,Introduction to Computer Organization,"This course takes the programmer's view of the machine: number representation, memory hierarchy, assembly-language programming, and how high-level code is translated into instructions the processor executes. Labs trace variable values through registers and memory as a program runs. The emphasis stays on what a working programmer needs to know about the underlying hardware rather than on circuit-level design.",LEC,4,t,,,,,
COMP-2005,COM,Introduction to Machine Learning,"A first pass through supervised and unsupervised learning, covering linear and logistic regression, k-nearest neighbors, decision trees, and k-means clustering, with an emphasis on applying existing libraries correctly rather than deriving methods from scratch. Students work through a sequence of small labeled datasets to build intuition for overfitting and model evaluation. The course is designed as an on-ramp for students who have not taken a statistics-heavy math sequence.",LEC,4,t,,,,,
COMP-2010,COM,Introduction to Operating Systems,"Processes, threads, scheduling algorithms, virtual memory, and file systems are examined both conceptually and through kernel-level code walkthroughs. Programming assignments implement a simple scheduler and a basic memory allocator on a teaching operating system. The course frames each mechanism as a solution to a specific resource-sharing problem rather than as an isolated feature to memorize.",LEC,4,t,,,,,
COMP-2015,COM,Computer Game Design,"Game design is treated as an engineering discipline here, covering the rendering pipeline, collision detection, game loops and frame timing, and basic AI for non-player characters, alongside design fundamentals like pacing, difficulty curves, and player feedback loops. Teams prototype and playtest a small original game over the term, iterating on mechanics based on observed player behavior. Readings draw on both established game engines and design case studies.",LEC,4,t,,,,,
COMP-2020,COM,Computer Network Security Laboratory,"Exercises move from packet capture and traffic analysis to configuring firewall rules, setting up an intrusion detection sensor, and staging a controlled man-in-the-middle attack against unencrypted traffic to see why transport-layer encryption matters. Each lab produces a short incident report describing what was observed and how the network was hardened afterward. Laboratory companion to COMP-2025.",LAB,2,t,,,,,
COMP-2025,COM,Computer Network Security,"Network-layer and transport-layer attacks, including spoofing, denial of service, and traffic interception, are examined alongside the defenses built to counter them: firewalls, intrusion detection systems, and protocols like TLS and VPN tunneling. Case studies trace how real incidents exploited gaps between protocol design and deployment. The course assumes familiarity with basic networking concepts and builds toward designing a defensible network topology.",LEC,4,t,,,,,
COMP-2030,COM,Compiler Construction,"Students build a working compiler in stages across the term, starting with a lexical analyzer and recursive-descent parser, moving through semantic analysis and type checking, and finishing with code generation for a simplified target machine. Each stage is graded against a shared test suite so bugs surface early rather than at the end. The course treats the compiler pipeline as a template for any tool that translates one structured language into another.",LEC,4,t,,,,,
COMP-2035,COM,Database Management Systems,"The relational model, normalization, and query design form the core of this course, taught through extensive practice writing and optimizing structured queries against realistic schemas. Later weeks cover transaction management, concurrency control, and indexing strategies that keep large databases fast and consistent. A term project has students design a schema from a set of business requirements and defend their normalization choices.",LEC,4,t,,,,,
COMP-2040,COM,Machine Learning,"Building on a probability and linear algebra foundation, this course develops the mathematics behind regression, classification, and clustering methods, including gradient-based optimization, regularization, and bias-variance tradeoffs. Students implement core algorithms rather than only calling library functions, and a project applies cross-validation to select among competing models on a nontrivial dataset. A brief unit introduces feedforward neural networks as a bridge to further study.",LEC,4,t,,,,,
COMP-3005,COM,Programming and Data Structures,"This advanced course treats data structures as engineering decisions made under real constraints: cache behavior, memory footprint, and concurrent access all shape which structure belongs in a given system. Topics include balanced trees, tries, disjoint-set structures, and lock-free queues, each implemented and profiled rather than taken on faith. A substantial project embeds several of these structures inside a larger piece of software and measures the effect of each choice on overall performance.",LEC,4,t,,,,,
COMP-3010,COM,Programming and Data Structures Laboratory,"Lab sessions have students implement, profile, and tune the structures covered in lecture inside a shared codebase, measuring cache misses and allocation overhead rather than only asymptotic complexity. A multi-week capstone exercise integrates several structures into one small system and requires a written performance analysis. Laboratory companion to COMP-3005.",LAB,2,t,,,,,
COMP-3015,COM,Computational Models of Cognition,"Perception, memory, and reasoning are examined through computational models drawn from both symbolic AI and connectionist networks, with readings pairing each model against experimental data from cognitive psychology. Students implement small simulations, such as an associative memory network or a rule-based reasoning system, and compare their output to published human performance data. The course sits at the boundary between cognitive science and artificial intelligence.",LEC,4,t,,,,,
COMP-3020,COM,Foundations of Computer Vision,"This advanced treatment develops the mathematics underlying modern vision systems: projective geometry, camera calibration, epipolar geometry for stereo reconstruction, and optimization methods used to fit models to noisy image data. Derivations are carried through in detail and then verified against implemented code on real image sequences. The course assumes comfort with linear algebra and prepares students to read current vision research rather than only apply existing tools.",LEC,4,t,,,,,
COMP-3025,COM,Parallel Computer Architecture,"Multicore processor design, cache coherence protocols, and vector and SIMD execution units are covered alongside the programming models used to exploit them, including shared-memory threading and data-parallel kernels. Case studies compare architectural tradeoffs across real multicore and accelerator designs. Lab-style exercises measure speedup and identify contention as parallelism increases on actual hardware.",LEC,4,t,,,,,
COMP-3030,COM,Software Engineering,"Requirements gathering, architectural design, version control discipline, automated testing, and code review are practiced across a semester-long team project rather than taught as separate topics. Design patterns and common architectural styles are introduced as vocabulary for discussing tradeoffs, not as rules to follow blindly. Teams present their system's evolution, including decisions later reversed, as part of the final deliverable.",LEC,4,t,,,,,
COMP-4005,COM,Foundations of Artificial Intelligence,"Classical search, knowledge representation, first-order logic, and automated planning form the theoretical core of this senior-level course, with each topic grounded in worked examples such as puzzle-solving agents and constraint satisfaction problems. A short unit on learning agents previews the statistical methods taken up in dedicated machine learning courses. Problem sets emphasize formal representation and proof over implementation.",LEC,4,t,,,,,
COMP-4010,COM,Advanced Artificial Intelligence,"Building directly on classical AI foundations, this course covers modern deep learning architectures, reinforcement learning, and multi-agent systems, with readings drawn from current research papers rather than a fixed textbook. Students reproduce results from a recent paper and extend or critique the approach in a final project. Discussion sections function as a seminar, evaluating claims and comparing competing architectures.",LEC,4,t,,,,,
COMP-4015,COM,User Interface Development,"Human-computer interaction principles, including cognitive load, affordance, and accessibility, are paired with hands-on prototyping and usability testing across the term. Students build interactive prototypes, run structured usability sessions with real test subjects, and revise designs based on observed friction points rather than intuition alone. The course closes with a comparative evaluation of two interface designs for the same task.",LEC,4,t,,,,,
COMP-4020,COM,Web Systems Laboratory,"Students stand up a multi-tier web application from scratch, wiring a client, an application server, and a persistent data store together, then load-test the result and diagnose the resulting bottlenecks. Later sessions add authentication, input sanitization, and a deployment behind a reverse proxy. Each milestone requires a short report on what broke under load and how it was fixed. Laboratory companion to COMP-4025.",LAB,2,t,,,,,
COMP-4025,COM,Web Systems,"Client-server architecture, statelessness, caching layers, and the protocols that hold a modern web application together are examined at senior depth, including how systems are designed to scale under load and resist common attacks like injection and cross-site scripting. Case studies trace real outages back to violated assumptions about request volume or trust boundaries. The course assumes prior programming experience and treats the web as a distributed system, not a single application.",LEC,4,t,,,,,
CORE-1005,COR,American History,"A survey of the political, economic, and social forces that shaped the nation from its founding through the twentieth century, read through primary documents alongside standard narrative accounts. Discussion sections weigh competing interpretations of major turning points rather than settling on a single account. Required of all students as part of the general-education core, it gives engineers grounding in the civic and institutional context their later careers operate within.",LEC,4,t,,,,,
CORE-1010,COR,Calculus,"Limits, derivatives, and integrals are developed from first principles and applied to rates of change, optimization, and area and volume problems, building the mathematical language used throughout the engineering curriculum. Multivariable extensions late in the term set up the vector calculus that later coursework in circuits, mechanics, and signal processing assumes. Weekly problem sets emphasize technique alongside the reasoning behind each rule.",LEC,4,t,,,,,
CORE-1015,COR,English Literature,"Close reading of poetry, drama, and prose from several periods sharpens the written and analytical communication skills every engineer eventually needs to explain a design decision or a failure. Students write a series of short critical essays rather than a single term paper, building the habit of a tight, well-supported argument. Discussion sections favor textual evidence over general impression.",LEC,4,t,,,,,
CORE-1020,COR,Financial Accounting,"The mechanics of the balance sheet, income statement, and cash flow statement are taught through practice building and reading financial statements for real and simulated companies. Coverage includes accrual accounting, depreciation methods, and the limits of accounting numbers as a picture of a company's health. Engineers who later manage budgets or evaluate vendors use the vocabulary and structure taught here.",LEC,4,t,,,,,
CORE-2005,COR,Finance,"Time value of money, discounted cash flow analysis, capital budgeting, and the basics of how firms are valued and financed round out the core's coverage of how organizations make and justify spending decisions. Problem sets require evaluating competing investment options under stated assumptions about risk and return. The course gives engineers the financial literacy to build a business case for a proposed project.",LEC,4,t,,,,,
CORE-2010,COR,General Management,"Organizational structure, team leadership, and the practical mechanics of planning and running a project are covered through case discussions and a short simulation exercise. Students examine how the same engineering decision plays out differently under different management structures and incentive systems. The course prepares students to lead teams and manage tradeoffs, not just execute assigned tasks.",LEC,4,t,,,,,
CORE-2015,COR,Business Law,"Contracts, intellectual property, liability, and the basics of how businesses are legally structured are covered through case studies drawn from real disputes. Particular attention goes to how these issues arise in technology and engineering contexts, including patent disputes and product liability. Students learn to recognize when a decision carries legal exposure worth flagging to counsel, not to act as their own lawyer.",LEC,4,t,,,,,
CORE-2020,COR,Probability and Statistics,"Random variables, common probability distributions, hypothesis testing, and regression are developed with an eye toward the experimental design and data analysis engineers perform throughout their careers. Problem sets use datasets drawn from engineering contexts, such as measurement error and reliability testing, rather than abstract examples. The course provides the statistical foundation assumed by later coursework in machine learning and experimental methods.",LEC,4,t,,,,,
EENG-1005,ENG,Amorphous Semiconductor Devices,"Disordered semiconductors such as amorphous silicon and chalcogenide glasses depart from the periodic lattice assumptions of standard device theory, and this course builds the physical picture needed to understand them: band tails, localized states, and variable-range hopping transport. Students compare density-of-states models against transport measurements and connect the physics to thin-film transistors, photovoltaic cells, and memory switching devices. Problem sets emphasize order-of-magnitude estimation over closed-form solutions, since amorphous materials rarely offer one.",LEC,4,t,,,,,
EENG-1010,ENG,Analog Circuits,"Operational amplifiers, diodes, and bipolar and field-effect transistors form the building blocks covered here, starting from DC biasing and small-signal models and moving through amplifier stages, active filters, and basic oscillators. Circuit analysis is paired with practical design tradeoffs such as gain-bandwidth limits, input offset, and output loading. The course establishes the vocabulary and hand-analysis techniques that later integrated-circuit and RF courses assume.",LEC,4,t,,,,,
EENG-1015,ENG,Analog Circuits Laboratory,"Bench work here has students build and troubleshoot the amplifier, filter, and biasing circuits introduced in lecture, using oscilloscopes, function generators, and multimeters to characterize gain, bandwidth, and distortion. Each session ends with a short written report comparing measured performance against hand-calculated predictions and explaining any discrepancies. Laboratory companion to EENG-1010.",LAB,2,t,,,,,
EENG-1020,ENG,Analog Integrated Circuits,"Where introductory circuit courses treat transistors as discrete parts on a breadboard, this course studies them as they behave inside an integrated circuit: current mirrors, differential pairs, and cascode stages built from matched devices sharing a common substrate. Coverage includes bias and reference generation, multistage operational amplifier topologies, and the layout and matching considerations that separate integrated design from board-level design. Students work through hand calculations of gain, bandwidth, and noise for representative amplifier architectures.",LEC,4,t,,,,,
EENG-1025,ENG,Antenna Theory and Design,"Radiation from current distributions is derived from first principles here, starting with the elementary dipole and building through gain, directivity, and polarization to array factor calculations for linear arrays. Design exercises ask students to size a dipole or patch element for a target frequency and input impedance, then verify the result against a simulated radiation pattern. The course treats antennas as a design problem in electromagnetics rather than a component chosen from a catalog.",LEC,4,t,,,,,
EENG-1030,ENG,Control Systems Analysis and Design,"Feedback systems are modeled with transfer functions and block diagrams, then analyzed for stability and transient response using root locus and frequency-response methods. The course covers proportional-integral-derivative compensation and lead-lag design, applying each technique to examples like a motor speed regulator or a temperature control loop. Simulation exercises let students verify hand designs against a simulated plant before committing to a controller.",LEC,4,t,,,,,
EENG-1035,ENG,"Electric Circuits, Systems, and Applications","Kirchhoff's current and voltage laws, resistive networks, and first-order RC and RL transients are introduced alongside a survey of where they show up in practice, from power distribution to sensor interfaces to simple communication links. The course balances hand analysis of small networks with brief case studies that connect circuit behavior to the systems built from it. It is designed as a broad entry point into circuit thinking for students who will specialize later rather than a deep dive into any single application.",LEC,4,t,,,,,
EENG-1040,ENG,"Electric Circuits, Systems, and Applications Laboratory","Breadboard exercises here walk through building the resistive networks and RC and RL transient circuits covered in lecture, measuring voltage and current with a digital multimeter and oscilloscope and comparing the results to predicted time constants. Later sessions assemble small application circuits, such as a sensor interface or a power-supply filter, and ask students to diagnose wiring and measurement errors when results do not match theory. Laboratory companion to EENG-1035.",LAB,2,t,,,,,
EENG-1045,ENG,Elementary Programming Concepts,"Variables, conditionals, loops, and functions form the core vocabulary taught here, building toward simple data structures such as arrays and records and basic file input and output. Weekly exercises move from short scripts that manipulate numbers and text to small programs that process a data set and report summary statistics. The course assumes no prior programming background and emphasizes reading error messages and testing code incrementally over memorizing syntax.",LEC,4,t,,,,,
EENG-1050,ENG,Elementary Programming Concepts Laboratory,"Guided lab sessions have students write, run, and debug the short programs introduced in lecture, working through arrays, loops, and simple file handling with an instructor checking logic before code is submitted. Later weeks assign small standalone programs, such as a grade-averaging tool or a basic unit converter, that must pass a set of test inputs. Laboratory companion to EENG-1045.",LAB,2,t,,,,,
EENG-1055,ENG,Integrated Microsystems Design and Fabrication,"Microfabrication is presented as a sequence of process steps: photolithography, thin-film deposition, wet and dry etching, and packaging. Students design a simple microsystem layout, such as a cantilever sensor or a microfluidic channel, that could in principle be carried through those steps, working with design rules, mask layout, and process tolerances alongside the physics of each fabrication technique. The emphasis throughout is on the manufacturing pipeline rather than on the electrical behavior of the finished device.",LEC,4,t,,,,,
EENG-1060,ENG,Integrated Microsystems Laboratory,"Students characterize packaged microsystem devices such as accelerometers and pressure sensors on the bench, measuring sensitivity, offset, and noise and building the signal-conditioning circuitry needed to read them out. Later sessions introduce a microfabricated test structure and ask students to relate its measured mechanical response to its design geometry. Laboratory companion to EENG-1055.",LAB,2,t,,,,,
EENG-1065,ENG,Integrated Microsystems,"Microelectromechanical sensors and actuators are introduced here as complete systems: a pressure sensor, an accelerometer, or a micromirror is studied from its mechanical structure through the electronics that read or drive it. The course surveys common transduction mechanisms, capacitive, piezoresistive, and piezoelectric, and shows how each couples to signal-conditioning circuitry. Fabrication is discussed only at a conceptual level, leaving process detail to a companion design course.",LEC,4,t,,,,,
EENG-1070,ENG,Introduction to Semiconductor Devices,"Crystalline semiconductor physics is built up from energy bands and carrier statistics to the pn junction, then applied to explain diode current-voltage behavior and the basic operation of bipolar and field-effect transistors. Depletion regions, minority carrier injection, and threshold voltage are treated with enough mathematical detail to predict device behavior in each case. The course assumes ordered crystalline material throughout, leaving disordered and amorphous semiconductors to a separate course.",LEC,4,t,,,,,
EENG-1075,ENG,Introduction to Digital Signal Processing,"Discrete-time signals and systems are the subject here, covering sampling, the z-transform, difference equations, and the design of simple finite and infinite impulse response filters. Students move from continuous signals to their sampled representations and examine how aliasing, quantization, and filter order affect a processed waveform. Homework problems use short numerical exercises to connect the transform-domain theory to time-domain filtering results.",LEC,4,t,,,,,
EENG-1080,ENG,Introduction to Embedded System Design,"Microcontroller-based systems are introduced through their building blocks: general-purpose input and output pins, timers, interrupts, and serial communication peripherals. Students design simple event-driven programs that read a sensor, control an actuator, and communicate status over a serial link, learning to reason about timing constraints and limited memory along the way. The course treats hardware and firmware as a single design problem rather than teaching each in isolation.",LEC,4,t,,,,,
EENG-1085,ENG,Introduction to Embedded System Design Laboratory,"Weekly exercises have students wire a microcontroller development board to sensors and actuators and write firmware to drive them, progressing from a blinking indicator light to a small project such as a temperature-triggered fan controller. Oscilloscopes and logic analyzers are used to debug timing problems in interrupt handlers and serial communication. Laboratory companion to EENG-1080.",LAB,2,t,,,,,
EENG-1090,ENG,Introduction to Logic Design Laboratory,"Combinational and sequential logic circuits built in lecture are implemented and tested here, first with discrete logic gates on a breadboard and later on a programmable logic device. Students verify truth tables and timing diagrams against oscilloscope and logic analyzer traces, and a final project asks them to design and debug a small finite-state machine such as a traffic-light controller. Laboratory companion to EENG-1095.",LAB,2,t,,,,,
EENG-1095,ENG,Introduction to Logic Design,"Boolean algebra, truth tables, and systematic minimization techniques provide the tools for reducing combinational logic to a small set of gates, and the course then extends to sequential circuits built from flip-flops, counters, and simple finite-state machines. Design examples range from an adder built from basic gates to a state machine controlling a small sequence of outputs. The course establishes the digital design foundation assumed by later courses in embedded systems and integrated circuits.",LEC,4,t,,,,,
EENG-2005,ENG,Introduction to Signals and Systems Laboratory,"Continuous and discrete signals generated in software and on the bench are analyzed here, with students measuring the impulse and frequency response of simple RC and RL circuits and comparing the results to convolution and Fourier predictions from lecture. A closing exercise has students design and test a basic filter against a target frequency response. Laboratory companion to EENG-2010.",LAB,2,t,,,,,
EENG-2010,ENG,Introduction to Signals and Systems,"Continuous-time and discrete-time signals are analyzed through convolution, Fourier series, and the Fourier and Laplace transforms, building a common mathematical language for the circuits, controls, and communications courses that follow. Linear time-invariant systems are characterized by impulse response and frequency response, with worked examples covering filtering, modulation, and sampling. The course treats these tools as a unified framework rather than a collection of unrelated transform tricks.",LEC,4,t,,,,,
EENG-2015,ENG,Introduction to Antennas Laboratory,"Radiation patterns of dipole, patch, and horn antennas are measured on an anechoic or open-range test setup, and students compare the measured gain, beamwidth, and polarization to simulated or specified values. A matching-network exercise has students tune an antenna's input impedance to a target frequency using a vector network analyzer. Laboratory companion to EENG-2020.",LAB,2,t,,,,,
EENG-2020,ENG,Introduction to Antennas,"Antennas here are treated as system components rather than electromagnetics problems: the course surveys dipole, patch, horn, and reflector types by the tradeoffs an engineer actually chooses between, such as bandwidth, beamwidth, and ease of integration into a transmitter chain. Link budgets, standing wave ratio, and impedance matching networks connect antenna performance to overall system range and reliability. Case studies compare antenna choices across handset, base station, and satellite applications.",LEC,4,t,,,,,
EENG-2025,ENG,Introduction to Electric Circuits Laboratory,"Node and mesh analysis techniques from lecture are verified on the bench here, with students building resistive networks and measuring node voltages and branch currents against hand calculations using Thevenin and Norton equivalents. Later sessions extend to AC steady-state measurements with a function generator and oscilloscope, checking phasor predictions against measured amplitude and phase. Laboratory companion to EENG-2030.",LAB,2,t,,,,,
EENG-2030,ENG,Introduction to Electric Circuits,"Node-voltage and mesh-current analysis, Thevenin and Norton equivalents, and superposition are developed for resistive networks and then extended to circuits with capacitors and inductors under sinusoidal steady-state excitation using phasors. Transient response of first- and second-order RLC circuits is solved using differential equations rather than the qualitative treatment given in earlier survey courses. The course is aimed at students who need a rigorous analytical toolkit before proceeding to devices and systems courses.",LEC,4,t,,,,,
EENG-2035,ENG,Applied Quantum Mechanics II,"This course continues from the postulates of quantum mechanics into the Schrodinger equation for finite and infinite potential wells, tunneling, and the quantum harmonic oscillator, applying each result to explain electronic behavior in semiconductor structures. Perturbation theory and time-dependent problems are introduced to handle systems that lack closed-form solutions. Applications drawn from optoelectronics and nanoscale devices connect the mathematics to device behavior covered in parallel device courses.",LEC,4,t,,,,,
EENG-2040,ENG,Communication Networks,"Packet-switched network architecture is examined layer by layer, from framing and medium access control up through routing and basic transport protocols, using layered reference models to organize the material. Queueing delay, throughput, and error control are analyzed quantitatively for simple network topologies. Case studies cover wired local area networks and wireless access, contrasting their medium access and error-handling strategies.",LEC,4,t,,,,,
EENG-2045,ENG,Digital System Testing,"Manufacturing defects in digital circuits are modeled as stuck-at and bridging faults, and the course develops automatic test pattern generation techniques to detect them, including path sensitization and fault simulation. Design-for-testability structures such as scan chains and built-in self-test are covered alongside the tradeoffs they impose on chip area and speed. Homework problems have students generate test vectors by hand for small combinational circuits before moving to tool-assisted methods.",LEC,4,t,,,,,
EENG-2050,ENG,Electric Machines and Drives,"DC, induction, and synchronous machines are analyzed through equivalent circuit models that predict torque, speed, and efficiency under varying load, and the course extends this to the power electronic drives that control them. Steady-state and basic dynamic behavior are covered for each machine type, along with the switching converter topologies commonly paired with them. Worked problems size a motor and drive combination for a target speed and torque profile.",LEC,4,t,,,,,
EENG-2055,ENG,Electric Machines and Drives Laboratory,"Students run induction and DC machines on a test bench, measuring torque-speed curves with a dynamometer and comparing them to the equivalent circuit predictions developed in lecture. A later session connects a machine to a variable-frequency drive and records startup and speed-regulation behavior under changing load. Laboratory companion to EENG-2050.",LAB,2,t,,,,,
EENG-2060,ENG,Lasers,"Population inversion, optical gain, and cavity resonance are developed from rate equations to explain how a laser reaches threshold and produces coherent output, with gas, solid-state, and semiconductor gain media compared as worked examples. Cavity design, longitudinal mode structure, and output coupling are treated at an introductory level sufficient to estimate threshold current or pump power for a given design. The course builds the foundation that a later course extends into pulsed and high-power laser systems.",LEC,4,t,,,,,
EENG-2065,ENG,Logic Circuit Synthesis and Optimization,"Two-level and multilevel logic minimization techniques are covered here, including tabular and algebraic factoring methods used to reduce gate count and propagation delay, along with the use of don't-care conditions to further simplify a design. Technology mapping onto standard cell libraries and programmable logic architectures is introduced alongside timing and area tradeoffs. Design exercises optimize a given logic function under competing area, delay, and power constraints.",LEC,4,t,,,,,
EENG-2070,ENG,Principles of Optics,"Geometric and wave optics are covered together, moving from ray tracing through thin lenses and mirrors to interference, diffraction, and polarization phenomena explained by the wave nature of light. Diffraction gratings, thin-film interference, and simple imaging systems are analyzed quantitatively using worked examples. The course provides the optical foundation used by later courses in lasers and optoelectronic devices.",LEC,4,t,,,,,
EENG-2075,ENG,Probabilistic Methods in Engineering,"Random variables, probability distributions, and stochastic processes are developed with engineering applications in mind, covering topics such as noise in circuits, bit errors in communication links, and component reliability. Expectation, variance, and conditional probability are applied to worked problems drawn from signal detection and system reliability analysis. The course builds the probabilistic toolkit assumed by later courses in communications and detection theory.",LEC,4,t,,,,,
EENG-3005,ENG,Production Systems Engineering,"Manufacturing lines are modeled as networks of workstations, buffers, and material flows, and the course covers throughput analysis, bottleneck identification, and scheduling techniques used to improve production system performance. Queueing and simulation models are applied to case studies such as a circuit-board assembly line or an electronics test station. Students build a simplified simulation of a production line and use it to evaluate proposed changes in staffing or buffer sizing. Cross-listed with MANU-3030.",LEC,4,t,,,,,
EENG-3010,ENG,Semiconductor Optoelectronic Devices,"Light-emitting diodes, laser diodes, and photodetectors are analyzed by connecting semiconductor band structure to optical absorption and emission, covering direct versus indirect bandgap materials, quantum efficiency, and responsivity. Solar cells are treated as a related device that converts absorbed photons into current rather than emitting light. Worked problems calculate emission wavelength, efficiency, or detector responsivity from given material parameters.",LEC,4,t,,,,,
EENG-3015,ENG,Semiconductor Optoelectronic Devices Laboratory,"Students measure the current-voltage and light-output characteristics of light-emitting diodes and laser diodes, and use a photodetector setup to record responsivity as a function of wavelength. A closing experiment characterizes a small photovoltaic cell under varying illumination and computes its efficiency. Laboratory companion to EENG-3010.",LAB,2,t,,,,,
EENG-3020,ENG,VLSI Design I Laboratory,"Students design and simulate CMOS logic gates at the transistor level, laying out cells according to design rules and verifying that the layout matches the intended schematic before extracting parasitic capacitances for timing analysis. A final project has students assemble a small standard-cell block, such as a multiplexer or adder, and verify its function through simulation. Laboratory companion to EENG-3025.",LAB,2,t,,,,,
EENG-3025,ENG,VLSI Design I,"CMOS transistor operation is applied to the design of static logic gates, covering pull-up and pull-down network construction, gate sizing for target delay, and the layout rules that govern how transistors are physically arranged on a chip. Propagation delay and power dissipation are estimated by hand using simplified transistor models before more detailed simulation is introduced. The course establishes the static design flow that a later course extends to dynamic circuits and memory.",LEC,4,t,,,,,
EENG-3030,ENG,Autonomous Robotics,"Mobile robot navigation is built up from kinematic models of wheeled platforms through sensor fusion, localization, and path planning algorithms, connecting each topic to the perception and control problems a robot must solve to move through an environment. Coverage includes basic mapping techniques and obstacle avoidance strategies evaluated in simulation before any hardware is involved. Students implement a simplified planning algorithm and test it against a set of simulated environments.",LEC,4,t,,,,,
EENG-3035,ENG,Autonomous Robotics Laboratory,"Wheeled robot platforms are programmed here to execute the localization and path-planning algorithms introduced in lecture, using onboard sensors such as encoders and rangefinders to navigate a marked course. Teams iterate on a semester project that must complete a navigation task with a fixed budget of sensors and computation. Laboratory companion to EENG-3030.",LAB,2,t,,,,,
EENG-3040,ENG,Digital Signal Processing Design,"Building on discrete-time system theory, this course focuses on designing filters to meet a target specification and implementing them under real hardware constraints such as fixed-point arithmetic, limited word length, and finite processor throughput. Filter design methods including windowing and equiripple approximation are compared for how closely they meet passband and stopband requirements. Students translate a filter specification into a working implementation and verify it against the target frequency response.",LEC,4,t,,,,,
EENG-3045,ENG,Digital Signal Processing Design Laboratory,"Filters designed in lecture are implemented on a signal-processing platform, with students measuring frequency response and quantifying the error introduced by fixed-point rounding relative to a floating-point reference. A closing project applies a designed filter to a recorded signal and evaluates whether it meets its passband and stopband targets. Laboratory companion to EENG-3040.",LAB,2,t,,,,,
EENG-3050,ENG,Electronic Sensing Systems Laboratory,"Signal-conditioning circuits for common sensors such as strain gauges, thermistors, and photodiodes are built and characterized here, with students measuring sensitivity and noise floor against datasheet specifications. A final exercise integrates a sensor, conditioning circuit, and simple readout display into a working measurement instrument. Laboratory companion to EENG-3055.",LAB,2,t,,,,,
EENG-3055,ENG,Electronic Sensing Systems,"Transduction mechanisms for common sensors, resistive, capacitive, and photonic, are covered alongside the signal-conditioning circuitry needed to turn a small sensor output into a usable measurement: instrumentation amplifiers, bridge circuits, and filtering for noise rejection. Error sources such as drift, nonlinearity, and electromagnetic interference are analyzed with an eye toward practical measurement system design. Case studies cover strain measurement, temperature sensing, and optical detection.",LEC,4,t,,,,,
EENG-3060,ENG,Embedded Control Laboratory,"A microcontroller running a digital control algorithm is used to regulate a physical plant, such as a motor speed or a temperature loop, and students tune the controller on hardware and compare its response to the simulation from lecture. Data logging and real-time plotting are used to diagnose steady-state error and oscillation caused by sampling rate or quantization. Laboratory companion to EENG-3065.",LAB,2,t,,,,,
EENG-3065,ENG,Embedded Control,"Continuous-time control designs are adapted for implementation on a microcontroller here, covering sampling rate selection, discretization of a continuous controller, and the effects of quantization and computational delay on closed-loop stability. Proportional-integral-derivative controllers are implemented in fixed-point arithmetic and evaluated against the same performance metrics used for their continuous counterparts. The course bridges classical control theory and the realities of running a controller on limited embedded hardware.",LEC,4,t,,,,,
EENG-3070,ENG,Experimental Plasma Physics Laboratory,"Working with a small laboratory plasma source, students measure electron temperature and density using electrostatic probes and observe basic plasma phenomena such as sheath formation and wave propagation. Diagnostic techniques including optical emission spectroscopy are used to characterize discharge conditions, and results are compared to the theoretical models covered in lecture. Laboratory companion to EENG-3075. Cross-listed with NUCL-2055.",LAB,2,t,,,,,
EENG-3075,ENG,Experimental Plasma Physics,"Ionized gases are described through single-particle motion in electric and magnetic fields, then through fluid and kinetic models that predict collective behavior such as Debye shielding, plasma oscillations, and wave propagation. Diagnostic techniques used to measure plasma parameters, including probes and spectroscopic methods, are covered alongside the theory they are meant to test. Applications span fusion confinement concepts, plasma processing, and space plasma phenomena. Cross-listed with NUCL-2050.",LEC,4,t,,,,,
EENG-4005,ENG,Programming for Scientists and Engineers,"Numerical methods for engineering problems are implemented here: root finding, numerical integration, linear system solvers, and basic data analysis and visualization applied to scientific data sets. Students write programs that process experimental or simulated data, propagate measurement uncertainty, and generate plots suitable for a technical report. The course moves quickly through basic programming constructs to focus most of its time on applying them to quantitative problem solving.",LEC,4,t,,,,,
EENG-4010,ENG,Radiowave Propagation Laboratory,"Field and bench measurements here characterize how radio signals attenuate and fade over distance, comparing measured path loss to free-space and empirical propagation models covered in lecture. Students also measure multipath effects indoors using a network analyzer and relate the results to fading statistics. Laboratory companion to EENG-4015.",LAB,2,t,,,,,
EENG-4015,ENG,Radiowave Propagation,"Radio signal behavior over real terrain and buildings is modeled beyond simple free-space propagation, covering reflection, diffraction, and scattering mechanisms and the empirical and statistical models used to predict path loss in practice. Multipath fading, shadowing, and Doppler spread are analyzed for their effect on link reliability. Link budget calculations tie the propagation models to overall system range and coverage planning.",LEC,4,t,,,,,
EENG-4020,ENG,VLSI Design II Laboratory,"Students design and simulate the dynamic logic and memory circuits introduced in lecture, laying out an SRAM cell or a dynamic gate and verifying its read and write margins through transistor-level simulation. A semester project integrates a small memory block or a low-power logic circuit and evaluates it against area, speed, and power targets. Laboratory companion to EENG-4025.",LAB,2,t,,,,,
EENG-4025,ENG,VLSI Design II,"Static gate design from the earlier design course expands here into dynamic logic families, memory circuits including SRAM and DRAM cell structures, and clocking and timing issues such as clock skew and setup and hold margins. Low-power design techniques, including voltage scaling and clock gating, are introduced alongside their tradeoffs against speed and reliability. Students analyze and design circuits that go well beyond the static gates covered earlier.",LEC,4,t,,,,,
EENG-4030,ENG,Advanced Laser Systems Laboratory,"A pulsed or Q-switched laser system is operated on the bench here, with students measuring pulse energy, duration, and beam quality and comparing results to the mode-locking and Q-switching theory covered in lecture. A characterization exercise records output power as a function of pump level to extract threshold and slope efficiency for the system under test. Laboratory companion to EENG-4035.",LAB,2,t,,,,,
EENG-4035,ENG,Advanced Laser Systems,"This course extends the fundamentals of laser operation into pulsed and high-power regimes, covering Q-switching, mode-locking, and gain-switching techniques used to generate short optical pulses. Nonlinear effects such as harmonic generation and their role in extending laser wavelength coverage are also examined. Design problems estimate pulse energy, peak power, and repetition rate for a specified laser configuration.",LEC,4,t,,,,,
EENG-4040,ENG,Advanced Solid-State Microwave Circuits,"Microwave circuits built from solid-state devices are analyzed using scattering parameters, covering transistor amplifier design for gain and stability, oscillator topologies, and mixer circuits used in microwave transceivers. Impedance matching networks are designed graphically to meet gain, bandwidth, and noise-figure targets. Design examples work through a complete low-noise amplifier or oscillator from device selection to matching network layout.",LEC,4,t,,,,,
EENG-4045,ENG,Design of Digital Control Systems,"Digital control design is developed from the z-transform through pulse transfer functions, covering discretization of continuous plants, digital compensator design, and stability analysis on the z-plane. State-space methods for digital controllers, including pole placement and observer design, extend the classical transform-based techniques covered earlier in the course. Design examples apply these methods to mechanical and electromechanical plants such as a positioning stage or a motor drive. Cross-listed with MECH-3015.",LEC,4,t,,,,,
EENG-4050,ENG,Digital Integrated Circuits,"Digital integrated circuits are examined at the chip level here, covering interconnect resistance and capacitance modeling, signal integrity issues such as crosstalk and ground bounce, and the power distribution networks needed to deliver clean supply voltage across a large die. Input and output buffer design and electrostatic discharge protection are covered as the interface between a chip and the outside world. The course complements gate-level design courses by focusing on effects that only appear at full-chip scale.",LEC,4,t,,,,,
EENG-4055,ENG,Electro-Optic Semiconductors,"The electro-optic effect, the change in a material's refractive index under an applied electric field, is developed from crystal symmetry arguments and applied to the design of optical modulators and switches built in semiconductor and electro-optic crystal platforms. Phase and amplitude modulation schemes are analyzed for bandwidth and drive-voltage requirements. The course treats electro-optic modulation as a distinct device class from the light-emitting and light-detecting devices covered in earlier optoelectronics courses.",LEC,4,t,,,,,
EENG-4060,ENG,Engineering Electromagnetics Laboratory,"Electromagnetic field quantities such as electric field strength, transmission-line standing-wave ratio, and waveguide propagation characteristics are measured here using a network analyzer and probe setups, with results compared to the analytical predictions from lecture. A final exercise characterizes a transmission-line or waveguide section and extracts its propagation constant from measured data. Laboratory companion to EENG-4065.",LAB,2,t,,,,,
EENG-4065,ENG,Engineering Electromagnetics,"Maxwell's equations are applied in their full form here, covering wave propagation in lossy and lossless media, transmission lines, waveguides, and boundary-value problems solved for canonical geometries. Time-harmonic fields are treated with phasor notation throughout, connecting the vector calculus formulation to practical transmission-line and waveguide design. The course provides the field-theory foundation used by later courses in antennas, microwave circuits, and optics.",LEC,4,t,,,,,
EENG-4070,ENG,Hands-On Robotics Laboratory,"Teams design, build, and program a robotic mechanism, integrating motors, sensors, and a microcontroller into a working system that must complete a specified physical task, such as picking up an object or navigating an obstacle course. Iterative testing and mechanical rework are a core part of the course, with students expected to diagnose and fix hardware failures under time pressure. Laboratory companion to EENG-4075.",LAB,2,t,,,,,
EENG-4075,ENG,Hands-On Robotics,"Robot design is approached from the mechanism up: actuator selection and sizing, gear trains, manipulator kinematics, and the structural and electromechanical tradeoffs involved in building a physical robot rather than simulating one. Forward and inverse kinematics are developed for simple serial-link arms and applied to trajectory planning for a manipulator. The course emphasizes the mechanical and electromechanical design decisions that precede the navigation and perception algorithms covered in a separate robotics course.",LEC,4,t,,,,,
EENG-4080,ENG,Patent Fundamentals for Engineers,"Patentability, novelty, and obviousness are introduced from an engineer's perspective, covering how to read a patent claim, search prior art, and document an invention disclosure in a way that supports a later patent application. Case studies drawn from electrical and electronic technologies illustrate how claims are drafted to cover a range of implementations. The course is designed for engineers who will work alongside intellectual property professionals rather than for those pursuing formal legal training.",LEC,4,t,,,,,
EENG-4085,ENG,Plasmonics,"Surface plasmon polaritons, the coupled oscillations of free electrons and light at a metal-dielectric interface, are developed from Maxwell's equations and used to explain field confinement below the diffraction limit. Applications covered include plasmonic waveguides, sensors that exploit the sensitivity of surface plasmon resonance to a local refractive index change, and enhanced light-matter interaction in nanostructured metals. Numerical examples estimate propagation length and confinement for representative metal-dielectric geometries.",LEC,4,t,,,,,
EENG-4090,ENG,Solid-State Devices,"Semiconductor device behavior is derived here from the drift-diffusion and continuity equations rather than the simplified models used in an earlier course, covering short-channel effects, velocity saturation, and other second-order behavior in modern field-effect transistors. Bipolar transistor high-frequency limitations and heterojunction devices are also examined. Students use numerical device simulation to explore behavior that lacks a convenient closed-form solution.",LEC,4,t,,,,,
MANU-1005,MAN,Composite Materials,"Fiber-reinforced composites are introduced through their constituent phases: reinforcing fibers such as glass and carbon, and polymer, metal, or ceramic matrices that bind them. Coverage includes laminate stacking sequences, basic micromechanics for predicting stiffness and strength, and common fabrication routes like hand layup, filament winding, and resin transfer molding. Case studies from aerospace and automotive panels illustrate how fiber orientation and matrix choice drive performance tradeoffs. Cross-listed with MATL-1010.",LEC,4,t,,,,,
MANU-1010,MAN,Design and Manufacturing I Laboratory,"The lab pairs basic machine shop practice (mill, lathe, drill press, and hand tools) with measurement technique using calipers, micrometers, and dial indicators. Students fabricate a sequence of simple parts from engineering drawings, checking dimensions and tolerances against spec, and submit lab reports documenting process choices and results. Safety procedures and shop etiquette are enforced from the first session. Laboratory companion to MANU-1015.",LAB,2,t,,,,,
MANU-1015,MAN,Design and Manufacturing I,"An entry point to product design, covering engineering sketching, dimensioning, and basic tolerancing alongside an overview of core manufacturing processes such as casting, injection molding, and machining. Simple design-for-manufacture guidelines introduce how part geometry and material choice affect cost and producibility. Weekly design exercises build toward a small manufactured component completed in the paired laboratory.",LEC,4,t,,,,,
MANU-1020,MAN,Material Handling Systems,"Coverage spans the equipment and layout decisions behind moving materials through a factory or warehouse: conveyors, automated guided vehicles, forklifts, and storage racking. Students learn to size throughput requirements, lay out receiving and staging areas, and calculate basic queuing and buffer capacity for a production line. Case examples cover distribution centers and assembly plants alike.",LEC,4,t,,,,,
MANU-1025,MAN,Materials Engineering Design,"Material selection is framed as a design decision: given a set of functional requirements, students use property charts and selection indices to weigh candidate metals, polymers, ceramics, and composites against cost, weight, and manufacturability. Short case studies trace historical material substitutions, such as aluminum for steel in automotive panels, to show how selection criteria shift with application. Cross-listed with MATL-4005.",LEC,4,t,,,,,
MANU-1030,MAN,Materials Engineering Design Laboratory,"Laboratory sessions pair mechanical testing (tensile, hardness, and impact) with failure analysis of fractured or corroded samples, building the evidence base for a term-long material selection project. Students benchmark candidate materials against a design brief, document test procedures and data in formal reports, and present a final material recommendation. Laboratory companion to MANU-1025. Cross-listed with MATL-3020.",LAB,2,t,,,,,
MANU-2005,MAN,Derivative Instruments and Commodity Risk,"Manufacturers face volatile input costs, and this course examines how futures, forwards, options, and swaps are used to hedge exposure to raw-material prices, energy costs, and currency movements. Students build hedge ratios for a commodity-exposed production plan, evaluate basis risk, and compare exchange-traded contracts against over-the-counter alternatives. Applications draw on metals, plastics resin, and energy markets relevant to a manufacturing supply chain.",LEC,4,t,,,,,
MANU-2010,MAN,Design and Manufacturing II Laboratory,"Building on first-year shop skills, this lab moves to CNC milling and turning, with students programming toolpaths from CAD models and verifying dimensional accuracy against tolerance stacks. Teams assemble multi-part subsystems, troubleshoot fit and function issues, and document machining parameters and iteration history in structured reports. Laboratory companion to MANU-2015.",LAB,2,t,,,,,
MANU-2015,MAN,Design and Manufacturing II,"Design work advances to parametric CAD modeling, geometric dimensioning and tolerancing, and formal design-for-manufacture and design-for-assembly review. Process planning introduces CNC machining sequences and fixturing strategy for mid-complexity parts, with tolerance stack-up analysis used to catch fit problems before they reach the shop floor. A term project carries a component from concept sketch through a manufacturing-ready drawing package.",LEC,4,t,,,,,
MANU-2020,MAN,Design Optimization,"Numerical optimization techniques such as gradient-based search, genetic algorithms, and topology optimization are applied to structural and mechanical design problems with competing objectives like weight, stiffness, and cost. Students formulate design variables, constraints, and objective functions for case problems such as bracket redesign or truss layout, then solve them with optimization software. Cross-listed with MECH-3020.",LEC,4,t,,,,,
MANU-2025,MAN,Fatigue in Mechanical Design,"Cyclic loading and its effect on mechanical components anchors this course: S-N curves, stress concentration factors, and mean-stress corrections are used to predict fatigue life for shafts, fasteners, and welded joints. Crack initiation and propagation are introduced through basic fracture mechanics, including crack growth rate models. Historical failures, from aircraft fuselages to bridge components, illustrate how design margins are set in practice. Cross-listed with MECH-3025.",LEC,4,t,,,,,
MANU-2030,MAN,Lean Manufacturing and Services,"Lean principles built around waste elimination and flow are applied across both factory floors and service operations. Tools covered include value stream mapping, kanban pull systems, 5S workplace organization, and single-minute exchange of die for reducing changeover time. Students map an existing process, identify non-value-added steps, and propose a redesigned workflow with supporting metrics.",LEC,4,t,,,,,
MANU-2035,MAN,Machining Processes,"Conventional machining processes such as turning, milling, drilling, and grinding are analyzed through cutting mechanics: chip formation, tool geometry, and the speeds and feeds that govern material removal rate. Tool wear mechanisms and their effect on surface finish and dimensional accuracy are covered alongside selection of cutting tool materials such as carbide and ceramic inserts. Cross-listed with MECH-3045.",LEC,4,t,,,,,
MANU-2040,MAN,Marine Structure Construction,"Fabrication and assembly methods for ships and offshore structures are covered, including hull plate forming, block construction sequencing, and welding procedures suited to marine-grade steel. Corrosion protection strategies such as cathodic protection and coating systems address the demands of a saltwater environment. Case studies examine how large sub-assemblies are built in modules and joined at final erection.",LEC,4,t,,,,,
MANU-2045,MAN,Manufacturing and Supply Operations,"Coordination between a factory floor and its supply base is the focus, covering production planning basics, inventory positioning, and supplier lead-time management. Students calculate operational metrics such as overall equipment effectiveness and throughput, then use them to diagnose bottlenecks in a simplified multi-stage production system. Coordination mechanisms between purchasing, production, and logistics functions are examined through case scenarios.",LEC,4,t,,,,,
MANU-2050,MAN,Statistical Quality Control,"Statistical methods for monitoring and improving process quality open with control charts: X-bar and R charts, p-charts, and the rules used to detect an out-of-control process. Process capability indices such as Cp and Cpk quantify how well a process meets specification limits, and acceptance sampling plans are introduced for incoming inspection. Worked examples draw on measurement data from machined parts and assembly lines. Cross-listed with MECH-2070.",LEC,4,t,,,,,
MANU-3005,MAN,Design and Manufacturing III,"Design work matures toward production readiness: students develop a manufacturing process plan for a multi-part assembly, estimate unit cost across candidate processes, and specify tooling requirements for a target production volume. Simulation tools check assembly tolerances and manufacturability before committing to hard tooling. The course bridges the single-part focus of earlier design courses with the system-level view needed for the capstone.",LEC,4,t,,,,,
MANU-3010,MAN,Design and Manufacturing Capstone,"A team-based capstone carries a product from an initial concept through to a manufactured working prototype. Teams define requirements, iterate through concept selection and detailed design, and manage a build schedule that accounts for supplier lead times and shop availability. The term concludes with a functional prototype demonstration and a written design history documenting decisions and tradeoffs made along the way.",LEC,4,t,,,,,
MANU-3015,MAN,Design for Manufacturing,"Design-for-manufacture rules are examined process by process: draft angles and wall thickness for injection molding, bend allowances and minimum flange lengths for sheet metal, and parting-line placement for casting. Students redesign a supplied part to reduce cycle time or scrap rate under a named manufacturing process, then justify the cost impact of each change. Cross-listed with MECH-2050.",LEC,4,t,,,,,
MANU-3020,MAN,Global Manufacturing,"Location decisions for manufacturing capacity are analyzed against labor cost, logistics distance, tariff exposure, and quality risk across regions. Case studies of multinational producers illustrate tradeoffs between offshoring, nearshoring, and reshoring, including the hidden costs of extended supply chains such as inventory buffers and quality escapes. Students build a landed-cost comparison for a candidate product across two or more manufacturing locations. Cross-listed with MECH-4020.",LEC,4,t,,,,,
MANU-3025,MAN,Manufacturing System Design,"Factory-level design decisions are the subject: line balancing, cellular versus job-shop layout, and capacity planning for a target production rate. Discrete-event simulation models are built to test proposed layouts against throughput and work-in-process targets before committing to a floor plan. A term project designs a complete production system for a specified product and volume.",LEC,4,t,,,,,
MANU-3030,MAN,Production Systems Engineering,"Manufacturing lines are modeled as networks of workstations, buffers, and material flows, and the course covers throughput analysis, bottleneck identification, and scheduling techniques used to improve production system performance. Queueing and simulation models are applied to case studies such as a circuit-board assembly line or an electronics test station. Students build a simplified simulation of a production line and use it to evaluate proposed changes in staffing or buffer sizing. Cross-listed with EENG-3005.",LEC,4,t,,,,,
MANU-3035,MAN,Statistical Quality Control II,"Building past the control-chart foundation of introductory quality control, this course covers design of experiments for process optimization, multivariate and EWMA control charts for detecting subtle shifts, and regression-based methods for relating process inputs to output quality. The DMAIC framework structures a term-long improvement project on a real or simulated process. Emphasis falls on situations where single-variable charts miss interacting effects.",LEC,4,t,,,,,
MANU-4005,MAN,Advanced Mechatronics for Manufacturing,"Automated manufacturing equipment is built from the integration of sensors, actuators, and embedded control, and this course covers PLC programming, servo motor control, and sensor selection for closed-loop feedback. Students design and program a control system for a small automated workcell, such as a pick-and-place station or a robotic dispensing arm, addressing timing, safety interlocks, and fault handling. Cross-listed with MECH-4015.",LEC,4,t,,,,,
MANU-4010,MAN,Design Problems,"An independent study format lets a student pursue an open design problem under faculty supervision, beginning with a written proposal that scopes the problem, deliverables, and schedule. Work proceeds through concept development, analysis, and design iteration appropriate to the chosen topic, culminating in a final written report and an oral presentation to faculty. Cross-listed with MATL-4010.",IND,2,t,,,,,
MANU-4015,MAN,Manufacturing Project,"A supervised project applies manufacturing engineering methods to a problem proposed by the student and approved by a faculty advisor, covering process selection, cost analysis, or system design as the topic requires. Progress is tracked through periodic check-ins, with a final written report and presentation summarizing methodology, results, and recommendations. Topics have ranged from process improvement studies at a specific facility to the design of a manufacturing cell for a new product line.",IND,2,t,,,,,
MANU-4020,MAN,Production and Inventory Control,"Production planning and inventory management are formalized through models such as economic order quantity, safety stock calculation, and material requirements planning. Students build a master production schedule from a forecasted demand pattern and translate it into a time-phased materials plan for a multi-level bill of materials. Forecasting error and its effect on inventory buffers is examined through sensitivity analysis.",LEC,4,t,,,,,
MANU-4025,MAN,Scheduling,"Sequencing and scheduling problems are formulated for both job shop and flow shop environments, covering dispatching rules, critical ratio scheduling, and bottleneck-focused approaches such as drum-buffer-rope. Students compare heuristic scheduling rules against optimal solutions for small problem instances and evaluate tradeoffs between makespan, tardiness, and machine utilization. A term assignment schedules a multi-product production run under capacity constraints.",LEC,4,t,,,,,
MANU-4030,MAN,Supply Chain Facilities,"Facility location and network design decisions are modeled for distribution centers, warehouses, and plants serving a regional or national demand pattern. Students apply location-allocation models to site new facilities, evaluate transportation cost tradeoffs between centralized and decentralized networks, and size warehouse space against throughput requirements. Case problems draw on retail distribution and manufacturing supply networks.",LEC,4,t,,,,,
MANU-4035,MAN,Industrial Operations Project,"A team project embeds students directly with an industrial partner's operations to study a live production or logistics problem on-site. Teams scope the problem with the partner, gather operational data, and develop process or system recommendations grounded in the partner's actual constraints. The term concludes with a written report and a presentation delivered to the partner organization.",IND,2,t,,,,,
MATL-1005,MAT,Ceramic Materials,"Ceramic materials are introduced through their crystal structures, ionic and covalent bonding, and the processing routes used to form dense parts, including powder pressing, sintering, and firing. Mechanical behavior emphasizes brittle fracture and the flaw sensitivity that distinguishes ceramics from metals, alongside thermal properties relevant to refractory and electronic applications. Examples range from structural alumina components to piezoelectric ceramics.",LEC,4,t,,,,,
MATL-1010,MAT,Composite Materials,"Fiber-reinforced composites are introduced through their constituent phases: reinforcing fibers such as glass and carbon, and polymer, metal, or ceramic matrices that bind them. Coverage includes laminate stacking sequences, basic micromechanics for predicting stiffness and strength, and common fabrication routes like hand layup, filament winding, and resin transfer molding. Case studies from aerospace and automotive panels illustrate how fiber orientation and matrix choice drive performance tradeoffs. Cross-listed with MANU-1005.",LEC,4,t,,,,,
MATL-1015,MAT,Electron Microscopy I Laboratory,"Hands-on sessions cover sample preparation, mounting, and coating techniques, followed by operation of a scanning electron microscope to capture and interpret micrographs of metal, ceramic, and polymer specimens. Basic diffraction patterns are collected and indexed to identify crystal structure. Each session produces a written report pairing imaging results with microstructural interpretation. Laboratory companion to MATL-1020.",LAB,2,t,,,,,
MATL-1020,MAT,Electron Microscopy I,"The physics of electron-sample interaction underlies this introduction to electron microscopy, covering electron generation, lens systems, and imaging modes such as secondary electron, backscattered electron, and diffraction contrast. Resolution limits and specimen preparation constraints are compared across scanning and transmission instruments. The course builds the theoretical grounding for the paired laboratory's hands-on imaging work.",LEC,4,t,,,,,
MATL-1025,MAT,Introduction to Materials and Manufacturing,"A broad survey introduces the four major materials classes (metals, polymers, ceramics, and composites) alongside the manufacturing processes commonly paired with each, such as casting for metals and injection molding for polymers. Basic property concepts, including strength, stiffness, and ductility, are related to atomic and molecular structure at a qualitative level. The course sets up the material and process vocabulary used throughout both the Materials Science and Manufacturing programs.",LEC,4,t,,,,,
MATL-2005,MAT,Physics of Polymers,"Covers the physical behavior of polymeric materials: chain conformation and molecular weight distribution, glass transition and crystallization, viscoelasticity, and the rheological measurements used to characterize melt and solution behavior. Problem sets connect molecular structure to bulk mechanical and thermal properties observed in processing. The course serves both chemical engineering and materials students, reflected in its dual listing. Cross-listed with CHEM-3015.",LEC,4,t,,,,,
MATL-2010,MAT,Physics of Materials,"Material properties are derived from underlying physics: atomic bonding types, crystal structure, and electron band theory explain why some solids conduct electricity and others insulate. Thermal and magnetic properties, including heat capacity and basic ferromagnetism, are connected back to the same structural and electronic framework. Problem sets emphasize quantitative prediction of property trends across material families.",LEC,4,t,,,,,
MATL-2015,MAT,Principles of Engineering Materials,"Structure-property relationships across metals, ceramics, and polymers are developed through mechanical testing, phase diagrams, and the microstructural features that control strength and toughness, including grain size, phase fraction, and defect density. Students interpret binary phase diagrams to predict microstructure from processing history and relate that microstructure to measured mechanical properties. The course applies these relationships to selecting materials for representative engineering components.",LEC,4,t,,,,,
MATL-2020,MAT,Kinetics and Transport in Materials,"Diffusion and transport processes that govern materials processing are analyzed through Fick's laws, Arrhenius-type rate expressions, and time-temperature-transformation behavior. Applications include predicting carburizing depth in heat-treated steel, solidification rate effects on grain structure, and diffusion-controlled phase transformations. Problem sets require solving transport equations under specified boundary conditions relevant to processing operations.",LEC,4,t,,,,,
MATL-2025,MAT,Materials Physical Chemistry,"Thermodynamic concepts such as Gibbs free energy, chemical potential, and phase equilibria are applied to materials systems to predict which phases are stable under given temperature and composition conditions. Reaction equilibria and basic electrochemistry extend the framework to corrosion behavior and oxidation of metals. Students construct and interpret binary phase diagrams from thermodynamic data.",LEC,4,t,,,,,
MATL-2030,MAT,Materials Characterization II,"Advanced characterization techniques extend beyond basic imaging to quantify composition and crystal structure: X-ray diffraction for phase identification, energy-dispersive spectroscopy for elemental analysis, and surface-sensitive methods for thin films and coatings. Students interpret diffraction patterns and spectra to solve materials identification problems drawn from failure analysis and quality control contexts. The course builds toward the hands-on instrument time in the paired laboratory.",LEC,4,t,,,,,
MATL-3005,MAT,Materials Characterization II Laboratory,"Laboratory sessions put students on X-ray diffractometers and spectroscopy instruments to collect data on unknown material samples, then walk through pattern matching and quantitative analysis to identify phases and composition. Each session culminates in a written report defending an identification against the collected data. Instrument calibration and sample preparation practices are emphasized throughout. Laboratory companion to MATL-2030.",LAB,2,t,,,,,
MATL-3010,MAT,Physical Metallurgy,"Metallic alloys are examined through the phase transformations and strengthening mechanisms that define their mechanical behavior: precipitation hardening, solid solution strengthening, grain refinement, and martensitic transformation in steels. Heat treatment schedules are designed and predicted using time-temperature-transformation and continuous-cooling-transformation diagrams for specific alloy systems. Case studies cover aluminum aerospace alloys and hardened tool steels.",LEC,4,t,,,,,
MATL-3015,MAT,Polymeric Materials,"Polymer chain architecture, molecular weight distribution, and crystallinity are connected to processing behavior across thermoplastics, thermosets, and elastomers. Processing methods such as extrusion, injection molding, and compression molding are examined alongside the viscoelastic response that distinguishes polymers from metals and ceramics, including creep, stress relaxation, and rate-dependent stiffness. Applications span commodity packaging plastics to engineering polymers used in structural components.",LEC,4,t,,,,,
MATL-3020,MAT,Materials Engineering Design Laboratory,"Laboratory sessions pair mechanical testing (tensile, hardness, and impact) with failure analysis of fractured or corroded samples, building the evidence base for a term-long material selection project. Students benchmark candidate materials against a design brief, document test procedures and data in formal reports, and present a final material recommendation. Laboratory companion to MATL-4005. Cross-listed with MANU-1030.",LAB,2,t,,,,,
MATL-4005,MAT,Materials Engineering Design,"Material selection is framed as a design decision: given a set of functional requirements, students use property charts and selection indices to weigh candidate metals, polymers, ceramics, and composites against cost, weight, and manufacturability. Short case studies trace historical material substitutions, such as aluminum for steel in automotive panels, to show how selection criteria shift with application. Cross-listed with MANU-1025.",LEC,4,t,,,,,
MATL-4010,MAT,Design Problems,"An independent study format lets a student pursue an open design problem under faculty supervision, beginning with a written proposal that scopes the problem, deliverables, and schedule. Work proceeds through concept development, analysis, and design iteration appropriate to the chosen topic, culminating in a final written report and an oral presentation to faculty. Cross-listed with MANU-4010.",IND,2,t,,,,,
MECH-1005,MEC,Dynamics,"Newtonian mechanics of particles and rigid bodies grounds this course, covering position, velocity, and acceleration in rotating and translating reference frames. Students apply force-mass-acceleration and work-energy methods to problems in linkages, gears, and simple mechanisms, then extend the same tools to impulse and momentum. Rigid body rotation about fixed axes and general plane motion round out the semester's problem sets.",LEC,4,t,,,,,
MECH-1010,MEC,Mechanical Vibrations,"Free and forced response of single degree-of-freedom oscillators opens the course, with natural frequency, damping ratio, and resonance developed from spring-mass-damper models. Coverage extends to multi-degree-of-freedom systems, normal modes, and vibration isolation for rotating machinery. Problem sets emphasize predicting amplitude and frequency response from a system's physical parameters.",LEC,4,t,,,,,
MECH-1015,MEC,Introduction to Finite Elements,"Truss and beam elements introduce the finite element method, with stiffness matrix assembly, boundary conditions, and solution of simple structural problems worked by hand before moving to software. Students compare mesh refinement choices and interpret displacement and stress output against known analytical solutions. The course builds intuition for where the method can mislead as well as where it helps.",LEC,4,t,,,,,
MECH-1020,MEC,Introduction to Solid Mechanics,"Stress, strain, and the relationship between them under Hooke's law form the foundation of this course, applied first to axially loaded bars and then to circular shafts under torsion. Students compute deformation, factor of safety, and stress concentration in simple structural members. The course sets up the vocabulary and free body methods used throughout later mechanics coursework.",LEC,4,t,,,,,
MECH-1025,MEC,Modeling and Control of Dynamic Systems,"Differential equation models of mechanical, electrical, and electromechanical systems are converted into transfer functions and block diagrams as the starting point for this course. Students analyze first and second order system response to step and frequency inputs, then design basic proportional and PID feedback controllers. Root locus and Bode plot techniques are introduced as tools for predicting closed loop stability.",LEC,4,t,,,,,
MECH-1030,MEC,Thermodynamics I,"The first and second laws of thermodynamics anchor this course, developed through property tables, the ideal gas model, and control volume energy balances. Students evaluate work and heat transfer in closed and open systems, then apply the concepts to simple power and refrigeration cycles. Entropy generation and the limits it places on cycle efficiency close out the semester.",LEC,4,t,,,,,
MECH-2035,MEC,Battery Systems and Control,"Electrochemical fundamentals of lithium-ion and related battery chemistries open this course, covering cell voltage, capacity, and internal resistance. Students model state of charge and state of health estimation algorithms and examine battery management system architectures for charge balancing and thermal protection. Case studies cover failure modes such as thermal runaway and degradation over repeated cycling.",LEC,4,t,,,,,
MECH-2040,MEC,Biofluid Mechanics,"Blood flow through arteries, veins, and capillary beds is modeled using non-Newtonian viscosity relationships suited to biological tissue, with pulsatile flow and vessel compliance treated alongside classical fluid mechanics. Students also examine respiratory airflow through the branching airway tree and the fluid dynamics of implanted and external biomedical devices such as stents, valves, and dialysis equipment. Problem sets connect physiological measurements to fluid mechanical models of disease and device performance.",LEC,4,t,,,,,
MECH-2045,MEC,Contact Mechanics,"Hertzian theory of elastic contact between curved surfaces opens the course, developed to predict contact area, pressure distribution, and subsurface stress. Students extend the analysis to friction, adhesion, and rolling contact, then apply it to wear prediction in bearings, gears, and cams. The course closes with an introduction to contact fatigue and surface failure mechanisms.",LEC,4,t,,,,,
MECH-2050,MEC,Design for Manufacturing,"Design-for-manufacture rules are examined process by process: draft angles and wall thickness for injection molding, bend allowances and minimum flange lengths for sheet metal, and parting-line placement for casting. Students redesign a supplied part to reduce cycle time or scrap rate under a named manufacturing process, then justify the cost impact of each change. Cross-listed with MANU-3015.",LEC,4,t,,,,,
MECH-2055,MEC,Fluid Mechanics I,"Fluid statics and the control volume forms of mass, momentum, and energy conservation open this introduction to fluid mechanics, applied to problems in pipes, tanks, and open channels. Students use Bernoulli's equation and dimensional analysis to size simple flow systems and estimate friction losses in laminar and turbulent pipe flow. Lecture problems draw on manometry, flow measurement devices, and basic pump and turbine performance.",LEC,4,t,,,,,
MECH-2060,MEC,Mechanical Behavior of Materials,"Elastic and plastic deformation of engineering metals and polymers is examined through stress-strain testing, yield criteria, and strain hardening models. Students study fatigue crack initiation and growth, creep at elevated temperature, and fracture mechanics parameters used to predict failure. Case studies connect microstructure to macroscopic mechanical response across a range of material classes.",LEC,4,t,,,,,
MECH-2065,MEC,Design of Manufacturing Systems,"Production line layout and process selection anchor this course, covering how batch size, tolerance requirements, and equipment capability shape a manufacturing system's design. Students apply line balancing, capacity planning, and material handling analysis to compare alternative factory layouts, then evaluate automation and robotics tradeoffs for a target production volume. Quality control methods, including statistical process control and inspection planning, are integrated into the design decisions throughout.",LEC,4,t,,,,,
MECH-2070,MEC,Statistical Quality Control,"Statistical methods for monitoring and improving process quality open with control charts: X-bar and R charts, p-charts, and the rules used to detect an out-of-control process. Process capability indices such as Cp and Cpk quantify how well a process meets specification limits, and acceptance sampling plans are introduced for incoming inspection. Worked examples draw on measurement data from machined parts and assembly lines. Cross-listed with MANU-2050.",LEC,4,t,,,,,
MECH-2075,MEC,Strength of Materials,"Bending, shear, and deflection of beams under distributed and concentrated loads extend the axial and torsional analysis introduced in earlier coursework. Students construct shear and moment diagrams, compute deflections by integration and superposition, and evaluate buckling of columns under compressive load. Combined loading problems and Mohr's circle for plane stress bring the semester's methods together for design against yield and instability.",LEC,4,t,,,,,
MECH-3005,MEC,Advanced Fluid Mechanics II,"Turbulence closure models, including eddy viscosity and Reynolds-averaged formulations, are developed alongside compressible gas dynamics for this advanced treatment of fluid flow. Students derive and apply the governing equations for shock waves, expansion fans, and choked flow in nozzles, then extend viscous flow theory to separated and three-dimensional boundary layers. The course is problem-set intensive, drawing on research-level fluid mechanics literature.",LEC,4,t,,,,,
MECH-3010,MEC,Analytical and Computational Dynamics I,"Lagrangian and Hamiltonian formulations replace the vector Newtonian methods of introductory dynamics, providing a systematic route to the equations of motion for constrained multibody systems. Students derive equations for robotic linkages, vehicle suspensions, and other multi-link mechanisms, then implement numerical integration schemes to simulate their time response. Generalized coordinates, virtual work, and Lagrange multipliers for constraints are recurring tools throughout.",LEC,4,t,,,,,
MECH-3015,MEC,Design of Digital Control Systems,"Digital control design is developed from the z-transform through pulse transfer functions, covering discretization of continuous plants, digital compensator design, and stability analysis on the z-plane. State-space methods for digital controllers, including pole placement and observer design, extend the classical transform-based techniques covered earlier in the course. Design examples apply these methods to mechanical and electromechanical plants such as a positioning stage or a motor drive. Cross-listed with EENG-4045.",LEC,4,t,,,,,
MECH-3020,MEC,Design Optimization,"Numerical optimization techniques such as gradient-based search, genetic algorithms, and topology optimization are applied to structural and mechanical design problems with competing objectives like weight, stiffness, and cost. Students formulate design variables, constraints, and objective functions for case problems such as bracket redesign or truss layout, then solve them with optimization software. Cross-listed with MANU-2020.",LEC,4,t,,,,,
MECH-3025,MEC,Fatigue in Mechanical Design,"Cyclic loading and its effect on mechanical components anchors this course: S-N curves, stress concentration factors, and mean-stress corrections are used to predict fatigue life for shafts, fasteners, and welded joints. Crack initiation and propagation are introduced through basic fracture mechanics, including crack growth rate models. Historical failures, from aircraft fuselages to bridge components, illustrate how design margins are set in practice. Cross-listed with MANU-2025.",LEC,4,t,,,,,
MECH-3030,MEC,Fluid Mechanics II,"The Navier-Stokes equations are derived and solved for a set of classical exact solutions before the course turns to boundary layer theory and its role in drag prediction. Students analyze laminar to turbulent transition, separation, and wake formation over immersed bodies such as airfoils and cylinders. External flow problems involving lift and drag coefficients connect the theory to vehicle and structure design.",LEC,4,t,,,,,
MECH-3035,MEC,Heat Transfer,"Conduction, convection, and radiation are treated as a unified set of energy transport mechanisms, beginning with steady and transient conduction in one and two dimensional geometries. Students size fins and extended surfaces, apply correlations for forced and natural convection, and compute radiative exchange between surfaces of varying geometry and emissivity. The course closes with heat exchanger analysis using the log mean temperature difference and effectiveness-NTU methods.",LEC,4,t,,,,,
MECH-3040,MEC,Linear Systems Theory,"State-space representation of linear time-invariant systems is developed from first principles, with matrix exponential solutions used to characterize free and forced response. Students evaluate controllability and observability using rank tests and design state feedback and observer gains by pole placement. Lyapunov methods for stability analysis and an introduction to optimal control close out the course.",LEC,4,t,,,,,
MECH-3045,MEC,Machining Processes,"Conventional machining processes such as turning, milling, drilling, and grinding are analyzed through cutting mechanics: chip formation, tool geometry, and the speeds and feeds that govern material removal rate. Tool wear mechanisms and their effect on surface finish and dimensional accuracy are covered alongside selection of cutting tool materials such as carbide and ceramic inserts. Cross-listed with MANU-2035.",LEC,4,t,,,,,
MECH-3050,MEC,Mechanical Engineering Analysis,"Ordinary and partial differential equations that arise in mechanical engineering problems are solved using series solutions, separation of variables, and Laplace transform methods. Students apply linear algebra and matrix methods to coupled systems of equations, then use numerical techniques including finite differences to approximate solutions that resist closed form treatment. Applications are drawn from vibration, heat conduction, and structural problems covered elsewhere in the curriculum.",LEC,4,t,,,,,
MECH-3055,MEC,Sustainable Design,"Life-cycle assessment quantifies the environmental impact of a product from raw material extraction through manufacturing, use, and disposal, forming the analytical core of this course. Students compare material and process alternatives for embodied energy, carbon footprint, and recyclability, then apply design for disassembly and design for energy efficiency principles to a term project. Regulatory drivers and eco-labeling standards are discussed alongside the technical methods.",LEC,4,t,,,,,
MECH-4005,MEC,Advanced Energy Solutions,"Renewable generation technologies including solar photovoltaic, wind, and geothermal are evaluated for capacity factor, levelized cost, and grid integration challenges. Students design energy storage strategies combining batteries, pumped hydro, and thermal storage to firm intermittent generation, and model demand response and microgrid architectures. The course culminates in a techno-economic analysis of a proposed energy system.",LEC,4,t,,,,,
MECH-4010,MEC,Advanced Internal Combustion Engines,"Combustion chemistry and in-cylinder thermodynamics are developed for spark-ignition and compression-ignition engines, with emphasis on knock, ignition delay, and heat release rate. Students model emissions formation for nitrogen oxides, particulates, and unburned hydrocarbons, and evaluate aftertreatment and combustion control strategies for meeting emissions standards. Performance optimization problems cover boosting, variable valve timing, and fuel injection strategy.",LEC,4,t,,,,,
MECH-4015,MEC,Advanced Mechatronics for Manufacturing,"Automated manufacturing equipment is built from the integration of sensors, actuators, and embedded control, and this course covers PLC programming, servo motor control, and sensor selection for closed-loop feedback. Students design and program a control system for a small automated workcell, such as a pick-and-place station or a robotic dispensing arm, addressing timing, safety interlocks, and fault handling. Cross-listed with MANU-4005.",LEC,4,t,,,,,
MECH-4020,MEC,Global Manufacturing,"Location decisions for manufacturing capacity are analyzed against labor cost, logistics distance, tariff exposure, and quality risk across regions. Case studies of multinational producers illustrate tradeoffs between offshoring, nearshoring, and reshoring, including the hidden costs of extended supply chains such as inventory buffers and quality escapes. Students build a landed-cost comparison for a candidate product across two or more manufacturing locations. Cross-listed with MANU-3020.",LEC,4,t,,,,,
MECH-4025,MEC,Hybrid Electric Vehicles,"Powertrain architectures spanning series, parallel, and power-split hybrid configurations are compared for efficiency, packaging, and cost. Students size electric motors and battery packs against drive cycle requirements and design energy management strategies that split torque demand between the combustion engine and electric drive. Regenerative braking, engine start-stop control, and thermal management of the electric powertrain are covered as integrated design problems.",LEC,4,t,,,,,
MECH-4030,MEC,Special Topics in Mechanical Engineering Laboratory,"Experiments in this laboratory follow the rotating topic of its companion lecture, giving students hands-on apparatus time tied to that semester's subject matter. Students design test procedures, take instrumented measurements, and analyze uncertainty before writing formal laboratory reports. Equipment and measurement techniques vary by offering but consistently emphasize experimental method over any single topic area. Laboratory companion to MECH-4035.",LAB,2,t,,,,,
MECH-4035,MEC,Special Topics in Mechanical Engineering,"Topics in this course rotate by offering and are announced in advance, drawing on emerging areas of mechanical engineering such as soft robotics, additive manufacturing process design, or biomechanical tissue modeling. Each offering is organized around a focused set of readings, problem sets, and a term project appropriate to the topic. The course allows the department to bring current research areas into the senior curriculum.",LEC,4,t,,,,,
MECH-4040,MEC,Special Topics in Mechanical Engineering II,"A second rotating special topics offering, this course covers subjects such as autonomous vehicle mechanical systems, tribology and surface engineering, or micro and nanoscale mechanical devices depending on the semester. Students work through topic-specific readings and a substantial project or paper that applies course concepts to an open problem. Because the subject changes each offering, the course may be repeated for credit as new topics are announced.",LEC,4,t,,,,,
NUCL-1005,NUC,Computational Fluid Dynamics for Nuclear Applications,"Mesh generation and discretization of the governing flow equations introduce students to computational fluid dynamics as applied to nuclear reactor components such as coolant channels and fuel assemblies. Students set up and run simulations using standard turbulence models, then compare predicted velocity and temperature fields against benchmark data. The course emphasizes correct problem setup and result verification over the underlying numerical theory.",LEC,4,t,,,,,
NUCL-1010,NUC,Computational Radiation Imaging,"Image reconstruction algorithms for radiation detection systems form the focus of this course, covering projection data, back-projection, and iterative reconstruction methods. Students simulate detector response and reconstruct images from simulated and measured data using tomographic techniques common to medical and industrial imaging. Noise, resolution, and artifact sources are analyzed as limits on reconstructed image quality.",LEC,4,t,,,,,
NUCL-1015,NUC,Fluid Mechanics for Nuclear Engineering,"Coolant flow through reactor core channels is the organizing problem of this course, covering single-phase pressure drop, flow distribution among parallel channels, and the onset of boiling in two-phase conditions. Students apply mass, momentum, and energy balances to simplified core and heat exchanger geometries to predict coolant temperature and pressure profiles. The course builds the fluid mechanics foundation needed for later reactor thermal-hydraulics and safety analysis coursework.",LEC,4,t,,,,,
NUCL-1020,NUC,Fundamentals of Nuclear Engineering and Radiological Sciences,"Nuclear reactions, radioactive decay, and the interaction of radiation with matter are introduced as the shared foundation for nuclear engineering and radiological science. Students calculate activity, half-life, and basic radiation dose, and survey reactor concepts alongside medical and industrial uses of radiation. The course establishes vocabulary and calculation methods used throughout the rest of the nuclear engineering curriculum.",LEC,4,t,,,,,
NUCL-1025,NUC,Introduction to Nuclear Engineering,"Fission physics, the nuclear fuel cycle, and the major reactor types in commercial use are surveyed in this broad overview of the nuclear engineering field. Students trace uranium from mining through enrichment, fuel fabrication, reactor use, and waste management, and examine the regulatory and safety framework governing each stage. The course is oriented toward giving incoming majors a map of the discipline before they specialize.",LEC,4,t,,,,,
NUCL-1030,NUC,Nuclear Core Design and Analysis I,"Fuel assembly geometry, enrichment distribution, and control rod placement are examined as design variables that determine a reactor core's neutron economy and power distribution. Students calculate power peaking factors and thermal margins against safety limits, and evaluate how core loading patterns affect fuel cycle length. The course introduces the design tradeoffs that core designers balance across successive fuel cycles.",LEC,4,t,,,,,
NUCL-1035,NUC,Nuclear Instrumentation Laboratory,"Students operate scintillation and semiconductor radiation detectors in this laboratory, calibrating energy response and characterizing counting statistics against theoretical distributions. Weekly experiments cover pulse height analysis, dead time correction, and background subtraction using standard nuclear instrumentation electronics. Each experiment concludes with a written report presenting measured data alongside its statistical uncertainty. Laboratory companion to NUCL-1040.",LAB,2,t,,,,,
NUCL-1040,NUC,Nuclear Instrumentation,"Scintillation, semiconductor, and gas-filled detectors are compared for their response to radiation, energy resolution, and appropriate applications. Students study the electronics chain from preamplifier through pulse height analysis, and apply counting statistics to distinguish real signal from background and detector noise. Signal processing techniques for both pulse counting and spectroscopic measurement are covered.",LEC,4,t,,,,,
NUCL-1045,NUC,Principles of Radiation Imaging,"Physical principles behind gamma camera, computed tomography, and positron emission imaging are developed from the interaction of radiation with detector and tissue material. Students trace the path from photon emission through detection to reconstructed image, comparing spatial resolution and sensitivity tradeoffs across modalities. The course sets up the physics used in later imaging and medical physics coursework.",LEC,4,t,,,,,
NUCL-2005,NUC,Applied Radiation Measurement,"Practical measurement techniques for gamma spectroscopy, alpha and beta counting, and neutron detection are developed for use in laboratory and field settings. Students calibrate instruments against certified sources, apply efficiency and geometry corrections, and evaluate measurement uncertainty for a range of detector types. Case studies cover environmental monitoring, contamination surveys, and material assay problems.",LEC,4,t,,,,,
NUCL-2010,NUC,Applied Radiation Measurement Laboratory,"This laboratory puts the measurement techniques of its companion lecture into practice, with students calibrating detectors, counting certified sources, and performing efficiency and geometry corrections on their own data. Experiments cover gamma spectroscopy, alpha and beta counting, and simple neutron detection setups. Each session produces a written report documenting procedure, results, and measurement uncertainty. Laboratory companion to NUCL-2005.",LAB,2,t,,,,,
NUCL-2015,NUC,Applications of Radiation Laboratory,"Hands-on exercises in this laboratory demonstrate radiation applications in non-destructive testing, tracer studies, and sterilization dosimetry using departmental sources and equipment. Students plan and execute experiments, then interpret results in light of the application's practical constraints, such as dose limits or detection sensitivity. Written reports document experimental method, data, and interpretation for each application studied. Laboratory companion to NUCL-2020.",LAB,2,t,,,,,
NUCL-2020,NUC,Applications of Radiation,"Industrial, medical, and research uses of radiation are surveyed, including non-destructive testing of materials, radiotracer studies, food and equipment sterilization, and well logging. Students evaluate the physical and practical constraints that shape each application, such as required penetration depth, dose limits, and detection sensitivity. The course connects the physics of radiation interaction to real deployment decisions across industries.",LEC,4,t,,,,,
NUCL-2025,NUC,Fusion Reactor Technology,"Magnetic confinement concepts, including the tokamak and stellarator configurations, are examined alongside the engineering challenges of sustaining a burning plasma. Students study first-wall and blanket materials, tritium breeding, and the heat removal systems required to handle fusion power densities. The course addresses the specific engineering problems that separate fusion reactor design from fission reactor practice.",LEC,4,t,,,,,
NUCL-2030,NUC,Nuclear Engineering and Radiological Sciences II,"Building on the introductory survey, this course develops quantitative dose calculation methods, shielding fundamentals, and reactor physics concepts in greater depth. Students compute effective dose from mixed radiation fields and apply attenuation calculations to simple shielding geometries. The course bridges the department's introductory sequence and its more specialized upper-level coursework.",LEC,4,t,,,,,
NUCL-2035,NUC,Nuclear Reactor Kinetics,"Point kinetics equations describe how reactor power responds to changes in reactivity, and form the analytical center of this course. Students work through delayed neutron effects, reactivity feedback from temperature and void changes, and transient response to control rod motion or reactivity insertion accidents. Numerical solution of the kinetics equations is used throughout to predict power excursions and their time constants.",LEC,4,t,,,,,
NUCL-2040,NUC,Nuclear Fuels,"Fuel pellet fabrication, cladding materials, and the fuel-cladding chemical interactions that develop over a fuel rod's life are the technical core of this course. Students track fuel performance through burnup, fission gas release, and dimensional changes, and evaluate fuel cycle chemistry for both uranium oxide and advanced fuel forms. The course connects fuel behavior to the operating limits imposed on reactor cores.",LEC,4,t,,,,,
NUCL-2045,NUC,Plasma Physics II,"Kinetic theory of plasmas extends the fluid-like descriptions used in introductory treatments, developing the Vlasov equation and its role in describing collisionless plasma behavior. Students analyze plasma waves, instabilities, and Landau damping, then apply the theory to confinement and heating problems relevant to fusion devices. The course assumes familiarity with basic plasma concepts and moves quickly into more advanced kinetic and wave phenomena.",LEC,4,t,,,,,
NUCL-2050,NUC,Experimental Plasma Physics,"Ionized gases are described through single-particle motion in electric and magnetic fields, then through fluid and kinetic models that predict collective behavior such as Debye shielding, plasma oscillations, and wave propagation. Diagnostic techniques used to measure plasma parameters, including probes and spectroscopic methods, are covered alongside the theory they are meant to test. Applications span fusion confinement concepts, plasma processing, and space plasma phenomena. Cross-listed with EENG-3075.",LEC,4,t,,,,,
NUCL-2055,NUC,Experimental Plasma Physics Laboratory,"Working with a small laboratory plasma source, students measure electron temperature and density using electrostatic probes and observe basic plasma phenomena such as sheath formation and wave propagation. Diagnostic techniques including optical emission spectroscopy are used to characterize discharge conditions, and results are compared to the theoretical models covered in lecture. Laboratory companion to NUCL-2050. Cross-listed with EENG-3070.",LAB,2,t,,,,,
NUCL-3005,NUC,Medical Radiation Health Engineering,"Radiation protection principles are applied specifically to medical settings in this course, covering dose limits for patients, staff, and the public in diagnostic and therapeutic environments. Students design shielding and room layouts for imaging suites and treatment areas, and evaluate regulatory compliance requirements for medical radiation facilities. Case studies address quality assurance programs and incident reporting practices in clinical radiation use.",LEC,4,t,,,,,
NUCL-3010,NUC,Nuclear Power Reactors,"Commercial reactor types, including pressurized water, boiling water, and advanced designs, are compared for their core configuration, coolant system, and safety systems. Students analyze plant-level thermodynamic cycles, balance of plant systems, and the operational characteristics that distinguish each reactor type. The course connects reactor physics and thermal-hydraulics concepts to full power plant design and operation.",LEC,4,t,,,,,
NUCL-3015,NUC,Nuclear Measurement Methods,"Building on earlier instrumentation coursework, this course develops advanced spectroscopy and neutron detection methods used in research and nuclear security applications. Students apply coincidence counting, pulse shape discrimination, and advanced calibration techniques to distinguish signal sources in complex radiation fields. Data analysis methods for extracting isotopic and quantitative information from measured spectra are emphasized throughout.",LEC,4,t,,,,,
NUCL-3020,NUC,Plasma Engineering,"Engineering applications of plasma outside the fusion context are the focus here, including plasma processing for semiconductor fabrication, plasma sources for surface treatment, and industrial plasma torches. Students design and characterize plasma generation systems, covering power coupling, electrode design, and diagnostic measurement of plasma parameters. The course emphasizes applied plasma engineering rather than the confinement physics covered in fusion-focused coursework.",LEC,4,t,,,,,
NUCL-3025,NUC,Research in Nuclear Engineering and Radiological Sciences,"Students undertake a supervised research project in nuclear engineering or radiological sciences under a faculty advisor's direction, beginning with a written proposal defining scope and methods. Work proceeds through data collection or analysis appropriate to the chosen topic, culminating in a written report and a presentation of findings to the sponsoring research group. The course structure varies by project but consistently requires a proposal, a final report, and a presentation.",IND,2,t,,,,,
NUCL-4005,NUC,Radiation Safety and Medical Physics Practicum,"This practicum places students in a clinical or radiation safety office setting under professional supervision, observing and assisting with duties such as survey work, dosimetry checks, and safety program administration. Students keep a log of practicum activities and complete a written report connecting observed practice to radiation safety and medical physics principles. A final presentation summarizes the practicum experience and its key lessons for the sponsoring program.",IND,2,t,,,,,
NUCL-4010,NUC,Radiation Therapy Physics,Treatment planning for external beam and brachytherapy is developed from the physics of linear accelerators and sealed radioactive sources used in cancer therapy. Students calculate dose distributions using treatment planning algorithms and evaluate plan quality against target coverage and organ-at-risk constraints. Quality assurance procedures for therapy equipment round out the course's clinical physics content.,LEC,4,t,,,,,
NUCL-4015,NUC,Radiation Shielding,"Attenuation and buildup factor calculations for gamma rays and neutrons form the quantitative core of this course, applied to shield design for reactors, medical facilities, and radioactive material storage. Students select shielding materials and thicknesses to meet dose limits at specified distances, accounting for source geometry and scattered radiation. The course culminates in a shielding design project evaluated against regulatory dose criteria.",LEC,4,t,,,,,
NUCL-4020,NUC,Radiological Physics and Dosimetry,"Advanced dosimetry calculations, including cavity theory and dose conversion coefficients, extend the measurement and shielding concepts developed earlier in the curriculum. Students compute absorbed, equivalent, and effective dose for complex exposure scenarios and evaluate dosimeter response across radiation types and energies. As a senior capstone course, it draws together radiological physics principles from across the nuclear engineering sequence.",LEC,4,t,,,,,