student_id,first_name,last_name,email,school_email,gender,dob,class_year,grad_year,ethnicity,cd_major,cd_minor,campus_phone,cell_phone,student_photo,active_flag,create_date,last_update_date,updated_by_user_id,optimistic_lock,locked_by_user_id
1001,Riannon,Blinco,rblinco0@example.net,Blinco1001@kuromaku-u.org,F,7/31/08,2030,2030,WHT,ENG,UND,970-111-5000,203-555-0138,1001.png,t,3/27/20,3/27/20,,,
1002,Pepillo,Menichillo,pmenichillo1@example.com,Menichillo1002@kuromaku-u.org,M,9/24/06,2029,2029,AFR,MAT,UND,970-111-5001,269-555-0157,1002.png,t,3/27/20,3/27/20,,,
1003,Alexander,McCuthais,amccuthais2@example.com,McCuthais1003@kuromaku-u.org,M,3/30/06,2028,2028,AFR,AER,UND,970-111-5002,512-555-0144,1003.png,t,3/27/20,3/27/20,,,
1004,Paolina,Balchen,pbalchen3@example.org,Balchen1004@kuromaku-u.org,F,5/14/08,2030,2030,WHT,MAT,UND,970-111-5003,812-555-0154,1004.png,t,3/27/20,3/27/20,,,
1005,Rosalind,Cadagan,rcadagan4@example.com,Cadagan1005@kuromaku-u.org,F,4/23/07,2029,2029,ASN,ENG,UND,970-111-5004,806-555-0131,1005.png,t,3/27/20,3/27/20,,,
1006,Brennan,Linklater,blinklater5@example.com,Linklater1006@kuromaku-u.org,M,11/26/06,2029,2029,HSP,ENG,MAN,970-111-5005,928-555-0199,1006.png,t,3/27/20,3/27/20,,,
1007,Bobbye,Doumenc,bdoumenc6@example.net,Doumenc1007@kuromaku-u.org,F,8/8/05,2027,2027,ASN,ENG,UND,970-111-5006,713-555-0180,1007.png,t,3/27/20,3/27/20,,,
1008,Henrieta,Kirtland,hkirtland7@example.com,Kirtland1008@kuromaku-u.org,F,9/30/07,2030,2030,AFR,NUC,UND,970-111-5007,210-555-0192,1008.png,t,3/27/20,3/27/20,,,
1009,Bartholomew,Daber,bdaber8@example.com,Daber1009@kuromaku-u.org,M,12/3/05,2028,2028,AFR,NUC,CIV,970-111-5008,317-555-0172,1009.png,t,3/27/20,3/27/20,,,
1010,Bryon,Burchall,bburchall9@example.com,Burchall1010@kuromaku-u.org,M,1/28/07,2029,2029,WHT,CHE,UND,970-111-5009,704-555-0126,1010.png,t,3/27/20,3/27/20,,,
1011,Bernadette,Froome,bfroomea@example.com,Froome1011@kuromaku-u.org,F,5/24/08,2030,2030,AFR,MAN,UND,970-111-5010,574-555-0193,1011.png,t,3/27/20,3/27/20,,,
1012,Sinclare,Sucre,ssucreb@example.net,Sucre1012@kuromaku-u.org,M,3/4/08,2030,2030,ASN,MEC,NUC,970-111-5011,937-555-0164,1012.png,t,3/27/20,3/27/20,,,
1013,Mady,Borthram,mborthramc@example.com,Borthram1013@kuromaku-u.org,F,1/25/08,2030,2030,AFR,MAT,UND,970-111-5012,702-555-0177,1013.png,t,3/27/20,3/27/20,,,
1014,Manfred,Durrett,mdurrettd@example.org,Durrett1014@kuromaku-u.org,M,12/16/04,2027,2027,AFR,MAN,UND,970-111-5013,803-555-0126,1014.png,t,3/27/20,3/27/20,,,
1015,Any,Staining,astaininge@example.com,Staining1015@kuromaku-u.org,M,11/19/04,2027,2027,HSP,NUC,UND,970-111-5014,203-555-0177,1015.png,t,3/27/20,3/27/20,,,
1016,Stearn,Enderwick,senderwickf@example.org,Enderwick1016@kuromaku-u.org,M,6/8/06,2028,2028,ASN,AER,UND,970-111-5015,405-555-0195,1016.png,t,3/27/20,3/27/20,,,
1017,Rafa,Jaimez,rjaimezg@example.com,Jaimez1017@kuromaku-u.org,F,5/14/06,2028,2028,AFR,COM,UND,970-111-5016,512-555-0184,1017.png,t,3/27/20,3/27/20,,,
1018,Oates,Harrismith,oharrismithh@example.org,Harrismith1018@kuromaku-u.org,M,9/3/06,2029,2029,HSP,MAN,UND,970-111-5017,212-555-0194,1018.png,t,3/27/20,3/27/20,,,
1019,Ludwig,Fairbrass,lfairbrassi@example.net,Fairbrass1019@kuromaku-u.org,M,7/12/06,2028,2028,ASN,MAT,UND,970-111-5018,305-555-0187,1019.png,t,3/27/20,3/27/20,,,
1020,Luci,Andrzejczak,landrzejczakj@example.org,Andrzejczak1020@kuromaku-u.org,F,4/22/07,2029,2029,AFR,COM,AER,970-111-5019,512-555-0137,1020.png,t,3/27/20,3/27/20,,,
1021,Jacki,Heintze,jheintzek@example.com,Heintze1021@kuromaku-u.org,F,3/9/06,2028,2028,WHT,CHE,UND,970-111-5020,301-555-0160,1021.png,t,3/27/20,3/27/20,,,
1022,Celestia,Aukland,cauklandl@example.com,Aukland1022@kuromaku-u.org,F,3/22/06,2028,2028,ASN,MAN,UND,970-111-5021,408-555-0169,1022.png,t,3/27/20,3/27/20,,,
1023,Angy,Cady,acadym@example.org,Cady1023@kuromaku-u.org,F,3/1/06,2028,2028,ASN,CIV,MEC,970-111-5022,646-555-0162,1023.png,t,3/27/20,3/27/20,,,
1024,Hube,Lillee,hlilleen@example.com,Lillee1024@kuromaku-u.org,M,8/18/07,2029,2029,AFR,COM,UND,970-111-5023,407-555-0112,1024.png,t,3/27/20,3/27/20,,,
1025,Osbourne,Zellmer,ozellmero@example.com,Zellmer1025@kuromaku-u.org,M,3/29/08,2030,2030,WHT,CHE,UND,970-111-5024,904-555-0125,1025.png,t,3/27/20,3/27/20,,,
1026,Georges,Hurton,ghurtonp@example.org,Hurton1026@kuromaku-u.org,M,7/16/06,2028,2028,ASN,COM,UND,970-111-5025,646-555-0190,1026.png,t,3/27/20,3/27/20,,,
1027,Karry,Simonsson,ksimonssonq@example.net,Simonsson1027@kuromaku-u.org,F,2/28/08,2030,2030,HSP,ENG,UND,970-111-5026,508-555-0144,1027.png,t,3/27/20,3/27/20,,,
1028,Maurie,Livingston,mlivingstonr@example.com,Livingston1028@kuromaku-u.org,M,6/8/05,2027,2027,WHT,ENG,UND,970-111-5027,901-555-0185,1028.png,t,3/27/20,3/27/20,,,
1029,Heath,Bracegirdle,hbracegirdles@example.org,Bracegirdle1029@kuromaku-u.org,F,12/24/07,2030,2030,WHT,MEC,UND,970-111-5028,714-555-0195,1029.png,t,3/27/20,3/27/20,,,
1030,Eric,Goodrick,egoodrickt@example.net,Goodrick1030@kuromaku-u.org,M,3/25/05,2027,2027,WHT,ENG,UND,970-111-5029,410-555-0113,1030.png,t,3/27/20,3/27/20,,,
1031,Sandye,Station,sstationu@example.org,Station1031@kuromaku-u.org,F,9/29/07,2030,2030,ASN,AER,UND,970-111-5030,303-555-0144,1031.png,t,3/27/20,3/27/20,,,
1032,Rachelle,Hathaway,rhathawayv@example.com,Hathaway1032@kuromaku-u.org,F,6/22/07,2029,2029,ASN,COM,UND,970-111-5031,912-555-0110,1032.png,t,3/27/20,3/27/20,,,
1033,Gilli,Tedstone,gtedstonew@example.org,Tedstone1033@kuromaku-u.org,F,9/27/07,2030,2030,WHT,CHE,UND,970-111-5032,603-555-0163,1033.png,t,3/27/20,3/27/20,,,
1034,Tomas,Hughland,thughlandx@example.org,Hughland1034@kuromaku-u.org,M,8/27/08,2030,2030,WHT,MAT,UND,970-111-5033,706-555-0176,1034.png,t,3/27/20,3/27/20,,,
1035,Sander,Southers,ssouthersy@example.net,Southers1035@kuromaku-u.org,M,7/8/05,2027,2027,ASN,MAN,UND,970-111-5034,309-555-0194,1035.png,t,3/27/20,3/27/20,,,
1036,Welch,Chataignier,wchataignierz@example.com,Chataignier1036@kuromaku-u.org,M,10/20/04,2027,2027,HSP,MAN,UND,970-111-5035,406-555-0189,1036.png,t,3/27/20,3/27/20,,,
1037,Marjie,Hudd,mhudd10@example.com,Hudd1037@kuromaku-u.org,F,6/5/05,2027,2027,HSP,AER,MAN,970-111-5036,314-555-0118,1037.png,t,3/27/20,3/27/20,,,
1038,Tristam,Corrao,tcorrao11@example.com,Corrao1038@kuromaku-u.org,M,3/13/07,2029,2029,ASN,NUC,UND,970-111-5037,770-555-0119,1038.png,t,3/27/20,3/27/20,,,
1039,Alphonse,Aloshkin,aaloshkin12@example.com,Aloshkin1039@kuromaku-u.org,M,7/8/08,2030,2030,AFR,MAN,UND,970-111-5038,814-555-0133,1039.png,t,3/27/20,3/27/20,,,
1040,Napoleon,Bettleson,nbettleson13@example.com,Bettleson1040@kuromaku-u.org,M,6/19/05,2027,2027,AFR,CHE,MAN,970-111-5039,702-555-0176,1040.png,t,3/27/20,3/27/20,,,
1041,Obed,Ivic,oivic14@example.com,Ivic1041@kuromaku-u.org,M,1/31/08,2030,2030,AFR,COM,UND,970-111-5040,202-555-0125,1041.png,t,3/27/20,3/27/20,,,
1042,Nonie,Isakovic,nisakovic15@example.net,Isakovic1042@kuromaku-u.org,F,2/27/05,2027,2027,ASN,NUC,UND,970-111-5041,212-555-0180,1042.png,t,3/27/20,3/27/20,,,
1043,Gearalt,Robbert,grobbert16@example.com,Robbert1043@kuromaku-u.org,M,9/3/06,2029,2029,AFR,CHE,UND,970-111-5042,626-555-0129,1043.png,t,3/27/20,3/27/20,,,
1044,Selma,Comazzo,scomazzo17@example.com,Comazzo1044@kuromaku-u.org,F,6/17/08,2030,2030,WHT,NUC,UND,970-111-5043,786-555-0177,1044.png,t,3/27/20,3/27/20,,,
1045,Dinny,Bromwich,dbromwich18@example.com,Bromwich1045@kuromaku-u.org,F,1/27/08,2030,2030,WHT,ENG,UND,970-111-5044,972-555-0198,1045.png,t,3/27/20,3/27/20,,,
1046,Rudy,Braam,rbraam19@example.com,Braam1046@kuromaku-u.org,M,6/21/05,2027,2027,AFR,NUC,MEC,970-111-5045,212-555-0186,1046.png,t,3/27/20,3/27/20,,,
1047,Mellie,Warlow,mwarlow1a@example.com,Warlow1047@kuromaku-u.org,F,4/23/06,2028,2028,AFR,MEC,UND,970-111-5046,614-555-0168,1047.png,t,3/27/20,3/27/20,,,
1048,Naoma,Stiffkins,nstiffkins1b@example.com,Stiffkins1048@kuromaku-u.org,F,6/28/05,2027,2027,AFR,CHE,UND,970-111-5047,940-555-0144,1048.png,t,3/27/20,3/27/20,,,
1049,Harwell,Kitcat,hkitcat1c@example.org,Kitcat1049@kuromaku-u.org,M,5/3/08,2030,2030,AFR,MAT,NUC,970-111-5048,803-555-0120,1049.png,t,3/27/20,3/27/20,,,
1050,Boris,Redier,bredier1d@example.com,Redier1050@kuromaku-u.org,M,3/30/08,2030,2030,ASN,AER,MAT,970-111-5049,317-555-0102,1050.png,t,3/27/20,3/27/20,,,
1051,Rinaldo,Wilsone,rwilsone1e@example.com,Wilsone1051@kuromaku-u.org,M,4/19/07,2029,2029,ASN,COM,UND,970-111-5050,202-555-0162,1051.png,t,3/27/20,3/27/20,,,
1052,Dagny,Czajka,dczajka1f@example.com,Czajka1052@kuromaku-u.org,M,4/11/06,2028,2028,HSP,MAT,UND,970-111-5051,424-555-0186,1052.png,t,3/27/20,3/27/20,,,
1053,Alister,Sloan,asloan1g@example.com,Sloan1053@kuromaku-u.org,M,12/28/07,2030,2030,ASN,COM,NUC,970-111-5052,206-555-0194,1053.png,t,3/27/20,3/27/20,,,
1054,Genny,Sannes,gsannes1h@example.org,Sannes1054@kuromaku-u.org,F,9/4/05,2028,2028,AFR,COM,UND,970-111-5053,785-555-0147,1054.png,t,3/27/20,3/27/20,,,
1055,Leshia,Best,lbest1i@example.com,Best1055@kuromaku-u.org,F,1/20/08,2030,2030,WHT,MEC,ENG,970-111-5054,914-555-0164,1055.png,t,3/27/20,3/27/20,,,
1056,Orazio,Matteris,omatteris1j@example.com,Matteris1056@kuromaku-u.org,M,3/20/08,2030,2030,HSP,MAT,UND,970-111-5055,915-555-0114,1056.png,t,3/27/20,3/27/20,,,
1057,Wynn,McGlaud,wmcglaud1k@example.com,McGlaud1057@kuromaku-u.org,M,10/28/06,2029,2029,WHT,AER,UND,970-111-5056,850-555-0127,1057.png,t,3/27/20,3/27/20,,,
1058,Demeter,Whorall,dwhorall1l@example.com,Whorall1058@kuromaku-u.org,F,12/18/04,2027,2027,ASN,MAN,UND,970-111-5057,304-555-0193,1058.png,t,3/27/20,3/27/20,,,
1059,Tabbi,Hush,thush1m@example.com,Hush1059@kuromaku-u.org,F,11/28/07,2030,2030,ASN,MAT,UND,970-111-5058,432-555-0157,1059.png,t,3/27/20,3/27/20,,,
1060,Jennee,Goldston,jgoldston1n@example.org,Goldston1060@kuromaku-u.org,F,4/23/06,2028,2028,AFR,MEC,UND,970-111-5059,303-555-0143,1060.png,t,3/27/20,3/27/20,,,
1061,Rosalind,Burfield,rburfield1o@example.com,Burfield1061@kuromaku-u.org,F,1/27/08,2030,2030,HSP,MAN,CHE,970-111-5060,228-555-0147,1061.png,t,3/27/20,3/27/20,,,
1062,Worthington,Somerton,wsomerton1p@example.com,Somerton1062@kuromaku-u.org,M,6/13/08,2030,2030,HSP,ENG,NUC,970-111-5061,913-555-0127,1062.png,t,3/27/20,3/27/20,,,
1063,Bel,Phillpotts,bphillpotts1q@example.org,Phillpotts1063@kuromaku-u.org,F,4/27/07,2029,2029,AFR,MAN,UND,970-111-5062,251-555-0181,1063.png,t,3/27/20,3/27/20,,,
1064,Lydon,Tours,ltours1r@example.com,Tours1064@kuromaku-u.org,M,10/25/06,2029,2029,HSP,ENG,AER,970-111-5063,502-555-0123,1064.png,t,3/27/20,3/27/20,,,
1065,Essie,Berney,eberney1s@example.com,Berney1065@kuromaku-u.org,F,8/26/07,2029,2029,WHT,NUC,UND,970-111-5064,201-555-0132,1065.png,t,3/27/20,3/27/20,,,
1066,Brigid,Calabry,bcalabry1t@example.com,Calabry1066@kuromaku-u.org,F,4/13/05,2027,2027,ASN,CHE,AER,970-111-5065,918-555-0174,1066.png,t,3/27/20,3/27/20,,,
1067,Delbert,Oxlee,doxlee1u@example.com,Oxlee1067@kuromaku-u.org,M,11/13/06,2029,2029,ASN,ENG,NUC,970-111-5066,801-555-0118,1067.png,t,3/27/20,3/27/20,,,
1068,Lem,Ditt,lditt1v@example.com,Ditt1068@kuromaku-u.org,M,7/29/06,2028,2028,WHT,MAN,COM,970-111-5067,217-555-0146,1068.png,t,3/27/20,3/27/20,,,
1069,Aeriela,Dillingstone,adillingstone1w@example.com,Dillingstone1069@kuromaku-u.org,F,3/7/08,2030,2030,HSP,NUC,UND,970-111-5068,609-555-0175,1069.png,t,3/27/20,3/27/20,,,
1070,Maynord,Tremmil,mtremmil1x@example.com,Tremmil1070@kuromaku-u.org,M,1/19/08,2030,2030,WHT,NUC,UND,970-111-5069,304-555-0135,1070.png,t,3/27/20,3/27/20,,,
1071,May,Lapere,mlapere1y@example.net,Lapere1071@kuromaku-u.org,F,5/22/08,2030,2030,HSP,CHE,MAN,970-111-5070,415-555-0173,1071.png,t,3/27/20,3/27/20,,,
1072,Lona,Macbane,lmacbane1z@example.org,Macbane1072@kuromaku-u.org,F,4/14/07,2029,2029,HSP,MEC,UND,970-111-5071,786-555-0108,1072.png,t,3/27/20,3/27/20,,,
1073,Baron,Klainman,bklainman20@example.com,Klainman1073@kuromaku-u.org,M,4/18/06,2028,2028,ASN,ENG,MEC,970-111-5072,352-555-0199,1073.png,t,3/27/20,3/27/20,,,
1074,Titos,Ogger,togger21@example.com,Ogger1074@kuromaku-u.org,M,12/21/05,2028,2028,WHT,MAT,UND,970-111-5073,432-555-0199,1074.png,t,3/27/20,3/27/20,,,
1075,Isak,Hoggan,ihoggan22@example.com,Hoggan1075@kuromaku-u.org,M,2/15/07,2029,2029,AFR,MAN,UND,970-111-5074,585-555-0148,1075.png,t,3/27/20,3/27/20,,,
1076,Penelope,Kerrigan,pkerrigan23@example.com,Kerrigan1076@kuromaku-u.org,F,11/2/05,2028,2028,ASN,CIV,CHE,970-111-5075,920-555-0103,1076.png,t,3/27/20,3/27/20,,,
1077,Brandon,Craddock,bcraddock24@example.com,Craddock1077@kuromaku-u.org,M,9/30/05,2028,2028,HSP,MAT,UND,970-111-5076,703-555-0151,1077.png,t,3/27/20,3/27/20,,,
1078,Tedda,Florez,tflorez25@example.org,Florez1078@kuromaku-u.org,F,5/22/08,2030,2030,ASN,NUC,UND,970-111-5077,772-555-0131,1078.png,t,3/27/20,3/27/20,,,
1079,Maurits,Harryman,mharryman26@example.com,Harryman1079@kuromaku-u.org,M,7/21/07,2029,2029,AFR,ENG,MAN,970-111-5078,704-555-0112,1079.png,t,3/27/20,3/27/20,,,
1080,Alfy,Freear,afreear27@example.com,Freear1080@kuromaku-u.org,F,5/10/05,2027,2027,AFR,MAT,UND,970-111-5079,763-555-0119,1080.png,t,3/27/20,3/27/20,,,
1081,Baron,Brompton,bbrompton28@example.net,Brompton1081@kuromaku-u.org,M,9/25/06,2029,2029,HSP,MEC,CHE,970-111-5080,281-555-0182,1081.png,t,3/27/20,3/27/20,,,
1082,Stanleigh,Rutter,srutter29@example.com,Rutter1082@kuromaku-u.org,M,1/24/08,2030,2030,WHT,NUC,UND,970-111-5081,904-555-0132,1082.png,t,3/27/20,3/27/20,,,
1083,Alyse,Omond,aomond2a@example.net,Omond1083@kuromaku-u.org,F,3/8/08,2030,2030,AFR,MAN,UND,970-111-5082,202-555-0101,1083.png,t,3/27/20,3/27/20,,,
1084,Marcus,Judson,mjudson2b@example.com,Judson1084@kuromaku-u.org,M,4/4/05,2027,2027,ASN,AER,UND,970-111-5083,312-555-0112,1084.png,t,3/27/20,3/27/20,,,
1085,Collen,Grocutt,cgrocutt2c@example.com,Grocutt1085@kuromaku-u.org,F,11/29/06,2029,2029,HSP,MAT,UND,970-111-5084,915-555-0162,1085.png,t,3/27/20,3/27/20,,,
1086,Bekki,Perris,bperris2d@example.com,Perris1086@kuromaku-u.org,F,6/25/06,2028,2028,HSP,CIV,UND,970-111-5085,937-555-0151,1086.png,t,3/27/20,3/27/20,,,
1087,Kevon,Bolton,kbolton2e@example.com,Bolton1087@kuromaku-u.org,M,11/21/07,2030,2030,HSP,MAN,UND,970-111-5086,314-555-0193,1087.png,t,3/27/20,3/27/20,,,
1088,Cull,Bernli,cbernli2f@example.com,Bernli1088@kuromaku-u.org,M,8/30/08,2030,2030,ASN,MAT,UND,970-111-5087,619-555-0136,1088.png,t,3/27/20,3/27/20,,,
1089,Olympe,Vibert,ovibert2g@example.net,Vibert1089@kuromaku-u.org,F,6/14/05,2027,2027,ASN,MAT,UND,970-111-5088,651-555-0157,1089.png,t,3/27/20,3/27/20,,,
1090,Karyn,Barthelet,kbarthelet2h@example.com,Barthelet1090@kuromaku-u.org,F,4/26/08,2030,2030,ASN,ENG,UND,970-111-5089,954-555-0182,1090.png,t,3/27/20,3/27/20,,,
1091,Julian,Wichard,jwichard2i@example.net,Wichard1091@kuromaku-u.org,M,4/19/08,2030,2030,ASN,COM,UND,970-111-5090,719-555-0173,1091.png,t,3/27/20,3/27/20,,,
1092,Wilek,Fellgett,wfellgett2j@example.com,Fellgett1092@kuromaku-u.org,M,11/29/04,2027,2027,AFR,COM,UND,970-111-5091,816-555-0103,1092.png,t,3/27/20,3/27/20,,,
1093,Crawford,Coward,ccoward2k@example.com,Coward1093@kuromaku-u.org,M,4/16/05,2027,2027,WHT,ENG,UND,970-111-5092,859-555-0189,1093.png,t,3/27/20,3/27/20,,,
1094,Brana,Sighart,bsighart2l@example.com,Sighart1094@kuromaku-u.org,F,6/11/07,2029,2029,ASN,COM,CHE,970-111-5093,908-555-0182,1094.png,t,3/27/20,3/27/20,,,
1095,Griselda,Westby,gwestby2m@example.org,Westby1095@kuromaku-u.org,F,1/11/07,2029,2029,HSP,MAN,UND,970-111-5094,303-555-0107,1095.png,t,3/27/20,3/27/20,,,
1096,Shir,Satterlee,ssatterlee2n@example.com,Satterlee1096@kuromaku-u.org,F,5/19/07,2029,2029,AFR,NUC,MAN,970-111-5095,505-555-0115,1096.png,t,3/27/20,3/27/20,,,
1097,Loydie,MacGillivray,lmacgillivray2o@example.org,MacGillivray1097@kuromaku-u.org,M,4/28/06,2028,2028,AFR,CHE,ENG,970-111-5096,412-555-0144,1097.png,t,3/27/20,3/27/20,,,
1098,Alidia,Giggie,agiggie2p@example.net,Giggie1098@kuromaku-u.org,F,5/20/06,2028,2028,AFR,MAT,UND,970-111-5097,202-555-0153,1098.png,t,3/27/20,3/27/20,,,
1099,Cayla,Isoldi,cisoldi2q@example.com,Isoldi1099@kuromaku-u.org,F,6/7/07,2029,2029,ASN,MAN,AER,970-111-5098,317-555-0162,1099.png,t,3/27/20,3/27/20,,,
1100,Teddie,Nurcombe,tnurcombe2r@example.com,Nurcombe1100@kuromaku-u.org,M,7/6/07,2029,2029,AFR,MAT,UND,970-111-5099,830-555-0191,1100.png,t,3/27/20,3/27/20,,,
1101,Ardyth,Arrington,aarrington2s@example.org,Arrington1101@kuromaku-u.org,F,8/23/06,2028,2028,HSP,MEC,UND,970-111-5100,260-555-0199,1101.png,t,3/27/20,3/27/20,,,
1102,Toni,Capel,tcapel2t@example.com,Capel1102@kuromaku-u.org,F,8/7/08,2030,2030,HSP,AER,UND,970-111-5101,210-555-0102,1102.png,t,3/27/20,3/27/20,,,
1103,Ravi,Dahlgren,rdahlgren2u@example.org,Dahlgren1103@kuromaku-u.org,M,10/31/06,2029,2029,AFR,ENG,UND,970-111-5102,205-555-0184,1103.png,t,3/27/20,3/27/20,,,
1104,Carlyn,Sivior,csivior2v@example.com,Sivior1104@kuromaku-u.org,F,1/13/07,2029,2029,AFR,AER,UND,970-111-5103,850-555-0124,1104.png,t,3/27/20,3/27/20,,,
1105,Melody,Mengo,mmengo2w@example.net,Mengo1105@kuromaku-u.org,F,4/7/07,2029,2029,WHT,MAT,UND,970-111-5104,409-555-0122,1105.png,t,3/27/20,3/27/20,,,
1106,Elias,Bridson,ebridson2x@example.com,Bridson1106@kuromaku-u.org,M,10/21/06,2029,2029,HSP,MAT,CHE,970-111-5105,313-555-0105,1106.png,t,3/27/20,3/27/20,,,
1107,Corenda,Ketch,cketch2y@example.net,Ketch1107@kuromaku-u.org,F,10/5/04,2027,2027,ASN,MAN,UND,970-111-5106,571-555-0198,1107.png,t,3/27/20,3/27/20,,,
1108,Maude,Vyvyan,mvyvyan2z@example.com,Vyvyan1108@kuromaku-u.org,F,5/1/08,2030,2030,ASN,COM,MAN,970-111-5107,334-555-0114,1108.png,t,3/27/20,3/27/20,,,
1109,Donny,Eastridge,deastridge30@example.com,Eastridge1109@kuromaku-u.org,M,1/22/06,2028,2028,HSP,NUC,CHE,970-111-5108,616-555-0126,1109.png,t,3/27/20,3/27/20,,,
1110,Lynna,Pedgrift,lpedgrift31@example.org,Pedgrift1110@kuromaku-u.org,F,6/19/05,2027,2027,HSP,ENG,UND,970-111-5109,785-555-0183,1110.png,t,3/27/20,3/27/20,,,
1111,Carmelia,Hargroves,chargroves32@example.com,Hargroves1111@kuromaku-u.org,F,9/10/04,2027,2027,HSP,AER,CIV,970-111-5110,210-555-0136,1111.png,t,3/27/20,3/27/20,,,
1112,Berty,Dimitrijevic,bdimitrijevic33@example.com,Dimitrijevic1112@kuromaku-u.org,M,7/21/08,2030,2030,ASN,MAT,UND,970-111-5111,336-555-0137,1112.png,t,3/27/20,3/27/20,,,
1113,Muffin,Dobinson,mdobinson34@example.net,Dobinson1113@kuromaku-u.org,M,1/16/08,2030,2030,ASN,CIV,UND,970-111-5112,419-555-0188,1113.png,t,3/27/20,3/27/20,,,
1114,Reynolds,Hallock,rhallock35@example.com,Hallock1114@kuromaku-u.org,M,1/27/08,2030,2030,WHT,NUC,UND,970-111-5113,210-555-0101,1114.png,t,3/27/20,3/27/20,,,
1115,Burnard,Workman,bworkman36@example.com,Workman1115@kuromaku-u.org,M,9/17/04,2027,2027,ASN,MAN,UND,970-111-5114,646-555-0141,1115.png,t,3/27/20,3/27/20,,,
1116,Cynthea,Ahmad,cahmad37@example.com,Ahmad1116@kuromaku-u.org,F,12/3/06,2029,2029,ASN,CHE,UND,970-111-5115,209-555-0129,1116.png,t,3/27/20,3/27/20,,,
1117,Agretha,Meecher,ameecher38@example.com,Meecher1117@kuromaku-u.org,F,7/9/08,2030,2030,AFR,MEC,UND,970-111-5116,602-555-0158,1117.png,t,3/27/20,3/27/20,,,
1118,Meade,Jutson,mjutson39@example.com,Jutson1118@kuromaku-u.org,M,7/21/07,2029,2029,ASN,NUC,UND,970-111-5117,937-555-0156,1118.png,t,3/27/20,3/27/20,,,
1119,Alano,Shipp,ashipp3a@example.com,Shipp1119@kuromaku-u.org,M,4/28/08,2030,2030,ASN,MAN,UND,970-111-5118,714-555-0161,1119.png,t,3/27/20,3/27/20,,,
1120,Hilary,Milillo,hmilillo3b@example.org,Milillo1120@kuromaku-u.org,M,1/19/05,2027,2027,WHT,MAT,UND,970-111-5119,209-555-0138,1120.png,t,3/27/20,3/27/20,,,
1121,Normand,Harkes,nharkes3c@example.com,Harkes1121@kuromaku-u.org,M,12/26/06,2029,2029,HSP,MEC,UND,970-111-5120,704-555-0115,1121.png,t,3/27/20,3/27/20,,,
1122,Steward,Biasioni,sbiasioni3d@example.com,Biasioni1122@kuromaku-u.org,M,12/7/05,2028,2028,WHT,CIV,UND,970-111-5121,205-555-0121,1122.png,t,3/27/20,3/27/20,,,
1123,Hugo,Hunstone,hhunstone3e@example.org,Hunstone1123@kuromaku-u.org,M,10/16/07,2030,2030,WHT,CIV,UND,970-111-5122,904-555-0198,1123.png,t,3/27/20,3/27/20,,,
1124,Alard,Shavel,ashavel3f@example.org,Shavel1124@kuromaku-u.org,M,2/5/06,2028,2028,ASN,CIV,UND,970-111-5123,513-555-0183,1124.png,t,3/27/20,3/27/20,,,
1125,Isadora,Leverett,ileverett3g@example.com,Leverett1125@kuromaku-u.org,F,4/30/05,2027,2027,ASN,CHE,UND,970-111-5124,770-555-0133,1125.png,t,3/27/20,3/27/20,,,
1126,Shelba,Wanklin,swanklin3h@example.com,Wanklin1126@kuromaku-u.org,F,1/25/07,2029,2029,ASN,MAT,UND,970-111-5125,425-555-0156,1126.png,t,3/27/20,3/27/20,,,
1127,Ansel,Charle,acharle3i@example.com,Charle1127@kuromaku-u.org,M,8/16/08,2030,2030,WHT,MAN,UND,970-111-5126,602-555-0164,1127.png,t,3/27/20,3/27/20,,,
1128,Padgett,Jales,pjales3j@example.net,Jales1128@kuromaku-u.org,M,5/17/08,2030,2030,WHT,MAN,UND,970-111-5127,757-555-0183,1128.png,t,3/27/20,3/27/20,,,
1129,Jedd,Silvers,jsilvers3k@example.net,Silvers1129@kuromaku-u.org,M,1/8/06,2028,2028,WHT,COM,UND,970-111-5128,810-555-0153,1129.png,t,3/27/20,3/27/20,,,
1130,Sauncho,Peddar,speddar3l@example.com,Peddar1130@kuromaku-u.org,M,4/10/07,2029,2029,WHT,MAT,UND,970-111-5129,612-555-0144,1130.png,t,3/27/20,3/27/20,,,
1131,Tristan,Muddle,tmuddle3m@example.net,Muddle1131@kuromaku-u.org,M,1/30/07,2029,2029,ASN,MAN,ENG,970-111-5130,608-555-0121,1131.png,t,3/27/20,3/27/20,,,
1132,Colet,Cesco,ccesco3n@example.com,Cesco1132@kuromaku-u.org,M,5/13/06,2028,2028,AFR,ENG,MEC,970-111-5131,804-555-0155,1132.png,t,3/27/20,3/27/20,,,
1133,Terrye,Inge,tinge3o@example.net,Inge1133@kuromaku-u.org,F,3/18/05,2027,2027,HSP,CIV,UND,970-111-5132,203-555-0172,1133.png,t,3/27/20,3/27/20,,,
1134,Marlene,Grint,mgrint3p@example.com,Grint1134@kuromaku-u.org,F,9/1/06,2029,2029,AFR,NUC,UND,970-111-5133,314-555-0113,1134.png,t,3/27/20,3/27/20,,,
1135,Reggy,Torrance,rtorrance3q@example.com,Torrance1135@kuromaku-u.org,M,5/15/05,2027,2027,AFR,CHE,UND,970-111-5134,336-555-0148,1135.png,t,3/27/20,3/27/20,,,
1136,Janessa,Errichi,jerrichi3r@example.com,Errichi1136@kuromaku-u.org,F,12/26/04,2027,2027,AFR,MAT,UND,970-111-5135,734-555-0165,1136.png,t,3/27/20,3/27/20,,,
1137,Kelila,Froggatt,kfroggatt3s@example.com,Froggatt1137@kuromaku-u.org,F,8/20/07,2029,2029,AFR,CHE,MAN,970-111-5136,510-555-0156,1137.png,t,3/27/20,3/27/20,,,
1138,Inigo,Vezey,ivezey3t@example.com,Vezey1138@kuromaku-u.org,M,10/31/04,2027,2027,ASN,NUC,UND,970-111-5137,907-555-0111,1138.png,t,3/27/20,3/27/20,,,
1139,Travers,Vedyaev,tvedyaev3u@example.com,Vedyaev1139@kuromaku-u.org,M,2/7/06,2028,2028,AFR,COM,CHE,970-111-5138,305-555-0157,1139.png,t,3/27/20,3/27/20,,,
1140,Druci,Skowcraft,dskowcraft3v@example.com,Skowcraft1140@kuromaku-u.org,F,8/11/06,2028,2028,ASN,CHE,UND,970-111-5139,315-555-0135,1140.png,t,3/27/20,3/27/20,,,
1141,Wolfy,Gabbidon,wgabbidon3w@example.com,Gabbidon1141@kuromaku-u.org,M,12/1/04,2027,2027,HSP,ENG,UND,970-111-5140,520-555-0154,1141.png,t,3/27/20,3/27/20,,,
1142,Alethea,Yarnold,ayarnold3x@example.com,Yarnold1142@kuromaku-u.org,F,12/5/06,2029,2029,AFR,MAT,UND,970-111-5141,410-555-0187,1142.png,t,3/27/20,3/27/20,,,
1143,Krishnah,Tilsley,ktilsley3y@example.com,Tilsley1143@kuromaku-u.org,M,1/24/06,2028,2028,ASN,MEC,UND,970-111-5142,502-555-0108,1143.png,t,3/27/20,3/27/20,,,
1144,Marin,Pach,mpach3z@example.com,Pach1144@kuromaku-u.org,F,1/10/06,2028,2028,ASN,ENG,UND,970-111-5143,772-555-0152,1144.png,t,3/27/20,3/27/20,,,
1145,Culley,Opie,copie40@example.com,Opie1145@kuromaku-u.org,M,6/29/05,2027,2027,WHT,MAT,UND,970-111-5144,301-555-0118,1145.png,t,3/27/20,3/27/20,,,
1146,Selene,Greenway,sgreenway41@example.com,Greenway1146@kuromaku-u.org,F,12/3/04,2027,2027,ASN,NUC,UND,970-111-5145,646-555-0195,1146.png,t,3/27/20,3/27/20,,,
1147,Belle,Hendron,bhendron42@example.com,Hendron1147@kuromaku-u.org,F,6/23/06,2028,2028,HSP,CIV,UND,970-111-5146,817-555-0140,1147.png,t,3/27/20,3/27/20,,,
1148,Devina,Greensmith,dgreensmith43@example.com,Greensmith1148@kuromaku-u.org,F,10/16/06,2029,2029,WHT,MAT,UND,970-111-5147,623-555-0121,1148.png,t,3/27/20,3/27/20,,,
1149,Andros,Tribble,atribble44@example.com,Tribble1149@kuromaku-u.org,M,1/1/06,2028,2028,ASN,CIV,UND,970-111-5148,334-555-0151,1149.png,t,3/27/20,3/27/20,,,
1150,Allister,Fenck,afenck45@example.com,Fenck1150@kuromaku-u.org,M,7/19/07,2029,2029,ASN,COM,UND,970-111-5149,917-555-0140,1150.png,t,3/27/20,3/27/20,,,
1151,Aldwin,Kerrich,akerrich46@example.com,Kerrich1151@kuromaku-u.org,M,4/19/08,2030,2030,AFR,CIV,UND,970-111-5150,323-555-0123,1151.png,t,3/27/20,3/27/20,,,
1152,Issi,Gellier,igellier47@example.com,Gellier1152@kuromaku-u.org,F,10/14/06,2029,2029,ASN,MEC,UND,970-111-5151,513-555-0148,1152.png,t,3/27/20,3/27/20,,,
1153,Fabiano,Connell,fconnell48@example.org,Connell1153@kuromaku-u.org,M,2/25/08,2030,2030,AFR,MAT,UND,970-111-5152,719-555-0127,1153.png,t,3/27/20,3/27/20,,,
1154,Tawsha,Mertsching,tmertsching49@example.org,Mertsching1154@kuromaku-u.org,F,3/18/08,2030,2030,WHT,MEC,CIV,970-111-5153,253-555-0102,1154.png,t,3/27/20,3/27/20,,,
1155,Fields,Waddy,fwaddy4a@example.com,Waddy1155@kuromaku-u.org,M,2/1/05,2027,2027,ASN,AER,UND,970-111-5154,212-555-0175,1155.png,t,3/27/20,3/27/20,,,
1156,Averil,Able,aable4b@example.com,Able1156@kuromaku-u.org,F,5/5/05,2027,2027,HSP,AER,UND,970-111-5155,914-555-0124,1156.png,t,3/27/20,3/27/20,,,
1157,Karyl,Tetlow,ktetlow4c@example.com,Tetlow1157@kuromaku-u.org,F,9/21/04,2027,2027,HSP,MAT,CIV,970-111-5156,937-555-0138,1157.png,t,3/27/20,3/27/20,,,
1158,Mortimer,Farrant,mfarrant4d@example.com,Farrant1158@kuromaku-u.org,M,2/21/05,2027,2027,HSP,ENG,UND,970-111-5157,806-555-0160,1158.png,t,3/27/20,3/27/20,,,
1159,Staci,Wishkar,swishkar4e@example.com,Wishkar1159@kuromaku-u.org,F,8/18/08,2030,2030,WHT,AER,UND,970-111-5158,907-555-0174,1159.png,t,3/27/20,3/27/20,,,
1160,Jorie,Rogier,jrogier4f@example.com,Rogier1160@kuromaku-u.org,F,12/1/04,2027,2027,AFR,CIV,UND,970-111-5159,208-555-0126,1160.png,t,3/27/20,3/27/20,,,
1161,Robenia,Lennon,rlennon4g@example.com,Lennon1161@kuromaku-u.org,F,8/30/05,2027,2027,ASN,ENG,MAT,970-111-5160,240-555-0190,1161.png,t,3/27/20,3/27/20,,,
1162,Godfrey,Tubridy,gtubridy4h@example.net,Tubridy1162@kuromaku-u.org,M,3/29/06,2028,2028,ASN,COM,UND,970-111-5161,253-555-0108,1162.png,t,3/27/20,3/27/20,,,
1163,Sigismundo,Fernandez,sfernandez4i@example.net,Fernandez1163@kuromaku-u.org,M,9/29/04,2027,2027,WHT,MAT,UND,970-111-5162,208-555-0130,1163.png,t,3/27/20,3/27/20,,,
1164,Barclay,Wixon,bwixon4j@example.com,Wixon1164@kuromaku-u.org,M,10/19/06,2029,2029,HSP,MAT,UND,970-111-5163,818-555-0183,1164.png,t,3/27/20,3/27/20,,,
1165,Georgianne,Austick,gaustick4k@example.com,Austick1165@kuromaku-u.org,F,10/25/05,2028,2028,ASN,CIV,UND,970-111-5164,907-555-0141,1165.png,t,3/27/20,3/27/20,,,
1166,Radcliffe,Caplan,rcaplan4l@example.org,Caplan1166@kuromaku-u.org,M,3/8/06,2028,2028,AFR,NUC,UND,970-111-5165,423-555-0113,1166.png,t,3/27/20,3/27/20,,,
1167,Moise,Fenge,mfenge4m@example.com,Fenge1167@kuromaku-u.org,M,11/12/04,2027,2027,AFR,CHE,COM,970-111-5166,509-555-0197,1167.png,t,3/27/20,3/27/20,,,
1168,Lou,Buzin,lbuzin4n@example.com,Buzin1168@kuromaku-u.org,M,12/30/06,2029,2029,WHT,MAT,UND,970-111-5167,505-555-0153,1168.png,t,3/27/20,3/27/20,,,
1169,Gray,Ciccerale,gciccerale4o@example.net,Ciccerale1169@kuromaku-u.org,F,8/13/07,2029,2029,ASN,AER,UND,970-111-5168,847-555-0189,1169.png,t,3/27/20,3/27/20,,,
1170,Kaitlyn,Attwool,kattwool4p@example.net,Attwool1170@kuromaku-u.org,F,6/3/05,2027,2027,ASN,AER,COM,970-111-5169,212-555-0158,1170.png,t,3/27/20,3/27/20,,,
1171,Mozelle,Tabard,mtabard4q@example.com,Tabard1171@kuromaku-u.org,F,11/20/07,2030,2030,ASN,MAT,UND,970-111-5170,314-555-0103,1171.png,t,3/27/20,3/27/20,,,
1172,Euell,Minors,eminors4r@example.com,Minors1172@kuromaku-u.org,M,7/26/08,2030,2030,WHT,CHE,UND,970-111-5171,972-555-0120,1172.png,t,3/27/20,3/27/20,,,
1173,Gaby,Gude,ggude4s@example.com,Gude1173@kuromaku-u.org,F,8/9/06,2028,2028,HSP,CIV,UND,970-111-5172,512-555-0150,1173.png,t,3/27/20,3/27/20,,,
1174,Hall,Casiroli,hcasiroli4t@example.net,Casiroli1174@kuromaku-u.org,M,6/6/06,2028,2028,AFR,CHE,UND,970-111-5173,251-555-0177,1174.png,t,3/27/20,3/27/20,,,
1175,Margaretta,Bloodworth,mbloodworth4u@example.com,Bloodworth1175@kuromaku-u.org,F,9/17/04,2027,2027,ASN,ENG,UND,970-111-5174,425-555-0183,1175.png,t,3/27/20,3/27/20,,,
1176,Norrie,Cleobury,ncleobury4v@example.com,Cleobury1176@kuromaku-u.org,F,8/17/08,2030,2030,HSP,MEC,UND,970-111-5175,918-555-0180,1176.png,t,3/27/20,3/27/20,,,
1177,Edgar,Sporle,esporle4w@example.com,Sporle1177@kuromaku-u.org,M,5/13/08,2030,2030,AFR,MAT,NUC,970-111-5176,415-555-0134,1177.png,t,3/27/20,3/27/20,,,
1178,Tilly,Oughtright,toughtright4x@example.org,Oughtright1178@kuromaku-u.org,F,10/9/06,2029,2029,WHT,COM,AER,970-111-5177,215-555-0101,1178.png,t,3/27/20,3/27/20,,,
1179,Stephana,Dyde,sdyde4y@example.com,Dyde1179@kuromaku-u.org,F,9/23/05,2028,2028,HSP,CHE,UND,970-111-5178,603-555-0170,1179.png,t,3/27/20,3/27/20,,,
1180,Anjela,Preshous,apreshous4z@example.com,Preshous1180@kuromaku-u.org,F,4/29/07,2029,2029,HSP,ENG,UND,970-111-5179,817-555-0148,1180.png,t,3/27/20,3/27/20,,,
1181,Winifield,Waistall,wwaistall50@example.net,Waistall1181@kuromaku-u.org,M,1/13/06,2028,2028,WHT,ENG,UND,970-111-5180,504-555-0190,1181.png,t,3/27/20,3/27/20,,,
1182,Alexandros,Andrzejczak,aandrzejczak51@example.com,Andrzejczak1182@kuromaku-u.org,M,3/22/06,2028,2028,ASN,COM,UND,970-111-5181,772-555-0153,1182.png,t,3/27/20,3/27/20,,,
1183,Else,Kristufek,ekristufek52@example.org,Kristufek1183@kuromaku-u.org,F,10/28/07,2030,2030,AFR,MAT,UND,970-111-5182,757-555-0133,1183.png,t,3/27/20,3/27/20,,,
1184,Wadsworth,Hammatt,whammatt53@example.org,Hammatt1184@kuromaku-u.org,M,8/5/05,2027,2027,HSP,MAN,UND,970-111-5183,805-555-0111,1184.png,t,3/27/20,3/27/20,,,
1185,Hi,Winfindale,hwinfindale54@example.org,Winfindale1185@kuromaku-u.org,M,8/6/05,2027,2027,ASN,CHE,UND,970-111-5184,330-555-0116,1185.png,t,3/27/20,3/27/20,,,
1186,Katrine,Harcourt,kharcourt55@example.net,Harcourt1186@kuromaku-u.org,F,8/16/08,2030,2030,HSP,ENG,UND,970-111-5185,330-555-0124,1186.png,t,3/27/20,3/27/20,,,
1187,Adorne,Lorman,alorman56@example.com,Lorman1187@kuromaku-u.org,F,10/23/07,2030,2030,WHT,AER,UND,970-111-5186,217-555-0120,1187.png,t,3/27/20,3/27/20,,,
1188,Nananne,Maddams,nmaddams57@example.net,Maddams1188@kuromaku-u.org,F,6/27/05,2027,2027,AFR,CIV,UND,970-111-5187,321-555-0150,1188.png,t,3/27/20,3/27/20,,,
1189,Cort,Nials,cnials58@example.com,Nials1189@kuromaku-u.org,M,11/15/06,2029,2029,WHT,ENG,UND,970-111-5188,206-555-0136,1189.png,t,3/27/20,3/27/20,,,
1190,Roldan,Gwatkin,rgwatkin59@example.com,Gwatkin1190@kuromaku-u.org,M,7/28/05,2027,2027,ASN,AER,UND,970-111-5189,501-555-0136,1190.png,t,3/27/20,3/27/20,,,
1191,Deonne,Reinert,dreinert5a@example.com,Reinert1191@kuromaku-u.org,F,6/21/07,2029,2029,HSP,MEC,MAT,970-111-5190,701-555-0170,1191.png,t,3/27/20,3/27/20,,,
1192,Bev,Brunnstein,bbrunnstein5b@example.com,Brunnstein1192@kuromaku-u.org,M,2/2/05,2027,2027,AFR,ENG,UND,970-111-5191,757-555-0167,1192.png,t,3/27/20,3/27/20,,,
1193,Zulema,Cornewell,zcornewell5c@example.com,Cornewell1193@kuromaku-u.org,F,11/28/06,2029,2029,WHT,MAT,UND,970-111-5192,202-555-0142,1193.png,t,3/27/20,3/27/20,,,
1194,Lion,Zorzutti,lzorzutti5d@example.com,Zorzutti1194@kuromaku-u.org,M,5/19/08,2030,2030,ASN,CIV,UND,970-111-5193,314-555-0112,1194.png,t,3/27/20,3/27/20,,,
1195,Ruth,Gelling,rgelling5e@example.com,Gelling1195@kuromaku-u.org,F,10/16/05,2028,2028,WHT,CIV,UND,970-111-5194,717-555-0121,1195.png,t,3/27/20,3/27/20,,,
1196,Paton,Wych,pwych5f@example.com,Wych1196@kuromaku-u.org,M,3/13/08,2030,2030,WHT,MAT,UND,970-111-5195,661-555-0141,1196.png,t,3/27/20,3/27/20,,,
1197,Ruthe,Trembath,rtrembath5g@example.com,Trembath1197@kuromaku-u.org,F,6/13/05,2027,2027,ASN,CIV,MAN,970-111-5196,309-555-0118,1197.png,t,3/27/20,3/27/20,,,
1198,Lavinia,Padell,lpadell5h@example.com,Padell1198@kuromaku-u.org,F,11/12/07,2030,2030,ASN,NUC,UND,970-111-5197,832-555-0168,1198.png,t,3/27/20,3/27/20,,,
1199,Kania,Dalliwatr,kdalliwatr5i@example.net,Dalliwatr1199@kuromaku-u.org,F,6/10/06,2028,2028,WHT,CHE,MAN,970-111-5198,313-555-0122,1199.png,t,3/27/20,3/27/20,,,
1200,Beckie,Pritchett,bpritchett5j@example.org,Pritchett1200@kuromaku-u.org,F,10/9/07,2030,2030,HSP,ENG,UND,970-111-5199,217-555-0142,1200.png,t,3/27/20,3/27/20,,,
1201,Celestyna,Veillard,cveillard5k@example.com,Veillard1201@kuromaku-u.org,F,2/26/08,2030,2030,ASN,AER,NUC,970-111-5200,612-555-0153,1201.png,t,3/27/20,3/27/20,,,
1202,Stavros,Shepherdson,sshepherdson5l@example.com,Shepherdson1202@kuromaku-u.org,M,1/10/05,2027,2027,AFR,CIV,ENG,970-111-5201,510-555-0133,1202.png,t,3/27/20,3/27/20,,,
1203,Johann,Fidler,jfidler5m@example.org,Fidler1203@kuromaku-u.org,M,3/25/06,2028,2028,WHT,COM,UND,970-111-5202,770-555-0108,1203.png,t,3/27/20,3/27/20,,,
1204,Doloritas,Smoth,dsmoth5n@example.net,Smoth1204@kuromaku-u.org,F,4/3/06,2028,2028,AFR,NUC,UND,970-111-5203,704-555-0141,1204.png,t,3/27/20,3/27/20,,,
1205,Farrand,Benaine,fbenaine5o@example.net,Benaine1205@kuromaku-u.org,F,7/20/08,2030,2030,WHT,MEC,UND,970-111-5204,916-555-0115,1205.png,t,3/27/20,3/27/20,,,
1206,Jack,Tanser,jtanser5p@example.org,Tanser1206@kuromaku-u.org,M,2/17/05,2027,2027,WHT,CHE,ENG,970-111-5205,702-555-0162,1206.png,t,3/27/20,3/27/20,,,
1207,Roanna,Tipens,rtipens5q@example.org,Tipens1207@kuromaku-u.org,F,4/24/07,2029,2029,AFR,MAT,UND,970-111-5206,202-555-0107,1207.png,t,3/27/20,3/27/20,,,
1208,Anatol,Dosdell,adosdell5r@example.com,Dosdell1208@kuromaku-u.org,M,7/17/08,2030,2030,WHT,COM,UND,970-111-5207,678-555-0150,1208.png,t,3/27/20,3/27/20,,,
1209,Myrna,Eaves,meaves5s@example.com,Eaves1209@kuromaku-u.org,F,5/23/05,2027,2027,WHT,MAT,UND,970-111-5208,512-555-0115,1209.png,t,3/27/20,3/27/20,,,
1210,Koo,Calway,kcalway5t@example.com,Calway1210@kuromaku-u.org,F,5/30/07,2029,2029,ASN,MAT,UND,970-111-5209,619-555-0102,1210.png,t,3/27/20,3/27/20,,,
1211,Lazar,Sogg,lsogg5u@example.com,Sogg1211@kuromaku-u.org,M,1/3/07,2029,2029,HSP,AER,ENG,970-111-5210,850-555-0130,1211.png,t,3/27/20,3/27/20,,,
1212,Chloe,Annell,cannell5v@example.org,Annell1212@kuromaku-u.org,F,5/17/08,2030,2030,AFR,COM,UND,970-111-5211,361-555-0142,1212.png,t,3/27/20,3/27/20,,,
1213,Bernardo,Pearcehouse,bpearcehouse5w@example.com,Pearcehouse1213@kuromaku-u.org,M,7/4/08,2030,2030,ASN,MEC,UND,970-111-5212,202-555-0172,1213.png,t,3/27/20,3/27/20,,,
1214,Gillian,Emm,gemm5x@example.net,Emm1214@kuromaku-u.org,F,5/14/08,2030,2030,AFR,COM,UND,970-111-5213,203-555-0162,1214.png,t,3/27/20,3/27/20,,,
1215,Charmian,Langthorne,clangthorne5y@example.com,Langthorne1215@kuromaku-u.org,F,4/2/05,2027,2027,WHT,NUC,MAT,970-111-5214,804-555-0132,1215.png,t,3/27/20,3/27/20,,,
1216,Gilberta,Leare,gleare5z@example.com,Leare1216@kuromaku-u.org,F,6/14/08,2030,2030,WHT,MAT,NUC,970-111-5215,318-555-0101,1216.png,t,3/27/20,3/27/20,,,
1217,Hank,Wintringham,hwintringham60@example.com,Wintringham1217@kuromaku-u.org,M,3/5/06,2028,2028,AFR,CIV,UND,970-111-5216,941-555-0135,1217.png,t,3/27/20,3/27/20,,,
1218,Fernandina,Nafzger,fnafzger61@example.com,Nafzger1218@kuromaku-u.org,F,7/2/07,2029,2029,WHT,MEC,UND,970-111-5217,325-555-0129,1218.png,t,3/27/20,3/27/20,,,
1219,Dina,Henderson,dhenderson62@example.com,Henderson1219@kuromaku-u.org,F,6/7/07,2029,2029,WHT,NUC,UND,970-111-5218,512-555-0166,1219.png,t,3/27/20,3/27/20,,,
1220,Etan,Harding,eharding63@example.com,Harding1220@kuromaku-u.org,M,4/23/06,2028,2028,WHT,COM,UND,970-111-5219,331-555-0193,1220.png,t,3/27/20,3/27/20,,,
1221,Darill,O'Halleghane,dohalleghane64@example.com,O'Halleghane1221@kuromaku-u.org,M,8/26/06,2028,2028,HSP,MAT,UND,970-111-5220,212-555-0138,1221.png,t,3/27/20,3/27/20,,,
1222,Willyt,Palmer,wpalmer65@example.com,Palmer1222@kuromaku-u.org,F,2/23/05,2027,2027,ASN,NUC,UND,970-111-5221,314-555-0111,1222.png,t,3/27/20,3/27/20,,,
1223,Valentino,Olivet,volivet66@example.net,Olivet1223@kuromaku-u.org,M,6/19/07,2029,2029,AFR,AER,CIV,970-111-5222,803-555-0166,1223.png,t,3/27/20,3/27/20,,,
1224,Brandon,Shenton,bshenton67@example.org,Shenton1224@kuromaku-u.org,M,3/21/05,2027,2027,HSP,MAN,UND,970-111-5223,916-555-0181,1224.png,t,3/27/20,3/27/20,,,
1225,Federica,Lampitt,flampitt68@example.com,Lampitt1225@kuromaku-u.org,F,9/17/07,2030,2030,AFR,COM,CIV,970-111-5224,435-555-0116,1225.png,t,3/27/20,3/27/20,,,
1226,Jessy,Peyntue,jpeyntue69@example.com,Peyntue1226@kuromaku-u.org,F,12/6/05,2028,2028,WHT,MAT,UND,970-111-5225,203-555-0183,1226.png,t,3/27/20,3/27/20,,,
1227,Roi,Latan,rlatan6a@example.com,Latan1227@kuromaku-u.org,M,9/4/04,2027,2027,AFR,CIV,COM,970-111-5226,619-555-0162,1227.png,t,3/27/20,3/27/20,,,
1228,Eba,Sherebrooke,esherebrooke6b@example.com,Sherebrooke1228@kuromaku-u.org,F,1/14/05,2027,2027,AFR,MEC,ENG,970-111-5227,318-555-0117,1228.png,t,3/27/20,3/27/20,,,
1229,Garek,Arlidge,garlidge6c@example.org,Arlidge1229@kuromaku-u.org,M,12/30/06,2029,2029,WHT,NUC,MAT,970-111-5228,512-555-0198,1229.png,t,3/27/20,3/27/20,,,
1230,Kort,Arkle,karkle6d@example.net,Arkle1230@kuromaku-u.org,M,7/12/07,2029,2029,HSP,COM,NUC,970-111-5229,210-555-0148,1230.png,t,3/27/20,3/27/20,,,
1231,Sargent,Rustich,srustich6e@example.com,Rustich1231@kuromaku-u.org,M,3/28/05,2027,2027,HSP,ENG,UND,970-111-5230,559-555-0176,1231.png,t,3/27/20,3/27/20,,,
1232,Penrod,Cleal,pcleal6f@example.com,Cleal1232@kuromaku-u.org,M,9/27/06,2029,2029,WHT,AER,UND,970-111-5231,404-555-0168,1232.png,t,3/27/20,3/27/20,,,
1233,Britney,Buttfield,bbuttfield6g@example.com,Buttfield1233@kuromaku-u.org,F,3/26/07,2029,2029,ASN,MAT,NUC,970-111-5232,509-555-0104,1233.png,t,3/27/20,3/27/20,,,
1234,Diannne,Knapper,dknapper6h@example.com,Knapper1234@kuromaku-u.org,F,3/19/05,2027,2027,AFR,CIV,UND,970-111-5233,571-555-0168,1234.png,t,3/27/20,3/27/20,,,
1235,Nanine,Vader,nvader6i@example.com,Vader1235@kuromaku-u.org,F,2/8/05,2027,2027,AFR,MAN,CIV,970-111-5234,412-555-0194,1235.png,t,3/27/20,3/27/20,,,
1236,Jerry,Mauser,jmauser6j@example.com,Mauser1236@kuromaku-u.org,M,12/22/06,2029,2029,WHT,AER,UND,970-111-5235,203-555-0121,1236.png,t,3/27/20,3/27/20,,,
1237,Ros,Wenger,rwenger6k@example.com,Wenger1237@kuromaku-u.org,F,6/15/06,2028,2028,ASN,ENG,UND,970-111-5236,516-555-0120,1237.png,t,3/27/20,3/27/20,,,
1238,Francene,Ciccarello,fciccarello6l@example.net,Ciccarello1238@kuromaku-u.org,F,8/15/07,2029,2029,AFR,MAT,UND,970-111-5237,302-555-0133,1238.png,t,3/27/20,3/27/20,,,
1239,Lloyd,Philipsen,lphilipsen6m@example.net,Philipsen1239@kuromaku-u.org,M,1/15/05,2027,2027,ASN,CIV,UND,970-111-5238,701-555-0137,1239.png,t,3/27/20,3/27/20,,,
1240,Vail,Satterfitt,vsatterfitt6n@example.com,Satterfitt1240@kuromaku-u.org,M,4/20/08,2030,2030,ASN,AER,UND,970-111-5239,626-555-0134,1240.png,t,3/27/20,3/27/20,,,
1241,Rickie,Ackermann,rackermann6o@example.net,Ackermann1241@kuromaku-u.org,M,3/14/07,2029,2029,WHT,AER,UND,970-111-5240,913-555-0179,1241.png,t,3/27/20,3/27/20,,,
1242,Annalise,Forsdyke,aforsdyke6p@example.com,Forsdyke1242@kuromaku-u.org,F,10/4/07,2030,2030,AFR,CIV,UND,970-111-5241,202-555-0149,1242.png,t,3/27/20,3/27/20,,,
1243,Vania,Gyngyll,vgyngyll6q@example.org,Gyngyll1243@kuromaku-u.org,F,11/3/04,2027,2027,ASN,COM,CHE,970-111-5242,208-555-0116,1243.png,t,3/27/20,3/27/20,,,
1244,Jaine,MacLoughlin,jmacloughlin6r@example.com,MacLoughlin1244@kuromaku-u.org,F,10/5/04,2027,2027,HSP,COM,UND,970-111-5243,949-555-0150,1244.png,t,3/27/20,3/27/20,,,
1245,Carleen,Burchmore,cburchmore6s@example.com,Burchmore1245@kuromaku-u.org,F,5/31/07,2029,2029,WHT,AER,UND,970-111-5244,407-555-0120,1245.png,t,3/27/20,3/27/20,,,
1246,Sergei,Domelow,sdomelow6t@example.net,Domelow1246@kuromaku-u.org,M,5/13/08,2030,2030,AFR,AER,UND,970-111-5245,918-555-0111,1246.png,t,3/27/20,3/27/20,,,
1247,Maryanna,Philippet,mphilippet6u@example.org,Philippet1247@kuromaku-u.org,F,3/28/08,2030,2030,HSP,AER,UND,970-111-5246,606-555-0181,1247.png,t,3/27/20,3/27/20,,,
1248,Wit,Whichelow,wwhichelow6v@example.com,Whichelow1248@kuromaku-u.org,M,9/10/06,2029,2029,ASN,MEC,MAN,970-111-5247,717-555-0169,1248.png,t,3/27/20,3/27/20,,,
1249,Micky,Geekie,mgeekie6w@example.org,Geekie1249@kuromaku-u.org,M,3/14/08,2030,2030,HSP,MEC,UND,970-111-5248,415-555-0151,1249.png,t,3/27/20,3/27/20,,,
1250,Berky,Acedo,bacedo6x@example.com,Acedo1250@kuromaku-u.org,M,6/7/06,2028,2028,HSP,MAT,UND,970-111-5249,815-555-0154,1250.png,t,3/27/20,3/27/20,,,
1251,Emylee,Klain,eklain6y@example.org,Klain1251@kuromaku-u.org,F,3/17/05,2027,2027,HSP,NUC,UND,970-111-5250,360-555-0182,1251.png,t,3/27/20,3/27/20,,,
1252,Borden,Fowler,bfowler6z@example.com,Fowler1252@kuromaku-u.org,M,4/6/06,2028,2028,HSP,CHE,COM,970-111-5251,203-555-0133,1252.png,t,3/27/20,3/27/20,,,
1253,Mariette,Corkitt,mcorkitt70@example.com,Corkitt1253@kuromaku-u.org,F,8/4/06,2028,2028,ASN,NUC,MAN,970-111-5252,614-555-0179,1253.png,t,3/27/20,3/27/20,,,
1254,Legra,Simacek,lsimacek71@example.net,Simacek1254@kuromaku-u.org,F,8/1/07,2029,2029,HSP,COM,NUC,970-111-5253,530-555-0182,1254.png,t,3/27/20,3/27/20,,,
1255,Jules,Vasilkov,jvasilkov72@example.com,Vasilkov1255@kuromaku-u.org,M,3/19/06,2028,2028,WHT,MAT,UND,970-111-5254,512-555-0151,1255.png,t,3/27/20,3/27/20,,,
1256,Kliment,Sappson,ksappson73@example.org,Sappson1256@kuromaku-u.org,M,9/20/04,2027,2027,WHT,CIV,UND,970-111-5255,202-555-0117,1256.png,t,3/27/20,3/27/20,,,
1257,Maddie,Gave,mgave74@example.net,Gave1257@kuromaku-u.org,M,9/3/05,2028,2028,ASN,NUC,UND,970-111-5256,913-555-0119,1257.png,t,3/27/20,3/27/20,,,
1258,Penelope,Boat,pboat75@example.com,Boat1258@kuromaku-u.org,F,3/1/08,2030,2030,WHT,ENG,UND,970-111-5257,562-555-0157,1258.png,t,3/27/20,3/27/20,,,
1259,Owen,Margach,omargach76@example.com,Margach1259@kuromaku-u.org,M,10/11/05,2028,2028,AFR,NUC,UND,970-111-5258,754-555-0138,1259.png,t,3/27/20,3/27/20,,,
1260,Leticia,Olivie,lolivie77@example.org,Olivie1260@kuromaku-u.org,F,3/8/06,2028,2028,ASN,ENG,UND,970-111-5259,786-555-0147,1260.png,t,3/27/20,3/27/20,,,
1261,Nady,Kalisch,nkalisch78@example.com,Kalisch1261@kuromaku-u.org,F,1/18/07,2029,2029,AFR,MEC,UND,970-111-5260,504-555-0196,1261.png,t,3/27/20,3/27/20,,,
1262,Reidar,Heephy,rheephy79@example.com,Heephy1262@kuromaku-u.org,M,2/21/05,2027,2027,WHT,CIV,UND,970-111-5261,720-555-0133,1262.png,t,3/27/20,3/27/20,,,
1263,Loella,Kuhndel,lkuhndel7a@example.com,Kuhndel1263@kuromaku-u.org,F,12/2/06,2029,2029,ASN,CHE,UND,970-111-5262,330-555-0184,1263.png,t,3/27/20,3/27/20,,,
1264,Burr,Rowlands,browlands7b@example.com,Rowlands1264@kuromaku-u.org,M,10/17/04,2027,2027,ASN,NUC,MEC,970-111-5263,615-555-0153,1264.png,t,3/27/20,3/27/20,,,
1265,Lise,Parfett,lparfett7c@example.com,Parfett1265@kuromaku-u.org,F,11/10/05,2028,2028,WHT,NUC,UND,970-111-5264,909-555-0186,1265.png,t,3/27/20,3/27/20,,,
1266,Amble,Barizeret,abarizeret7d@example.com,Barizeret1266@kuromaku-u.org,M,7/11/07,2029,2029,AFR,COM,UND,970-111-5265,937-555-0141,1266.png,t,3/27/20,3/27/20,,,
1267,Wilona,Rimmington,wrimmington7e@example.com,Rimmington1267@kuromaku-u.org,F,11/16/06,2029,2029,WHT,MEC,UND,970-111-5266,952-555-0197,1267.png,t,3/27/20,3/27/20,,,
1268,Bari,Babonau,bbabonau7f@example.net,Babonau1268@kuromaku-u.org,F,7/18/05,2027,2027,AFR,MEC,UND,970-111-5267,334-555-0172,1268.png,t,3/27/20,3/27/20,,,
1269,Greg,Prine,gprine7g@example.com,Prine1269@kuromaku-u.org,M,6/8/08,2030,2030,ASN,MAT,UND,970-111-5268,301-555-0196,1269.png,t,3/27/20,3/27/20,,,
1270,Odille,Lardeur,olardeur7h@example.com,Lardeur1270@kuromaku-u.org,F,10/1/04,2027,2027,ASN,MAN,MEC,970-111-5269,702-555-0166,1270.png,t,3/27/20,3/27/20,,,
1271,Rafe,Genicke,rgenicke7i@example.com,Genicke1271@kuromaku-u.org,M,5/24/08,2030,2030,AFR,ENG,UND,970-111-5270,303-555-0104,1271.png,t,3/27/20,3/27/20,,,
1272,Alida,Fazackerley,afazackerley7j@example.org,Fazackerley1272@kuromaku-u.org,F,11/12/04,2027,2027,WHT,MAN,MEC,970-111-5271,410-555-0165,1272.png,t,3/27/20,3/27/20,,,
1273,Harrietta,Malby,hmalby7k@example.com,Malby1273@kuromaku-u.org,F,10/28/06,2029,2029,ASN,ENG,UND,970-111-5272,251-555-0120,1273.png,t,3/27/20,3/27/20,,,
1274,Tally,De Witt,tdewitt7l@example.net,DeWitt1274@kuromaku-u.org,F,5/1/05,2027,2027,ASN,MAN,UND,970-111-5273,808-555-0158,1274.png,t,3/27/20,3/27/20,,,
1275,Roldan,Weich,rweich7m@example.com,Weich1275@kuromaku-u.org,M,8/17/07,2029,2029,AFR,CHE,MAT,970-111-5274,602-555-0102,1275.png,t,3/27/20,3/27/20,,,
1276,Charla,Reddle,creddle7n@example.com,Reddle1276@kuromaku-u.org,F,1/13/08,2030,2030,WHT,MAN,UND,970-111-5275,786-555-0119,1276.png,t,3/27/20,3/27/20,,,
1277,Harri,Boards,hboards7o@example.com,Boards1277@kuromaku-u.org,F,2/19/08,2030,2030,AFR,COM,AER,970-111-5276,602-555-0121,1277.png,t,3/27/20,3/27/20,,,
1278,Dinny,Lawlee,dlawlee7p@example.com,Lawlee1278@kuromaku-u.org,F,4/14/05,2027,2027,ASN,NUC,UND,970-111-5277,404-555-0177,1278.png,t,3/27/20,3/27/20,,,
1279,Booth,Goodrum,bgoodrum7q@example.com,Goodrum1279@kuromaku-u.org,M,11/28/07,2030,2030,ASN,MAN,MAT,970-111-5278,281-555-0151,1279.png,t,3/27/20,3/27/20,,,
1280,Coralie,Campey,ccampey7r@example.com,Campey1280@kuromaku-u.org,F,3/6/07,2029,2029,WHT,COM,UND,970-111-5279,973-555-0169,1280.png,t,3/27/20,3/27/20,,,
1281,Cleavland,Rotlauf,crotlauf7s@example.org,Rotlauf1281@kuromaku-u.org,M,12/16/06,2029,2029,ASN,AER,MAN,970-111-5280,302-555-0123,1281.png,t,3/27/20,3/27/20,,,
1282,Olenka,Gossington,ogossington7t@example.com,Gossington1282@kuromaku-u.org,F,5/27/07,2029,2029,AFR,MEC,COM,970-111-5281,713-555-0177,1282.png,t,3/27/20,3/27/20,,,
1283,Waldo,Claydon,wclaydon7u@example.org,Claydon1283@kuromaku-u.org,M,11/9/07,2030,2030,AFR,COM,UND,970-111-5282,203-555-0171,1283.png,t,3/27/20,3/27/20,,,
1284,Bearnard,Jedras,bjedras7v@example.net,Jedras1284@kuromaku-u.org,M,1/30/06,2028,2028,HSP,MAT,UND,970-111-5283,718-555-0146,1284.png,t,3/27/20,3/27/20,,,
1285,Jacquelynn,Hagland,jhagland7w@example.com,Hagland1285@kuromaku-u.org,F,11/16/04,2027,2027,ASN,MAN,UND,970-111-5284,303-555-0189,1285.png,t,3/27/20,3/27/20,,,
1286,Nessi,Asple,nasple7x@example.org,Asple1286@kuromaku-u.org,F,7/31/07,2029,2029,HSP,AER,UND,970-111-5285,913-555-0135,1286.png,t,3/27/20,3/27/20,,,
1287,Berkley,Lacky,blacky7y@example.com,Lacky1287@kuromaku-u.org,M,2/14/06,2028,2028,AFR,COM,UND,970-111-5286,262-555-0180,1287.png,t,3/27/20,3/27/20,,,
1288,Emilia,Joubert,ejoubert7z@example.com,Joubert1288@kuromaku-u.org,F,2/1/06,2028,2028,WHT,CHE,UND,970-111-5287,786-555-0132,1288.png,t,3/27/20,3/27/20,,,
1289,Clayborn,Thomassin,cthomassin80@example.org,Thomassin1289@kuromaku-u.org,M,6/19/08,2030,2030,ASN,CHE,UND,970-111-5288,971-555-0175,1289.png,t,3/27/20,3/27/20,,,
1290,Cheryl,Stodit,cstodit81@example.org,Stodit1290@kuromaku-u.org,F,11/17/07,2030,2030,WHT,ENG,UND,970-111-5289,941-555-0183,1290.png,t,3/27/20,3/27/20,,,
1291,Basile,Wimpenny,bwimpenny82@example.org,Wimpenny1291@kuromaku-u.org,M,5/4/05,2027,2027,HSP,CIV,UND,970-111-5290,317-555-0160,1291.png,t,3/27/20,3/27/20,,,
1292,Andree,Riccio,ariccio83@example.com,Riccio1292@kuromaku-u.org,F,8/3/08,2030,2030,WHT,ENG,UND,970-111-5291,210-555-0197,1292.png,t,3/27/20,3/27/20,,,
1293,Wald,Ambrogioli,wambrogioli84@example.org,Ambrogioli1293@kuromaku-u.org,M,3/17/05,2027,2027,AFR,COM,UND,970-111-5292,563-555-0122,1293.png,t,3/27/20,3/27/20,,,
1294,Urbano,Applewhite,uapplewhite85@example.com,Applewhite1294@kuromaku-u.org,M,1/30/06,2028,2028,HSP,CHE,AER,970-111-5293,806-555-0187,1294.png,t,3/27/20,3/27/20,,,
1295,Gothart,Geraldez,ggeraldez86@example.com,Geraldez1295@kuromaku-u.org,M,6/19/05,2027,2027,HSP,COM,UND,970-111-5294,702-555-0136,1295.png,t,3/27/20,3/27/20,,,
1296,Lannie,Dietsche,ldietsche87@example.com,Dietsche1296@kuromaku-u.org,M,3/20/08,2030,2030,AFR,AER,UND,970-111-5295,405-555-0168,1296.png,t,3/27/20,3/27/20,,,
1297,Niels,Fedorchenko,nfedorchenko88@example.org,Fedorchenko1297@kuromaku-u.org,M,11/19/04,2027,2027,AFR,COM,UND,970-111-5296,719-555-0139,1297.png,t,3/27/20,3/27/20,,,
1298,Anthea,Grigorian,agrigorian89@example.com,Grigorian1298@kuromaku-u.org,F,12/16/06,2029,2029,AFR,MAT,UND,970-111-5297,831-555-0133,1298.png,t,3/27/20,3/27/20,,,
1299,Miltie,Crocket,mcrocket8a@example.com,Crocket1299@kuromaku-u.org,M,1/3/06,2028,2028,AFR,COM,UND,970-111-5298,952-555-0156,1299.png,t,3/27/20,3/27/20,,,
1300,Lanny,Dongall,ldongall8b@example.com,Dongall1300@kuromaku-u.org,F,1/22/06,2028,2028,HSP,CHE,NUC,970-111-5299,713-555-0117,1300.png,t,3/27/20,3/27/20,,,
1301,Jason,Matashkin,jmatashkin8c@example.com,Matashkin1301@kuromaku-u.org,M,5/13/06,2028,2028,ASN,COM,UND,970-111-5300,408-555-0138,1301.png,t,3/27/20,3/27/20,,,
1302,Melina,Pic,mpic8d@example.org,Pic1302@kuromaku-u.org,F,10/19/06,2029,2029,HSP,NUC,UND,970-111-5301,707-555-0140,1302.png,t,3/27/20,3/27/20,,,
1303,Abbye,Philipeau,aphilipeau8e@example.com,Philipeau1303@kuromaku-u.org,F,6/2/08,2030,2030,WHT,CHE,UND,970-111-5302,202-555-0188,1303.png,t,3/27/20,3/27/20,,,
1304,Stanislaus,Heine,sheine8f@example.com,Heine1304@kuromaku-u.org,M,9/7/07,2030,2030,AFR,NUC,UND,970-111-5303,754-555-0108,1304.png,t,3/27/20,3/27/20,,,
1305,Colman,Crankhorn,ccrankhorn8g@example.com,Crankhorn1305@kuromaku-u.org,M,3/5/05,2027,2027,AFR,CHE,MEC,970-111-5304,864-555-0109,1305.png,t,3/27/20,3/27/20,,,
1306,Sib,Brightwell,sbrightwell8h@example.com,Brightwell1306@kuromaku-u.org,F,3/25/08,2030,2030,WHT,CHE,UND,970-111-5305,217-555-0184,1306.png,t,3/27/20,3/27/20,,,
1307,Doy,Pickton,dpickton8i@example.com,Pickton1307@kuromaku-u.org,M,7/3/06,2028,2028,ASN,ENG,UND,970-111-5306,915-555-0133,1307.png,t,3/27/20,3/27/20,,,
1308,Pet,Linneman,plinneman8j@example.com,Linneman1308@kuromaku-u.org,F,7/17/08,2030,2030,HSP,NUC,UND,970-111-5307,808-555-0108,1308.png,t,3/27/20,3/27/20,,,
1309,Dru,Sink,dsink8k@example.com,Sink1309@kuromaku-u.org,M,4/10/07,2029,2029,AFR,CHE,MEC,970-111-5308,313-555-0100,1309.png,t,3/27/20,3/27/20,,,
1310,Edna,Ackerman,eackerman8l@example.org,Ackerman1310@kuromaku-u.org,F,6/22/07,2029,2029,WHT,COM,CIV,970-111-5309,206-555-0177,1310.png,t,3/27/20,3/27/20,,,
1311,Frannie,Penniall,fpenniall8m@example.org,Penniall1311@kuromaku-u.org,M,9/12/07,2030,2030,HSP,COM,CIV,970-111-5310,804-555-0194,1311.png,t,3/27/20,3/27/20,,,
1312,Korie,Gleadhell,kgleadhell8n@example.org,Gleadhell1312@kuromaku-u.org,F,7/6/08,2030,2030,AFR,CIV,UND,970-111-5311,401-555-0176,1312.png,t,3/27/20,3/27/20,,,
1313,Marshal,Macak,mmacak8o@example.org,Macak1313@kuromaku-u.org,M,4/28/07,2029,2029,ASN,CHE,UND,970-111-5312,813-555-0185,1313.png,t,3/27/20,3/27/20,,,
1314,Saleem,Dzenisenka,sdzenisenka8p@example.org,Dzenisenka1314@kuromaku-u.org,M,4/23/06,2028,2028,ASN,MAT,CHE,970-111-5313,505-555-0107,1314.png,t,3/27/20,3/27/20,,,
1315,Kenny,Parcells,kparcells8q@example.com,Parcells1315@kuromaku-u.org,M,2/22/07,2029,2029,ASN,MAT,UND,970-111-5314,612-555-0128,1315.png,t,3/27/20,3/27/20,,,
1316,Petunia,Stiddard,pstiddard8r@example.com,Stiddard1316@kuromaku-u.org,F,10/4/05,2028,2028,HSP,NUC,COM,970-111-5315,205-555-0123,1316.png,t,3/27/20,3/27/20,,,
1317,Kathi,Breese,kbreese8s@example.com,Breese1317@kuromaku-u.org,F,4/4/08,2030,2030,WHT,CIV,UND,970-111-5316,913-555-0105,1317.png,t,3/27/20,3/27/20,,,
1318,Mia,Atwill,matwill8t@example.com,Atwill1318@kuromaku-u.org,F,10/15/06,2029,2029,AFR,COM,UND,970-111-5317,210-555-0150,1318.png,t,3/27/20,3/27/20,,,
1319,Alidia,Luscott,aluscott8u@example.org,Luscott1319@kuromaku-u.org,F,8/1/07,2029,2029,HSP,NUC,UND,970-111-5318,916-555-0132,1319.png,t,3/27/20,3/27/20,,,
1320,Nappy,Cleaves,ncleaves8v@example.com,Cleaves1320@kuromaku-u.org,M,11/17/05,2028,2028,WHT,AER,UND,970-111-5319,314-555-0162,1320.png,t,3/27/20,3/27/20,,,
1321,Pepe,Linay,plinay8w@example.com,Linay1321@kuromaku-u.org,M,6/10/05,2027,2027,AFR,NUC,UND,970-111-5320,714-555-0151,1321.png,t,3/27/20,3/27/20,,,
1322,Fan,Beck,fbeck8x@example.org,Beck1322@kuromaku-u.org,F,6/15/07,2029,2029,HSP,CHE,UND,970-111-5321,719-555-0149,1322.png,t,3/27/20,3/27/20,,,
1323,Ev,Plover,eplover8y@example.com,Plover1323@kuromaku-u.org,M,1/15/07,2029,2029,HSP,COM,UND,970-111-5322,573-555-0173,1323.png,t,3/27/20,3/27/20,,,
1324,Hugibert,Kochel,hkochel8z@example.com,Kochel1324@kuromaku-u.org,M,3/27/08,2030,2030,ASN,AER,NUC,970-111-5323,650-555-0173,1324.png,t,3/27/20,3/27/20,,,
1325,Bibbye,Kirmond,bkirmond90@example.com,Kirmond1325@kuromaku-u.org,F,5/9/05,2027,2027,WHT,MEC,NUC,970-111-5324,856-555-0124,1325.png,t,3/27/20,3/27/20,,,
1326,Harwell,Firebrace,hfirebrace91@example.com,Firebrace1326@kuromaku-u.org,M,12/19/04,2027,2027,HSP,MEC,UND,970-111-5325,847-555-0160,1326.png,t,3/27/20,3/27/20,,,
1327,Terry,Snelman,tsnelman92@example.org,Snelman1327@kuromaku-u.org,M,5/16/06,2028,2028,WHT,MAN,UND,970-111-5326,570-555-0104,1327.png,t,3/27/20,3/27/20,,,
1328,Olwen,Sander,osander93@example.com,Sander1328@kuromaku-u.org,F,3/3/05,2027,2027,AFR,CIV,UND,970-111-5327,248-555-0156,1328.png,t,3/27/20,3/27/20,,,
1329,Christiano,Cosstick,ccosstick94@example.org,Cosstick1329@kuromaku-u.org,M,11/2/06,2029,2029,ASN,CIV,UND,970-111-5328,775-555-0197,1329.png,t,3/27/20,3/27/20,,,
1330,Gianna,Bortolotti,gbortolotti95@example.com,Bortolotti1330@kuromaku-u.org,F,2/6/07,2029,2029,HSP,COM,CHE,970-111-5329,734-555-0134,1330.png,t,3/27/20,3/27/20,,,
1331,Humbert,Holby,hholby96@example.com,Holby1331@kuromaku-u.org,M,8/27/06,2028,2028,AFR,ENG,UND,970-111-5330,863-555-0162,1331.png,t,3/27/20,3/27/20,,,
1332,Everett,Siddell,esiddell97@example.com,Siddell1332@kuromaku-u.org,M,10/3/04,2027,2027,WHT,MEC,UND,970-111-5331,239-555-0137,1332.png,t,3/27/20,3/27/20,,,
1333,Mathew,Turnell,mturnell98@example.com,Turnell1333@kuromaku-u.org,M,8/13/07,2029,2029,HSP,MAT,NUC,970-111-5332,757-555-0198,1333.png,t,3/27/20,3/27/20,,,
1334,Piotr,Epelett,pepelett99@example.com,Epelett1334@kuromaku-u.org,M,2/1/05,2027,2027,ASN,ENG,MAN,970-111-5333,404-555-0156,1334.png,t,3/27/20,3/27/20,,,
1335,Emanuel,Ronald,eronald9a@example.com,Ronald1335@kuromaku-u.org,M,3/2/05,2027,2027,AFR,ENG,UND,970-111-5334,989-555-0160,1335.png,t,3/27/20,3/27/20,,,
1336,Bobbie,Swainger,bswainger9b@example.net,Swainger1336@kuromaku-u.org,F,12/15/04,2027,2027,WHT,NUC,UND,970-111-5335,225-555-0125,1336.png,t,3/27/20,3/27/20,,,
1337,Briano,McMurthy,bmcmurthy9c@example.com,McMurthy1337@kuromaku-u.org,M,5/7/06,2028,2028,HSP,AER,UND,970-111-5336,478-555-0117,1337.png,t,3/27/20,3/27/20,,,
1338,Forester,Biggerstaff,fbiggerstaff9d@example.com,Biggerstaff1338@kuromaku-u.org,M,12/15/07,2030,2030,AFR,ENG,UND,970-111-5337,754-555-0179,1338.png,t,3/27/20,3/27/20,,,
1339,Harriette,Gullefant,hgullefant9e@example.com,Gullefant1339@kuromaku-u.org,F,12/9/07,2030,2030,HSP,MEC,UND,970-111-5338,812-555-0156,1339.png,t,3/27/20,3/27/20,,,
1340,Vivi,Kenewell,vkenewell9f@example.org,Kenewell1340@kuromaku-u.org,F,5/24/06,2028,2028,AFR,NUC,UND,970-111-5339,602-555-0180,1340.png,t,3/27/20,3/27/20,,,
1341,Niall,Spuner,nspuner9g@example.org,Spuner1341@kuromaku-u.org,M,6/27/08,2030,2030,ASN,MAN,COM,970-111-5340,859-555-0121,1341.png,t,3/27/20,3/27/20,,,
1342,Aliza,Dahlbom,adahlbom9h@example.com,Dahlbom1342@kuromaku-u.org,F,4/3/06,2028,2028,HSP,MAN,MAT,970-111-5341,956-555-0171,1342.png,t,3/27/20,3/27/20,,,
1343,Bebe,Keld,bkeld9i@example.com,Keld1343@kuromaku-u.org,F,5/3/06,2028,2028,ASN,ENG,UND,970-111-5342,253-555-0187,1343.png,t,3/27/20,3/27/20,,,
1344,Tuck,Catterick,tcatterick9j@example.com,Catterick1344@kuromaku-u.org,M,1/11/08,2030,2030,WHT,AER,UND,970-111-5343,970-555-0101,1344.png,t,3/27/20,3/27/20,,,
1345,Gretel,Boneham,gboneham9k@example.com,Boneham1345@kuromaku-u.org,F,12/13/04,2027,2027,HSP,CHE,UND,970-111-5344,920-555-0163,1345.png,t,3/27/20,3/27/20,,,
1346,Mireielle,Cornils,mcornils9l@example.com,Cornils1346@kuromaku-u.org,F,4/13/07,2029,2029,AFR,MAT,ENG,970-111-5345,816-555-0106,1346.png,t,3/27/20,3/27/20,,,
1347,Tito,Verdey,tverdey9m@example.net,Verdey1347@kuromaku-u.org,M,5/14/05,2027,2027,ASN,ENG,MAN,970-111-5346,859-555-0100,1347.png,t,3/27/20,3/27/20,,,
1348,Teresa,Craine,tcraine9n@example.net,Craine1348@kuromaku-u.org,F,6/12/07,2029,2029,ASN,NUC,UND,970-111-5347,404-555-0192,1348.png,t,3/27/20,3/27/20,,,
1349,Urson,De Roeck,uderoeck9o@example.com,DeRoeck1349@kuromaku-u.org,M,2/8/05,2027,2027,HSP,NUC,UND,970-111-5348,512-555-0104,1349.png,t,3/27/20,3/27/20,,,
1350,Lorette,Kyme,lkyme9p@example.com,Kyme1350@kuromaku-u.org,F,2/28/06,2028,2028,ASN,MAN,UND,970-111-5349,323-555-0167,1350.png,t,3/27/20,3/27/20,,,
1351,Hal,Bonus,hbonus9q@example.com,Bonus1351@kuromaku-u.org,M,10/21/07,2030,2030,ASN,MAN,UND,970-111-5350,814-555-0152,1351.png,t,3/27/20,3/27/20,,,
1352,Sigismund,Kevlin,skevlin9r@example.com,Kevlin1352@kuromaku-u.org,M,5/5/06,2028,2028,ASN,AER,UND,970-111-5351,520-555-0130,1352.png,t,3/27/20,3/27/20,,,
1353,Livia,Stout,lstout9s@example.com,Stout1353@kuromaku-u.org,F,1/27/08,2030,2030,ASN,MEC,UND,970-111-5352,727-555-0134,1353.png,t,3/27/20,3/27/20,,,
1354,Betsy,Sullivan,bsullivan9t@example.com,Sullivan1354@kuromaku-u.org,F,7/29/05,2027,2027,HSP,ENG,COM,970-111-5353,304-555-0100,1354.png,t,3/27/20,3/27/20,,,
1355,Madelaine,Nickerson,mnickerson9u@example.com,Nickerson1355@kuromaku-u.org,F,12/21/04,2027,2027,AFR,AER,ENG,970-111-5354,253-555-0137,1355.png,t,3/27/20,3/27/20,,,
1356,Nona,Champneys,nchampneys9v@example.com,Champneys1356@kuromaku-u.org,F,12/8/07,2030,2030,HSP,CHE,NUC,970-111-5355,559-555-0144,1356.png,t,3/27/20,3/27/20,,,
1357,Tommie,Holliar,tholliar9w@example.com,Holliar1357@kuromaku-u.org,M,5/13/08,2030,2030,ASN,ENG,UND,970-111-5356,304-555-0102,1357.png,t,3/27/20,3/27/20,,,
1358,Concordia,Putson,cputson9x@example.net,Putson1358@kuromaku-u.org,F,11/6/06,2029,2029,ASN,CHE,UND,970-111-5357,360-555-0168,1358.png,t,3/27/20,3/27/20,,,
1359,Celeste,Karchewski,ckarchewski9y@example.com,Karchewski1359@kuromaku-u.org,F,4/21/07,2029,2029,HSP,MAT,COM,970-111-5358,361-555-0108,1359.png,t,3/27/20,3/27/20,,,
1360,Stanford,Saterweyte,ssaterweyte9z@example.com,Saterweyte1360@kuromaku-u.org,M,11/7/07,2030,2030,WHT,MEC,AER,970-111-5359,785-555-0115,1360.png,t,3/27/20,3/27/20,,,
1361,Errick,Gogay,egogaya0@example.com,Gogay1361@kuromaku-u.org,M,3/2/08,2030,2030,ASN,MEC,CHE,970-111-5360,202-555-0187,1361.png,t,3/27/20,3/27/20,,,
1362,Corie,Venditto,cvendittoa1@example.com,Venditto1362@kuromaku-u.org,F,3/23/05,2027,2027,AFR,CIV,UND,970-111-5361,202-555-0124,1362.png,t,3/27/20,3/27/20,,,
1363,Danyelle,Casado,dcasadoa2@example.com,Casado1363@kuromaku-u.org,F,1/2/07,2029,2029,HSP,CIV,ENG,970-111-5362,619-555-0161,1363.png,t,3/27/20,3/27/20,,,
1364,Ephrem,Celli,ecellia3@example.com,Celli1364@kuromaku-u.org,M,8/14/07,2029,2029,AFR,CIV,UND,970-111-5363,240-555-0171,1364.png,t,3/27/20,3/27/20,,,
1365,Franny,Demageard,fdemagearda4@example.com,Demageard1365@kuromaku-u.org,M,5/6/06,2028,2028,AFR,MEC,UND,970-111-5364,310-555-0168,1365.png,t,3/27/20,3/27/20,,,
1366,Mignon,Couronne,mcouronnea5@example.org,Couronne1366@kuromaku-u.org,F,6/3/05,2027,2027,AFR,AER,UND,970-111-5365,334-555-0136,1366.png,t,3/27/20,3/27/20,,,
1367,Alikee,Gidley,agidleya6@example.com,Gidley1367@kuromaku-u.org,F,4/30/06,2028,2028,HSP,ENG,NUC,970-111-5366,251-555-0178,1367.png,t,3/27/20,3/27/20,,,
1368,Lloyd,Beveridge,lbeveridgea7@example.com,Beveridge1368@kuromaku-u.org,M,2/2/07,2029,2029,AFR,NUC,UND,970-111-5367,217-555-0132,1368.png,t,3/27/20,3/27/20,,,
1369,Mandel,McKimmie,mmckimmiea8@example.com,McKimmie1369@kuromaku-u.org,M,6/28/08,2030,2030,AFR,CIV,NUC,970-111-5368,804-555-0196,1369.png,t,3/27/20,3/27/20,,,
1370,Rodolph,Graveston,rgravestona9@example.com,Graveston1370@kuromaku-u.org,M,5/21/07,2029,2029,HSP,NUC,UND,970-111-5369,419-555-0179,1370.png,t,3/27/20,3/27/20,,,
1371,Rhianna,Bracer,rbraceraa@example.com,Bracer1371@kuromaku-u.org,F,2/1/05,2027,2027,HSP,COM,CHE,970-111-5370,213-555-0139,1371.png,t,3/27/20,3/27/20,,,
1372,Renie,Piddock,rpiddockab@example.net,Piddock1372@kuromaku-u.org,F,5/11/06,2028,2028,AFR,MAT,AER,970-111-5371,410-555-0105,1372.png,t,3/27/20,3/27/20,,,
1373,Son,Karpets,skarpetsac@example.com,Karpets1373@kuromaku-u.org,M,9/7/07,2030,2030,AFR,CIV,MEC,970-111-5372,843-555-0104,1373.png,t,3/27/20,3/27/20,,,
1374,Yorgo,Persence,ypersencead@example.net,Persence1374@kuromaku-u.org,M,3/16/06,2028,2028,AFR,MEC,UND,970-111-5373,646-555-0185,1374.png,t,3/27/20,3/27/20,,,
1375,Gibbie,Ellis,gellisae@example.com,Ellis1375@kuromaku-u.org,M,8/1/07,2029,2029,AFR,MEC,UND,970-111-5374,716-555-0105,1375.png,t,3/27/20,3/27/20,,,
1376,Daniel,Holborn,dholbornaf@example.com,Holborn1376@kuromaku-u.org,M,6/4/07,2029,2029,HSP,MAN,ENG,970-111-5375,316-555-0191,1376.png,t,3/27/20,3/27/20,,,
1377,Boigie,Drew-Clifton,bdrewcliftonag@example.com,Drew-Clifton1377@kuromaku-u.org,M,10/6/05,2028,2028,WHT,MEC,UND,970-111-5376,801-555-0164,1377.png,t,3/27/20,3/27/20,,,
1378,Gram,Porte,gporteah@example.net,Porte1378@kuromaku-u.org,M,12/11/04,2027,2027,AFR,CHE,UND,970-111-5377,805-555-0131,1378.png,t,3/27/20,3/27/20,,,
1379,Con,Halsey,chalseyai@example.net,Halsey1379@kuromaku-u.org,F,10/26/05,2028,2028,AFR,AER,UND,970-111-5378,605-555-0145,1379.png,t,3/27/20,3/27/20,,,
1380,Brandi,Switland,bswitlandaj@example.com,Switland1380@kuromaku-u.org,F,10/3/07,2030,2030,HSP,NUC,MAN,970-111-5379,862-555-0176,1380.png,t,3/27/20,3/27/20,,,
1381,Lindsey,Marden,lmardenak@example.com,Marden1381@kuromaku-u.org,M,1/5/07,2029,2029,ASN,MEC,UND,970-111-5380,952-555-0107,1381.png,t,3/27/20,3/27/20,,,
1382,Vanni,Tocque,vtocqueal@example.com,Tocque1382@kuromaku-u.org,F,11/11/07,2030,2030,HSP,COM,UND,970-111-5381,212-555-0117,1382.png,t,3/27/20,3/27/20,,,
1383,Dominique,Shemmans,dshemmansam@example.com,Shemmans1383@kuromaku-u.org,F,2/2/07,2029,2029,HSP,MAT,UND,970-111-5382,971-555-0147,1383.png,t,3/27/20,3/27/20,,,
1384,Elke,Robbs,erobbsan@example.com,Robbs1384@kuromaku-u.org,F,11/24/07,2030,2030,ASN,MAT,UND,970-111-5383,360-555-0170,1384.png,t,3/27/20,3/27/20,,,
1385,Coretta,Braidwood,cbraidwoodao@example.com,Braidwood1385@kuromaku-u.org,F,12/6/07,2030,2030,HSP,CHE,ENG,970-111-5384,415-555-0124,1385.png,t,3/27/20,3/27/20,,,
1386,Griswold,Eustis,geustisap@example.org,Eustis1386@kuromaku-u.org,M,11/21/07,2030,2030,WHT,CIV,UND,970-111-5385,682-555-0175,1386.png,t,3/27/20,3/27/20,,,
1387,Sande,Scalera,sscaleraaq@example.com,Scalera1387@kuromaku-u.org,F,10/6/05,2028,2028,AFR,CIV,NUC,970-111-5386,325-555-0120,1387.png,t,3/27/20,3/27/20,,,
1388,Kass,Bourget,kbourgetar@example.com,Bourget1388@kuromaku-u.org,F,10/15/06,2029,2029,ASN,CHE,UND,970-111-5387,903-555-0138,1388.png,t,3/27/20,3/27/20,,,
1389,Kelvin,Kas,kkasas@example.com,Kas1389@kuromaku-u.org,M,1/8/06,2028,2028,HSP,MAT,CIV,970-111-5388,202-555-0127,1389.png,t,3/27/20,3/27/20,,,
1390,Rourke,MacIntosh,rmacintoshat@example.com,MacIntosh1390@kuromaku-u.org,M,9/3/05,2028,2028,HSP,MAT,UND,970-111-5389,785-555-0166,1390.png,t,3/27/20,3/27/20,,,
1391,Vin,Brasener,vbrasenerau@example.com,Brasener1391@kuromaku-u.org,F,7/16/06,2028,2028,AFR,CHE,UND,970-111-5390,281-555-0127,1391.png,t,3/27/20,3/27/20,,,
1392,Jeramie,Strike,jstrikeav@example.com,Strike1392@kuromaku-u.org,M,4/12/05,2027,2027,ASN,COM,MAT,970-111-5391,617-555-0133,1392.png,t,3/27/20,3/27/20,,,
1393,Shurlocke,Garmans,sgarmansaw@example.com,Garmans1393@kuromaku-u.org,M,1/23/07,2029,2029,HSP,MAN,ENG,970-111-5392,702-555-0154,1393.png,t,3/27/20,3/27/20,,,
1394,Cobbie,Pleager,cpleagerax@example.com,Pleager1394@kuromaku-u.org,M,12/26/04,2027,2027,AFR,AER,UND,970-111-5393,937-555-0186,1394.png,t,3/27/20,3/27/20,,,
1395,Wilfred,Ridewood,wridewooday@example.com,Ridewood1395@kuromaku-u.org,M,5/2/08,2030,2030,WHT,MEC,UND,970-111-5394,817-555-0198,1395.png,t,3/27/20,3/27/20,,,
1396,Antoni,Breazeall,abreazeallaz@example.com,Breazeall1396@kuromaku-u.org,M,9/6/07,2030,2030,HSP,COM,ENG,970-111-5395,312-555-0183,1396.png,t,3/27/20,3/27/20,,,
1397,Darlene,Marsham,dmarshamb0@example.com,Marsham1397@kuromaku-u.org,F,8/22/05,2027,2027,ASN,NUC,UND,970-111-5396,216-555-0114,1397.png,t,3/27/20,3/27/20,,,
1398,Marthe,Cram,mcramb1@example.org,Cram1398@kuromaku-u.org,F,8/31/05,2027,2027,ASN,CHE,UND,970-111-5397,937-555-0155,1398.png,t,3/27/20,3/27/20,,,
1399,Happy,Koubu,hkoubub2@example.com,Koubu1399@kuromaku-u.org,F,9/26/06,2029,2029,AFR,AER,UND,970-111-5398,916-555-0177,1399.png,t,3/27/20,3/27/20,,,
1400,Mead,Brolan,mbrolanb3@example.org,Brolan1400@kuromaku-u.org,M,4/8/05,2027,2027,ASN,CIV,UND,970-111-5399,321-555-0164,1400.png,t,3/27/20,3/27/20,,,
1401,Miguela,Iacopini,miacopinib4@example.com,Iacopini1401@kuromaku-u.org,F,6/19/07,2029,2029,HSP,MAT,UND,970-111-5400,915-555-0167,1401.png,t,3/27/20,3/27/20,,,
1402,Nicholle,Danilchenko,ndanilchenkob5@example.org,Danilchenko1402@kuromaku-u.org,F,4/28/08,2030,2030,HSP,NUC,MAN,970-111-5401,661-555-0122,1402.png,t,3/27/20,3/27/20,,,
1403,Brnaby,Dumphries,bdumphriesb6@example.org,Dumphries1403@kuromaku-u.org,M,2/24/08,2030,2030,HSP,NUC,UND,970-111-5402,225-555-0193,1403.png,t,3/27/20,3/27/20,,,
1404,Miltie,Lafoy,mlafoyb7@example.net,Lafoy1404@kuromaku-u.org,M,11/13/05,2028,2028,HSP,MAN,MAT,970-111-5403,682-555-0120,1404.png,t,3/27/20,3/27/20,,,
1405,Christean,Brazil,cbrazilb8@example.net,Brazil1405@kuromaku-u.org,F,8/6/05,2027,2027,AFR,MEC,MAN,970-111-5404,651-555-0138,1405.png,t,3/27/20,3/27/20,,,
1406,Jude,Barniss,jbarnissb9@example.net,Barniss1406@kuromaku-u.org,M,12/5/05,2028,2028,ASN,CIV,UND,970-111-5405,913-555-0168,1406.png,t,3/27/20,3/27/20,,,
1407,Clarissa,Bestwerthick,cbestwerthickba@example.org,Bestwerthick1407@kuromaku-u.org,F,4/13/07,2029,2029,HSP,MAN,AER,970-111-5406,229-555-0138,1407.png,t,3/27/20,3/27/20,,,
1408,Paige,Strike,pstrikebb@example.com,Strike1408@kuromaku-u.org,F,8/20/05,2027,2027,ASN,ENG,UND,970-111-5407,502-555-0130,1408.png,t,3/27/20,3/27/20,,,
1409,Andra,Goodbarne,agoodbarnebc@example.com,Goodbarne1409@kuromaku-u.org,F,10/18/06,2029,2029,ASN,MAT,UND,970-111-5408,612-555-0119,1409.png,t,3/27/20,3/27/20,,,
1410,Georgia,Haryngton,gharyngtonbd@example.org,Haryngton1410@kuromaku-u.org,F,3/13/07,2029,2029,AFR,CHE,UND,970-111-5409,503-555-0130,1410.png,t,3/27/20,3/27/20,,,
1411,Helaina,Espinheira,hespinheirabe@example.com,Espinheira1411@kuromaku-u.org,F,8/19/06,2028,2028,AFR,MEC,UND,970-111-5410,704-555-0190,1411.png,t,3/27/20,3/27/20,,,
1412,Michele,Whitehorne,mwhitehornebf@example.org,Whitehorne1412@kuromaku-u.org,M,3/5/08,2030,2030,WHT,MAT,UND,970-111-5411,205-555-0172,1412.png,t,3/27/20,3/27/20,,,
1413,Theodora,Timpany,ttimpanybg@example.com,Timpany1413@kuromaku-u.org,F,3/5/06,2028,2028,WHT,MAN,UND,970-111-5412,816-555-0140,1413.png,t,3/27/20,3/27/20,,,
1414,Catlin,Ferrier,cferrierbh@example.com,Ferrier1414@kuromaku-u.org,F,6/23/08,2030,2030,AFR,COM,UND,970-111-5413,719-555-0185,1414.png,t,3/27/20,3/27/20,,,
1415,Dede,Patriche,dpatrichebi@example.com,Patriche1415@kuromaku-u.org,F,8/28/05,2027,2027,AFR,CIV,UND,970-111-5414,757-555-0130,1415.png,t,3/27/20,3/27/20,,,
1416,Glenn,Grishechkin,ggrishechkinbj@example.com,Grishechkin1416@kuromaku-u.org,F,11/2/06,2029,2029,ASN,MAN,UND,970-111-5415,828-555-0107,1416.png,t,3/27/20,3/27/20,,,
1417,Wolfy,Tolomio,wtolomiobk@example.org,Tolomio1417@kuromaku-u.org,M,3/1/07,2029,2029,HSP,AER,CIV,970-111-5416,317-555-0109,1417.png,t,3/27/20,3/27/20,,,
1418,Anthony,Biernat,abiernatbl@example.net,Biernat1418@kuromaku-u.org,M,10/12/05,2028,2028,WHT,NUC,UND,970-111-5417,718-555-0116,1418.png,t,3/27/20,3/27/20,,,
1419,Evered,Smaile,esmailebm@example.com,Smaile1419@kuromaku-u.org,M,5/18/07,2029,2029,AFR,AER,ENG,970-111-5418,704-555-0176,1419.png,t,3/27/20,3/27/20,,,
1420,Ailey,Balogh,abaloghbn@example.com,Balogh1420@kuromaku-u.org,F,4/6/06,2028,2028,AFR,NUC,UND,970-111-5419,281-555-0183,1420.png,t,3/27/20,3/27/20,,,
1421,Charlena,Hoggin,chogginbo@example.com,Hoggin1421@kuromaku-u.org,F,4/18/06,2028,2028,ASN,MAT,AER,970-111-5420,586-555-0107,1421.png,t,3/27/20,3/27/20,,,
1422,Scottie,Norcross,snorcrossbp@example.org,Norcross1422@kuromaku-u.org,M,4/19/05,2027,2027,AFR,MEC,CHE,970-111-5421,915-555-0101,1422.png,t,3/27/20,3/27/20,,,
1423,Webb,Grandisson,wgrandissonbq@example.org,Grandisson1423@kuromaku-u.org,M,10/18/06,2029,2029,AFR,MEC,UND,970-111-5422,714-555-0162,1423.png,t,3/27/20,3/27/20,,,
1424,Marlow,Worwood,mworwoodbr@example.com,Worwood1424@kuromaku-u.org,M,4/7/07,2029,2029,WHT,CHE,UND,970-111-5423,865-555-0142,1424.png,t,3/27/20,3/27/20,,,
1425,Garreth,Duddin,gduddinbs@example.com,Duddin1425@kuromaku-u.org,M,11/27/07,2030,2030,HSP,AER,ENG,970-111-5424,602-555-0124,1425.png,t,3/27/20,3/27/20,,,
1426,Ransom,Gimblett,rgimblettbt@example.com,Gimblett1426@kuromaku-u.org,M,6/12/06,2028,2028,AFR,MEC,UND,970-111-5425,818-555-0193,1426.png,t,3/27/20,3/27/20,,,
1427,Hebert,Bishopp,hbishoppbu@example.com,Bishopp1427@kuromaku-u.org,M,2/11/08,2030,2030,AFR,CHE,MAT,970-111-5426,313-555-0101,1427.png,t,3/27/20,3/27/20,,,
1428,Erskine,Warne,ewarnebv@example.com,Warne1428@kuromaku-u.org,M,10/24/05,2028,2028,HSP,ENG,UND,970-111-5427,501-555-0121,1428.png,t,3/27/20,3/27/20,,,
1429,Odey,Shird,oshirdbw@example.net,Shird1429@kuromaku-u.org,M,5/30/06,2028,2028,AFR,MEC,UND,970-111-5428,562-555-0110,1429.png,t,3/27/20,3/27/20,,,
1430,Lilllie,Pitcaithly,lpitcaithlybx@example.com,Pitcaithly1430@kuromaku-u.org,F,4/30/08,2030,2030,AFR,ENG,UND,970-111-5429,415-555-0169,1430.png,t,3/27/20,3/27/20,,,
1431,Carolee,Fillary,cfillaryby@example.org,Fillary1431@kuromaku-u.org,F,7/14/06,2028,2028,HSP,ENG,UND,970-111-5430,727-555-0173,1431.png,t,3/27/20,3/27/20,,,
1432,Lionello,Walklot,lwalklotbz@example.com,Walklot1432@kuromaku-u.org,M,10/30/06,2029,2029,AFR,CHE,AER,970-111-5431,860-555-0198,1432.png,t,3/27/20,3/27/20,,,
1433,Papageno,Whylie,pwhyliec0@example.net,Whylie1433@kuromaku-u.org,M,6/7/08,2030,2030,ASN,CHE,UND,970-111-5432,202-555-0173,1433.png,t,3/27/20,3/27/20,,,
1434,Burty,Potbury,bpotburyc1@example.com,Potbury1434@kuromaku-u.org,M,7/13/05,2027,2027,WHT,CHE,UND,970-111-5433,801-555-0157,1434.png,t,3/27/20,3/27/20,,,
1435,Granthem,Revance,grevancec2@example.com,Revance1435@kuromaku-u.org,M,11/11/07,2030,2030,AFR,COM,UND,970-111-5434,217-555-0177,1435.png,t,3/27/20,3/27/20,,,
1436,Elvira,Carrol,ecarrolc3@example.com,Carrol1436@kuromaku-u.org,F,9/20/05,2028,2028,HSP,ENG,UND,970-111-5435,208-555-0143,1436.png,t,3/27/20,3/27/20,,,
1437,Genvieve,Tolmie,gtolmiec4@example.com,Tolmie1437@kuromaku-u.org,F,11/17/06,2029,2029,ASN,MAN,UND,970-111-5436,561-555-0185,1437.png,t,3/27/20,3/27/20,,,
1438,Marja,Kunat,mkunatc5@example.net,Kunat1438@kuromaku-u.org,F,2/25/08,2030,2030,AFR,COM,UND,970-111-5437,808-555-0183,1438.png,t,3/27/20,3/27/20,,,
1439,Konstanze,Oakinfold,koakinfoldc6@example.com,Oakinfold1439@kuromaku-u.org,F,9/24/06,2029,2029,HSP,MAT,UND,970-111-5438,205-555-0145,1439.png,t,3/27/20,3/27/20,,,
1440,Muffin,Tuckerman,mtuckermanc7@example.com,Tuckerman1440@kuromaku-u.org,M,7/18/06,2028,2028,HSP,MEC,UND,970-111-5439,559-555-0102,1440.png,t,3/27/20,3/27/20,,,
1441,Cheston,McTeggart,cmcteggartc8@example.com,McTeggart1441@kuromaku-u.org,M,5/3/06,2028,2028,HSP,NUC,UND,970-111-5440,901-555-0175,1441.png,t,3/27/20,3/27/20,,,
1442,Giulietta,Leteurtre,gleteurtrec9@example.net,Leteurtre1442@kuromaku-u.org,F,3/13/06,2028,2028,HSP,MAN,UND,970-111-5441,517-555-0197,1442.png,t,3/27/20,3/27/20,,,
1443,Rock,Curreen,rcurreenca@example.com,Curreen1443@kuromaku-u.org,M,1/1/08,2030,2030,WHT,NUC,COM,970-111-5442,434-555-0136,1443.png,t,3/27/20,3/27/20,,,
1444,Harris,Trout,htroutcb@example.org,Trout1444@kuromaku-u.org,M,3/5/08,2030,2030,ASN,NUC,UND,970-111-5443,909-555-0145,1444.png,t,3/27/20,3/27/20,,,
1445,Etan,Lis,eliscc@example.com,Lis1445@kuromaku-u.org,M,11/1/04,2027,2027,ASN,NUC,UND,970-111-5444,334-555-0185,1445.png,t,3/27/20,3/27/20,,,
1446,Bliss,Lewnden,blewndencd@example.com,Lewnden1446@kuromaku-u.org,F,5/13/06,2028,2028,ASN,NUC,UND,970-111-5445,314-555-0115,1446.png,t,3/27/20,3/27/20,,,
1447,Verena,Tippett,vtippettce@example.com,Tippett1447@kuromaku-u.org,F,4/1/08,2030,2030,WHT,MAN,UND,970-111-5446,585-555-0138,1447.png,t,3/27/20,3/27/20,,,
1448,Goldia,Pellamonuten,gpellamonutencf@example.com,Pellamonuten1448@kuromaku-u.org,F,11/24/07,2030,2030,WHT,AER,UND,970-111-5447,904-555-0117,1448.png,t,3/27/20,3/27/20,,,
1449,Billye,Dwelling,bdwellingcg@example.com,Dwelling1449@kuromaku-u.org,F,7/4/05,2027,2027,ASN,CHE,UND,970-111-5448,210-555-0114,1449.png,t,3/27/20,3/27/20,,,
1450,Hill,Smalles,hsmallesch@example.org,Smalles1450@kuromaku-u.org,M,2/1/07,2029,2029,WHT,COM,AER,970-111-5449,412-555-0177,1450.png,t,3/27/20,3/27/20,,,
1451,Ezequiel,Brandacci,ebrandaccici@example.com,Brandacci1451@kuromaku-u.org,M,5/25/05,2027,2027,WHT,MAT,UND,970-111-5450,915-555-0164,1451.png,t,3/27/20,3/27/20,,,
1452,Ailbert,Andrieu,aandrieucj@example.com,Andrieu1452@kuromaku-u.org,M,8/30/07,2029,2029,AFR,AER,MEC,970-111-5451,202-555-0189,1452.png,t,3/27/20,3/27/20,,,
1453,Leonora,Dingivan,ldingivanck@example.org,Dingivan1453@kuromaku-u.org,F,5/10/08,2030,2030,ASN,CIV,UND,970-111-5452,713-555-0193,1453.png,t,3/27/20,3/27/20,,,
1454,Polly,Hubball,phubballcl@example.net,Hubball1454@kuromaku-u.org,F,8/29/05,2027,2027,HSP,MAN,AER,970-111-5453,724-555-0100,1454.png,t,3/27/20,3/27/20,,,
1455,Shalna,Breitler,sbreitlercm@example.com,Breitler1455@kuromaku-u.org,F,11/17/07,2030,2030,HSP,NUC,UND,970-111-5454,239-555-0113,1455.png,t,3/27/20,3/27/20,,,
1456,Ellerey,Davoren,edavorencn@example.com,Davoren1456@kuromaku-u.org,M,5/7/08,2030,2030,ASN,CIV,UND,970-111-5455,813-555-0128,1456.png,t,3/27/20,3/27/20,,,
1457,Boris,Deamer,bdeamerco@example.org,Deamer1457@kuromaku-u.org,M,8/4/06,2028,2028,WHT,CHE,UND,970-111-5456,920-555-0170,1457.png,t,3/27/20,3/27/20,,,
1458,Frederica,Reville,frevillecp@example.net,Reville1458@kuromaku-u.org,F,3/1/06,2028,2028,HSP,CHE,UND,970-111-5457,425-555-0128,1458.png,t,3/27/20,3/27/20,,,
1459,Prent,Flewitt,pflewittcq@example.com,Flewitt1459@kuromaku-u.org,M,9/25/07,2030,2030,WHT,COM,UND,970-111-5458,971-555-0165,1459.png,t,3/27/20,3/27/20,,,
1460,Jory,Ends,jendscr@example.com,Ends1460@kuromaku-u.org,M,6/26/08,2030,2030,WHT,MAT,UND,970-111-5459,413-555-0164,1460.png,t,3/27/20,3/27/20,,,
1461,Cathe,Cloy,ccloycs@example.org,Cloy1461@kuromaku-u.org,F,10/19/06,2029,2029,AFR,AER,UND,970-111-5460,860-555-0112,1461.png,t,3/27/20,3/27/20,,,
1462,Tailor,Gras,tgrasct@example.org,Gras1462@kuromaku-u.org,M,4/2/07,2029,2029,WHT,CHE,MEC,970-111-5461,205-555-0149,1462.png,t,3/27/20,3/27/20,,,
1463,Judith,Gadault,jgadaultcu@example.com,Gadault1463@kuromaku-u.org,F,1/15/06,2028,2028,HSP,MAN,UND,970-111-5462,972-555-0165,1463.png,t,3/27/20,3/27/20,,,
1464,Jo,de Tocqueville,jdetocquevillecv@example.net,deTocqueville1464@kuromaku-u.org,F,7/28/07,2029,2029,HSP,MAN,UND,970-111-5463,610-555-0119,1464.png,t,3/27/20,3/27/20,,,
1465,Brittaney,Polglaze,bpolglazecw@example.com,Polglaze1465@kuromaku-u.org,F,3/29/08,2030,2030,WHT,NUC,UND,970-111-5464,202-555-0145,1465.png,t,3/27/20,3/27/20,,,
1466,Katleen,Fessby,kfessbycx@example.com,Fessby1466@kuromaku-u.org,F,5/27/05,2027,2027,WHT,CHE,UND,970-111-5465,916-555-0137,1466.png,t,3/27/20,3/27/20,,,
1467,Danella,Trice,dtricecy@example.org,Trice1467@kuromaku-u.org,F,2/11/08,2030,2030,AFR,NUC,UND,970-111-5466,240-555-0154,1467.png,t,3/27/20,3/27/20,,,
1468,Baird,Olivia,boliviacz@example.com,Olivia1468@kuromaku-u.org,M,1/6/05,2027,2027,WHT,MEC,MAT,970-111-5467,214-555-0118,1468.png,t,3/27/20,3/27/20,,,
1469,Becki,Calverd,bcalverdd0@example.com,Calverd1469@kuromaku-u.org,F,3/13/06,2028,2028,AFR,MAN,UND,970-111-5468,208-555-0104,1469.png,t,3/27/20,3/27/20,,,
1470,Yehudit,Pitkins,ypitkinsd1@example.org,Pitkins1470@kuromaku-u.org,M,4/2/06,2028,2028,ASN,AER,UND,970-111-5469,682-555-0191,1470.png,t,3/27/20,3/27/20,,,
1471,Karry,Gillyatt,kgillyattd2@example.com,Gillyatt1471@kuromaku-u.org,F,2/8/05,2027,2027,HSP,NUC,UND,970-111-5470,508-555-0140,1471.png,t,3/27/20,3/27/20,,,
1472,Lynna,Searchwell,lsearchwelld3@example.net,Searchwell1472@kuromaku-u.org,F,2/28/06,2028,2028,HSP,CIV,UND,970-111-5471,309-555-0144,1472.png,t,3/27/20,3/27/20,,,
1473,Gus,Bielby,gbielbyd4@example.com,Bielby1473@kuromaku-u.org,M,11/13/07,2030,2030,AFR,MAN,UND,970-111-5472,303-555-0169,1473.png,t,3/27/20,3/27/20,,,
1474,Murdock,MacSorley,mmacsorleyd5@example.com,MacSorley1474@kuromaku-u.org,M,9/30/06,2029,2029,WHT,MAT,UND,970-111-5473,352-555-0182,1474.png,t,3/27/20,3/27/20,,,
1475,Herrick,Walsh,hwalshd6@example.com,Walsh1475@kuromaku-u.org,M,3/3/05,2027,2027,AFR,ENG,UND,970-111-5474,717-555-0189,1475.png,t,3/27/20,3/27/20,,,
1476,Clea,Lyness,clynessd7@example.net,Lyness1476@kuromaku-u.org,F,2/22/07,2029,2029,WHT,COM,UND,970-111-5475,319-555-0121,1476.png,t,3/27/20,3/27/20,,,
1477,Gratia,Elward,gelwardd8@example.com,Elward1477@kuromaku-u.org,F,8/8/05,2027,2027,WHT,CHE,AER,970-111-5476,318-555-0175,1477.png,t,3/27/20,3/27/20,,,
1478,Bevvy,Mitchall,bmitchalld9@example.com,Mitchall1478@kuromaku-u.org,F,10/12/05,2028,2028,AFR,COM,UND,970-111-5477,512-555-0122,1478.png,t,3/27/20,3/27/20,,,
1479,Pippa,Nelligan,pnelliganda@example.com,Nelligan1479@kuromaku-u.org,F,5/29/07,2029,2029,HSP,NUC,CIV,970-111-5478,410-555-0118,1479.png,t,3/27/20,3/27/20,,,
1480,Annabel,Urion,auriondb@example.org,Urion1480@kuromaku-u.org,F,10/1/06,2029,2029,AFR,AER,MEC,970-111-5479,260-555-0102,1480.png,t,3/27/20,3/27/20,,,
1481,Delia,Fowell,dfowelldc@example.org,Fowell1481@kuromaku-u.org,F,4/21/07,2029,2029,HSP,MEC,ENG,970-111-5480,801-555-0153,1481.png,t,3/27/20,3/27/20,,,
1482,Albie,Antonutti,aantonuttidd@example.com,Antonutti1482@kuromaku-u.org,M,11/16/04,2027,2027,WHT,CIV,MAT,970-111-5481,518-555-0178,1482.png,t,3/27/20,3/27/20,,,
1483,Riobard,Tatton,rtattonde@example.com,Tatton1483@kuromaku-u.org,M,6/10/06,2028,2028,AFR,AER,MEC,970-111-5482,312-555-0195,1483.png,t,3/27/20,3/27/20,,,
1484,Wendye,Kimbury,wkimburydf@example.com,Kimbury1484@kuromaku-u.org,F,3/3/08,2030,2030,AFR,CHE,UND,970-111-5483,212-555-0148,1484.png,t,3/27/20,3/27/20,,,
1485,Vilma,Niezen,vniezendg@example.org,Niezen1485@kuromaku-u.org,F,3/6/08,2030,2030,AFR,CHE,UND,970-111-5484,650-555-0168,1485.png,t,3/27/20,3/27/20,,,
1486,Orlando,McVitie,omcvitiedh@example.com,McVitie1486@kuromaku-u.org,M,9/19/06,2029,2029,WHT,ENG,UND,970-111-5485,415-555-0108,1486.png,t,3/27/20,3/27/20,,,
1487,Raeann,Meth,rmethdi@example.com,Meth1487@kuromaku-u.org,F,10/4/05,2028,2028,HSP,MEC,UND,970-111-5486,608-555-0138,1487.png,t,3/27/20,3/27/20,,,
1488,Josh,Sommersett,jsommersettdj@example.com,Sommersett1488@kuromaku-u.org,M,6/29/05,2027,2027,AFR,MAT,UND,970-111-5487,714-555-0105,1488.png,t,3/27/20,3/27/20,,,
1489,Natalee,Jakubovits,njakubovitsdk@example.com,Jakubovits1489@kuromaku-u.org,F,5/28/06,2028,2028,ASN,NUC,UND,970-111-5488,704-555-0133,1489.png,t,3/27/20,3/27/20,,,
1490,Annelise,Malling,amallingdl@example.com,Malling1490@kuromaku-u.org,F,7/6/07,2029,2029,ASN,CHE,UND,970-111-5489,775-555-0144,1490.png,t,3/27/20,3/27/20,,,
1491,Arlette,Chandlar,achandlardm@example.com,Chandlar1491@kuromaku-u.org,F,1/14/06,2028,2028,HSP,CHE,UND,970-111-5490,908-555-0102,1491.png,t,3/27/20,3/27/20,,,
1492,Alisun,Dillon,adillondn@example.com,Dillon1492@kuromaku-u.org,F,12/22/07,2030,2030,ASN,MAT,ENG,970-111-5491,571-555-0149,1492.png,t,3/27/20,3/27/20,,,
1493,Toby,Andersen,tandersendo@example.com,Andersen1493@kuromaku-u.org,M,8/2/05,2027,2027,HSP,MAN,NUC,970-111-5492,310-555-0167,1493.png,t,3/27/20,3/27/20,,,
1494,Jerome,Bromehed,jbromeheddp@example.com,Bromehed1494@kuromaku-u.org,M,12/29/04,2027,2027,AFR,AER,UND,970-111-5493,919-555-0101,1494.png,t,3/27/20,3/27/20,,,
1495,Kelsey,Syvret,ksyvretdq@example.net,Syvret1495@kuromaku-u.org,F,4/19/06,2028,2028,HSP,ENG,UND,970-111-5494,786-555-0114,1495.png,t,3/27/20,3/27/20,,,
1496,Sigfried,Scandred,sscandreddr@example.com,Scandred1496@kuromaku-u.org,M,5/26/06,2028,2028,WHT,MAT,UND,970-111-5495,313-555-0112,1496.png,t,3/27/20,3/27/20,,,
1497,Hermia,Danilin,hdanilinds@example.org,Danilin1497@kuromaku-u.org,F,7/14/08,2030,2030,AFR,MAN,UND,970-111-5496,513-555-0119,1497.png,t,3/27/20,3/27/20,,,
1498,Denys,Skitteral,dskitteraldt@example.com,Skitteral1498@kuromaku-u.org,M,7/19/06,2028,2028,WHT,MAN,UND,970-111-5497,312-555-0116,1498.png,t,3/27/20,3/27/20,,,
1499,Verne,Randerson,vrandersondu@example.com,Randerson1499@kuromaku-u.org,M,12/27/06,2029,2029,WHT,COM,UND,970-111-5498,913-555-0189,1499.png,t,3/27/20,3/27/20,,,
1500,Kerstin,Temby,ktembydv@example.com,Temby1500@kuromaku-u.org,F,3/26/06,2028,2028,HSP,COM,UND,970-111-5499,408-555-0116,1500.png,t,3/27/20,3/27/20,,,
1501,Sandro,Barnewelle,sbarnewelledw@example.com,Barnewelle1501@kuromaku-u.org,M,10/30/05,2028,2028,AFR,MAN,ENG,970-111-5500,415-555-0162,1501.png,t,3/27/20,3/27/20,,,
1502,Orville,Cheyne,ocheynedx@example.com,Cheyne1502@kuromaku-u.org,M,5/22/07,2029,2029,ASN,MAN,UND,970-111-5501,614-555-0128,1502.png,t,3/27/20,3/27/20,,,
1503,Celine,Farbrace,cfarbracedy@example.com,Farbrace1503@kuromaku-u.org,F,7/27/08,2030,2030,ASN,NUC,ENG,970-111-5502,859-555-0155,1503.png,t,3/27/20,3/27/20,,,
1504,Elmore,Cholerton,echolertondz@example.com,Cholerton1504@kuromaku-u.org,M,8/22/05,2027,2027,HSP,CIV,UND,970-111-5503,615-555-0167,1504.png,t,3/27/20,3/27/20,,,
1505,Puff,Trigwell,ptrigwelle0@example.com,Trigwell1505@kuromaku-u.org,M,2/1/07,2029,2029,WHT,MAT,UND,970-111-5504,714-555-0163,1505.png,t,3/27/20,3/27/20,,,
1506,Randolf,Monnoyer,rmonnoyere1@example.net,Monnoyer1506@kuromaku-u.org,M,3/1/05,2027,2027,AFR,AER,UND,970-111-5505,570-555-0161,1506.png,t,3/27/20,3/27/20,,,
1507,Terry,Verchambre,tverchambree2@example.com,Verchambre1507@kuromaku-u.org,M,2/10/08,2030,2030,WHT,MEC,MAT,970-111-5506,949-555-0193,1507.png,t,3/27/20,3/27/20,,,
1508,Lissi,Pancast,lpancaste3@example.com,Pancast1508@kuromaku-u.org,F,2/7/06,2028,2028,WHT,CHE,CIV,970-111-5507,775-555-0104,1508.png,t,3/27/20,3/27/20,,,
1509,Mallorie,Spellacey,mspellaceye4@example.org,Spellacey1509@kuromaku-u.org,F,11/6/05,2028,2028,AFR,AER,UND,970-111-5508,217-555-0158,1509.png,t,3/27/20,3/27/20,,,
1510,Jimmy,Macellar,jmacellare5@example.com,Macellar1510@kuromaku-u.org,M,12/13/07,2030,2030,ASN,CHE,UND,970-111-5509,915-555-0160,1510.png,t,3/27/20,3/27/20,,,
1511,Vernice,Moakes,vmoakese6@example.org,Moakes1511@kuromaku-u.org,F,9/25/06,2029,2029,AFR,CHE,UND,970-111-5510,623-555-0144,1511.png,t,3/27/20,3/27/20,,,
1512,Myrtice,Friar,mfriare7@example.org,Friar1512@kuromaku-u.org,F,4/22/05,2027,2027,AFR,MAT,UND,970-111-5511,304-555-0188,1512.png,t,3/27/20,3/27/20,,,
1513,Jaquenetta,Dibnah,jdibnahe8@example.org,Dibnah1513@kuromaku-u.org,F,6/27/07,2029,2029,WHT,CHE,CIV,970-111-5512,202-555-0146,1513.png,t,3/27/20,3/27/20,,,
1514,Tyrone,Bussens,tbussense9@example.com,Bussens1514@kuromaku-u.org,M,4/12/08,2030,2030,WHT,AER,UND,970-111-5513,214-555-0169,1514.png,t,3/27/20,3/27/20,,,
1515,Rourke,Askey,raskeyea@example.net,Askey1515@kuromaku-u.org,M,8/12/08,2030,2030,AFR,CIV,UND,970-111-5514,412-555-0157,1515.png,t,3/27/20,3/27/20,,,
1516,Tiffanie,Botham,tbothameb@example.com,Botham1516@kuromaku-u.org,F,4/4/06,2028,2028,HSP,COM,UND,970-111-5515,662-555-0158,1516.png,t,3/27/20,3/27/20,,,
1517,Feliks,MacLardie,fmaclardieec@example.com,MacLardie1517@kuromaku-u.org,M,10/24/04,2027,2027,HSP,MAT,UND,970-111-5516,616-555-0116,1517.png,t,3/27/20,3/27/20,,,
1518,Marcel,Silverthorne,msilverthorneed@example.com,Silverthorne1518@kuromaku-u.org,M,5/17/07,2029,2029,AFR,AER,UND,970-111-5517,325-555-0157,1518.png,t,3/27/20,3/27/20,,,
1519,Feodor,Minshaw,fminshawee@example.com,Minshaw1519@kuromaku-u.org,M,4/30/06,2028,2028,AFR,COM,UND,970-111-5518,651-555-0123,1519.png,t,3/27/20,3/27/20,,,
1520,Marni,Rouf,mroufef@example.org,Rouf1520@kuromaku-u.org,F,7/24/05,2027,2027,AFR,CIV,ENG,970-111-5519,734-555-0173,1520.png,t,3/27/20,3/27/20,,,
1521,Farley,Tuison,ftuisoneg@example.com,Tuison1521@kuromaku-u.org,M,4/6/07,2029,2029,ASN,MAT,ENG,970-111-5520,513-555-0194,1521.png,t,3/27/20,3/27/20,,,
1522,Verine,Grebner,vgrebnereh@example.com,Grebner1522@kuromaku-u.org,F,2/7/07,2029,2029,ASN,CIV,UND,970-111-5521,407-555-0163,1522.png,t,3/27/20,3/27/20,,,
1523,Garvin,Hens,ghensei@example.net,Hens1523@kuromaku-u.org,M,6/17/08,2030,2030,WHT,CIV,UND,970-111-5522,702-555-0112,1523.png,t,3/27/20,3/27/20,,,
1524,Jacobo,Hassur,jhassurej@example.net,Hassur1524@kuromaku-u.org,M,3/14/06,2028,2028,HSP,CHE,UND,970-111-5523,716-555-0124,1524.png,t,3/27/20,3/27/20,,,
1525,Stan,Enticott,senticottek@example.net,Enticott1525@kuromaku-u.org,M,1/29/06,2028,2028,AFR,AER,COM,970-111-5524,713-555-0197,1525.png,t,3/27/20,3/27/20,,,
1526,Melisse,Polak,mpolakel@example.com,Polak1526@kuromaku-u.org,F,3/24/07,2029,2029,ASN,CIV,NUC,970-111-5525,862-555-0168,1526.png,t,3/27/20,3/27/20,,,
1527,Delbert,Alyukin,dalyukinem@example.com,Alyukin1527@kuromaku-u.org,M,3/14/08,2030,2030,HSP,AER,UND,970-111-5526,267-555-0151,1527.png,t,3/27/20,3/27/20,,,
1528,Lief,Peedell,lpeedellen@example.com,Peedell1528@kuromaku-u.org,M,8/22/08,2030,2030,AFR,NUC,UND,970-111-5527,816-555-0149,1528.png,t,3/27/20,3/27/20,,,
1529,Christophorus,Neill,cneilleo@example.com,Neill1529@kuromaku-u.org,M,2/21/07,2029,2029,AFR,MAT,UND,970-111-5528,570-555-0137,1529.png,t,3/27/20,3/27/20,,,
1530,Demetria,Kording,dkordingep@example.com,Kording1530@kuromaku-u.org,F,11/4/06,2029,2029,AFR,CIV,NUC,970-111-5529,765-555-0121,1530.png,t,3/27/20,3/27/20,,,
1531,Xever,Cheesley,xcheesleyeq@example.com,Cheesley1531@kuromaku-u.org,M,1/25/06,2028,2028,WHT,AER,NUC,970-111-5530,646-555-0152,1531.png,t,3/27/20,3/27/20,,,
1532,Zorine,Ratt,zratter@example.org,Ratt1532@kuromaku-u.org,F,3/23/07,2029,2029,WHT,CHE,UND,970-111-5531,424-555-0154,1532.png,t,3/27/20,3/27/20,,,
1533,Lockwood,Foulis,lfoulises@example.com,Foulis1533@kuromaku-u.org,M,1/10/05,2027,2027,HSP,NUC,UND,970-111-5532,216-555-0161,1533.png,t,3/27/20,3/27/20,,,
1534,Desiree,Rihanek,drihaneket@example.org,Rihanek1534@kuromaku-u.org,F,11/14/05,2028,2028,HSP,CIV,UND,970-111-5533,916-555-0163,1534.png,t,3/27/20,3/27/20,,,
1535,Vinnie,Nucci,vnuccieu@example.com,Nucci1535@kuromaku-u.org,F,11/18/05,2028,2028,ASN,COM,NUC,970-111-5534,313-555-0163,1535.png,t,3/27/20,3/27/20,,,
1536,Arda,Bromwich,abromwichev@example.net,Bromwich1536@kuromaku-u.org,F,11/14/06,2029,2029,WHT,AER,UND,970-111-5535,810-555-0112,1536.png,t,3/27/20,3/27/20,,,
1537,Mora,Deeley,mdeeleyew@example.com,Deeley1537@kuromaku-u.org,F,11/15/04,2027,2027,WHT,NUC,MAN,970-111-5536,314-555-0182,1537.png,t,3/27/20,3/27/20,,,
1538,Benjy,Cundy,bcundyex@example.com,Cundy1538@kuromaku-u.org,M,1/4/05,2027,2027,AFR,NUC,UND,970-111-5537,202-555-0170,1538.png,t,3/27/20,3/27/20,,,
1539,Beatrisa,Dunne,bdunneey@example.com,Dunne1539@kuromaku-u.org,F,10/11/06,2029,2029,HSP,ENG,UND,970-111-5538,502-555-0120,1539.png,t,3/27/20,3/27/20,,,
1540,Jacobo,Bogaert,jbogaertez@example.com,Bogaert1540@kuromaku-u.org,M,10/22/06,2029,2029,WHT,NUC,CIV,970-111-5539,970-555-0132,1540.png,t,3/27/20,3/27/20,,,
1541,Phil,Litherland,plitherlandf0@example.org,Litherland1541@kuromaku-u.org,M,3/6/05,2027,2027,ASN,MAT,AER,970-111-5540,585-555-0185,1541.png,t,3/27/20,3/27/20,,,
1542,Rhody,Cainey,rcaineyf1@example.com,Cainey1542@kuromaku-u.org,F,11/10/04,2027,2027,AFR,MAT,UND,970-111-5541,832-555-0136,1542.png,t,3/27/20,3/27/20,,,
1543,Bette-ann,Boat,bboatf2@example.org,Boat1543@kuromaku-u.org,F,12/1/07,2030,2030,ASN,ENG,MAN,970-111-5542,814-555-0104,1543.png,t,3/27/20,3/27/20,,,
1544,Quentin,Flageul,qflageulf3@example.com,Flageul1544@kuromaku-u.org,M,12/11/04,2027,2027,HSP,MAN,CIV,970-111-5543,215-555-0153,1544.png,t,3/27/20,3/27/20,,,
1545,Mikkel,Cornewell,mcornewellf4@example.com,Cornewell1545@kuromaku-u.org,M,3/27/05,2027,2027,WHT,COM,UND,970-111-5544,202-555-0152,1545.png,t,3/27/20,3/27/20,,,
1546,Stefan,Hazzard,shazzardf5@example.org,Hazzard1546@kuromaku-u.org,M,5/24/07,2029,2029,AFR,MEC,UND,970-111-5545,609-555-0189,1546.png,t,3/27/20,3/27/20,,,
1547,Robin,Warnes,rwarnesf6@example.net,Warnes1547@kuromaku-u.org,M,6/2/07,2029,2029,WHT,CIV,UND,970-111-5546,414-555-0157,1547.png,t,3/27/20,3/27/20,,,
1548,Jae,Corwood,jcorwoodf7@example.com,Corwood1548@kuromaku-u.org,M,4/14/07,2029,2029,AFR,ENG,COM,970-111-5547,323-555-0122,1548.png,t,3/27/20,3/27/20,,,
1549,Rachel,Armatage,rarmatagef8@example.com,Armatage1549@kuromaku-u.org,F,8/24/05,2027,2027,WHT,NUC,UND,970-111-5548,412-555-0199,1549.png,t,3/27/20,3/27/20,,,
1550,Haley,McGibbon,hmcgibbonf9@example.org,McGibbon1550@kuromaku-u.org,F,4/24/05,2027,2027,HSP,AER,UND,970-111-5549,702-555-0195,1550.png,t,3/27/20,3/27/20,,,
1551,Antonie,Labone,alabonefa@example.org,Labone1551@kuromaku-u.org,F,2/23/07,2029,2029,HSP,CIV,AER,970-111-5550,954-555-0134,1551.png,t,3/27/20,3/27/20,,,
1552,Graig,Sarsfield,gsarsfieldfb@example.com,Sarsfield1552@kuromaku-u.org,M,11/6/06,2029,2029,HSP,CHE,MAN,970-111-5551,513-555-0108,1552.png,t,3/27/20,3/27/20,,,
1553,Gradeigh,Scamwell,gscamwellfc@example.org,Scamwell1553@kuromaku-u.org,M,7/18/08,2030,2030,AFR,CIV,AER,970-111-5552,505-555-0132,1553.png,t,3/27/20,3/27/20,,,
1554,Amie,Fliege,afliegefd@example.org,Fliege1554@kuromaku-u.org,F,4/15/05,2027,2027,WHT,MAT,UND,970-111-5553,801-555-0100,1554.png,t,3/27/20,3/27/20,,,
1555,Corty,Egdale,cegdalefe@example.net,Egdale1555@kuromaku-u.org,M,1/25/05,2027,2027,ASN,MEC,UND,970-111-5554,785-555-0175,1555.png,t,3/27/20,3/27/20,,,
1556,Eddi,Newcomb,enewcombff@example.org,Newcomb1556@kuromaku-u.org,F,10/13/04,2027,2027,WHT,MAT,UND,970-111-5555,971-555-0185,1556.png,t,3/27/20,3/27/20,,,
1557,Edeline,Aldham,ealdhamfg@example.com,Aldham1557@kuromaku-u.org,F,8/2/08,2030,2030,ASN,CIV,ENG,970-111-5556,571-555-0165,1557.png,t,3/27/20,3/27/20,,,
1558,Carolus,Hymor,chymorfh@example.com,Hymor1558@kuromaku-u.org,M,4/19/06,2028,2028,ASN,NUC,UND,970-111-5557,309-555-0138,1558.png,t,3/27/20,3/27/20,,,
1559,Beau,Dodell,bdodellfi@example.com,Dodell1559@kuromaku-u.org,M,7/5/06,2028,2028,WHT,CHE,UND,970-111-5558,203-555-0180,1559.png,t,3/27/20,3/27/20,,,
1560,Xymenes,McLarens,xmclarensfj@example.com,McLarens1560@kuromaku-u.org,M,2/17/06,2028,2028,ASN,CHE,UND,970-111-5559,214-555-0187,1560.png,t,3/27/20,3/27/20,,,
1561,Ava,Reeday,areedayfk@example.com,Reeday1561@kuromaku-u.org,F,6/16/06,2028,2028,HSP,AER,ENG,970-111-5560,202-555-0184,1561.png,t,3/27/20,3/27/20,,,
1562,Hanson,Macvain,hmacvainfl@example.net,Macvain1562@kuromaku-u.org,M,6/28/08,2030,2030,AFR,AER,NUC,970-111-5561,727-555-0138,1562.png,t,3/27/20,3/27/20,,,
1563,Drucill,Pinnere,dpinnerefm@example.net,Pinnere1563@kuromaku-u.org,F,11/1/07,2030,2030,WHT,CIV,MAN,970-111-5562,816-555-0188,1563.png,t,3/27/20,3/27/20,,,
1564,Julina,Seargeant,jseargeantfn@example.org,Seargeant1564@kuromaku-u.org,F,12/2/05,2028,2028,ASN,AER,UND,970-111-5563,302-555-0181,1564.png,t,3/27/20,3/27/20,,,
1565,Wilt,Ismail,wismailfo@example.com,Ismail1565@kuromaku-u.org,M,10/12/07,2030,2030,AFR,MEC,UND,970-111-5564,509-555-0138,1565.png,t,3/27/20,3/27/20,,,
1566,Kania,Blaxall,kblaxallfp@example.net,Blaxall1566@kuromaku-u.org,F,2/11/07,2029,2029,ASN,NUC,UND,970-111-5565,479-555-0119,1566.png,t,3/27/20,3/27/20,,,
1567,Torrin,Cody,tcodyfq@example.com,Cody1567@kuromaku-u.org,M,1/2/05,2027,2027,HSP,CHE,ENG,970-111-5566,915-555-0142,1567.png,t,3/27/20,3/27/20,,,
1568,Carlee,Fearnyough,cfearnyoughfr@example.com,Fearnyough1568@kuromaku-u.org,F,10/21/05,2028,2028,AFR,MAN,UND,970-111-5567,801-555-0152,1568.png,t,3/27/20,3/27/20,,,
1569,Jarrid,Skpsey,jskpseyfs@example.com,Skpsey1569@kuromaku-u.org,M,10/4/04,2027,2027,HSP,AER,UND,970-111-5568,702-555-0144,1569.png,t,3/27/20,3/27/20,,,
1570,Standford,Bettam,sbettamft@example.org,Bettam1570@kuromaku-u.org,M,4/22/07,2029,2029,ASN,MEC,NUC,970-111-5569,504-555-0126,1570.png,t,3/27/20,3/27/20,,,
1571,Ty,Clemes,tclemesfu@example.com,Clemes1571@kuromaku-u.org,M,4/20/08,2030,2030,HSP,COM,MAT,970-111-5570,412-555-0100,1571.png,t,3/27/20,3/27/20,,,
1572,Grove,Muckeen,gmuckeenfv@example.org,Muckeen1572@kuromaku-u.org,M,11/14/07,2030,2030,HSP,ENG,UND,970-111-5571,813-555-0155,1572.png,t,3/27/20,3/27/20,,,
1573,Mona,Fairhead,mfairheadfw@example.com,Fairhead1573@kuromaku-u.org,F,2/6/05,2027,2027,WHT,ENG,CHE,970-111-5572,513-555-0182,1573.png,t,3/27/20,3/27/20,,,
1574,Lutero,Amps,lampsfx@example.com,Amps1574@kuromaku-u.org,M,6/1/06,2028,2028,AFR,MAT,UND,970-111-5573,913-555-0106,1574.png,t,3/27/20,3/27/20,,,
1575,Kaylee,Howood,khowoodfy@example.net,Howood1575@kuromaku-u.org,F,12/17/06,2029,2029,HSP,COM,UND,970-111-5574,706-555-0136,1575.png,t,3/27/20,3/27/20,,,
1576,Loralee,Dykas,ldykasfz@example.net,Dykas1576@kuromaku-u.org,F,2/19/07,2029,2029,HSP,MAT,UND,970-111-5575,702-555-0100,1576.png,t,3/27/20,3/27/20,,,
1577,Trescha,Scarsbrick,tscarsbrickg0@example.org,Scarsbrick1577@kuromaku-u.org,F,3/23/08,2030,2030,WHT,CHE,UND,970-111-5576,562-555-0131,1577.png,t,3/27/20,3/27/20,,,
1578,Teodoro,Domanek,tdomanekg1@example.com,Domanek1578@kuromaku-u.org,M,8/15/07,2029,2029,ASN,AER,UND,970-111-5577,412-555-0101,1578.png,t,3/27/20,3/27/20,,,
1579,Clerkclaude,Stainburn,cstainburng2@example.com,Stainburn1579@kuromaku-u.org,M,9/20/05,2028,2028,AFR,ENG,UND,970-111-5578,562-555-0109,1579.png,t,3/27/20,3/27/20,,,
1580,Derward,Volante,dvolanteg3@example.org,Volante1580@kuromaku-u.org,M,1/3/05,2027,2027,HSP,MEC,UND,970-111-5579,661-555-0182,1580.png,t,3/27/20,3/27/20,,,
1581,Kerry,Cristoforetti,kcristoforettig4@example.com,Cristoforetti1581@kuromaku-u.org,F,1/5/06,2028,2028,AFR,ENG,UND,970-111-5580,406-555-0167,1581.png,t,3/27/20,3/27/20,,,
1582,Stan,Falkinder,sfalkinderg5@example.org,Falkinder1582@kuromaku-u.org,M,1/16/08,2030,2030,ASN,CHE,MEC,970-111-5581,205-555-0163,1582.png,t,3/27/20,3/27/20,,,
1583,Elianora,Tresler,etreslerg6@example.net,Tresler1583@kuromaku-u.org,F,3/20/08,2030,2030,WHT,CIV,MAT,970-111-5582,972-555-0177,1583.png,t,3/27/20,3/27/20,,,
1584,Cleavland,Costy,ccostyg7@example.com,Costy1584@kuromaku-u.org,M,3/6/08,2030,2030,ASN,ENG,UND,970-111-5583,605-555-0124,1584.png,t,3/27/20,3/27/20,,,
1585,Maryjo,Fortie,mfortieg8@example.com,Fortie1585@kuromaku-u.org,F,2/9/08,2030,2030,HSP,CIV,UND,970-111-5584,540-555-0191,1585.png,t,3/27/20,3/27/20,,,
1586,Bail,Wiltshier,bwiltshierg9@example.com,Wiltshier1586@kuromaku-u.org,M,1/24/05,2027,2027,AFR,MAN,UND,970-111-5585,918-555-0100,1586.png,t,3/27/20,3/27/20,,,
1587,Celestyn,Pawels,cpawelsga@example.com,Pawels1587@kuromaku-u.org,F,5/15/06,2028,2028,WHT,ENG,UND,970-111-5586,832-555-0128,1587.png,t,3/27/20,3/27/20,,,
1588,Bertrando,Rennix,brennixgb@example.com,Rennix1588@kuromaku-u.org,M,10/29/04,2027,2027,ASN,ENG,MAN,970-111-5587,314-555-0163,1588.png,t,3/27/20,3/27/20,,,
1589,Grier,Blackmoor,gblackmoorgc@example.com,Blackmoor1589@kuromaku-u.org,F,9/16/04,2027,2027,ASN,CHE,UND,970-111-5588,706-555-0172,1589.png,t,3/27/20,3/27/20,,,
1590,Arabel,Setchfield,asetchfieldgd@example.com,Setchfield1590@kuromaku-u.org,F,4/10/08,2030,2030,ASN,CIV,UND,970-111-5589,904-555-0163,1590.png,t,3/27/20,3/27/20,,,
1591,Gray,Crews,gcrewsge@example.com,Crews1591@kuromaku-u.org,M,1/8/05,2027,2027,ASN,CIV,UND,970-111-5590,314-555-0107,1591.png,t,3/27/20,3/27/20,,,
1592,Val,Rennolds,vrennoldsgf@example.org,Rennolds1592@kuromaku-u.org,M,9/17/05,2028,2028,HSP,MAT,UND,970-111-5591,706-555-0123,1592.png,t,3/27/20,3/27/20,,,
1593,Stanislaus,Auld,sauldgg@example.com,Auld1593@kuromaku-u.org,M,1/13/07,2029,2029,HSP,CIV,NUC,970-111-5592,970-555-0115,1593.png,t,3/27/20,3/27/20,,,
1594,Rosita,Chaloner,rchalonergh@example.org,Chaloner1594@kuromaku-u.org,F,3/14/06,2028,2028,AFR,NUC,UND,970-111-5593,502-555-0155,1594.png,t,3/27/20,3/27/20,,,
1595,Simeon,Bonnett,sbonnettgi@example.org,Bonnett1595@kuromaku-u.org,M,8/17/07,2029,2029,AFR,CIV,UND,970-111-5594,925-555-0159,1595.png,t,3/27/20,3/27/20,,,
1596,Marie-jeanne,Dowsett,mdowsettgj@example.com,Dowsett1596@kuromaku-u.org,F,1/26/08,2030,2030,ASN,MAT,UND,970-111-5595,719-555-0123,1596.png,t,3/27/20,3/27/20,,,
1597,Torrance,Belz,tbelzgk@example.com,Belz1597@kuromaku-u.org,M,7/17/07,2029,2029,HSP,MAN,MAT,970-111-5596,573-555-0170,1597.png,t,3/27/20,3/27/20,,,
1598,Giavani,Stobart,gstobartgl@example.org,Stobart1598@kuromaku-u.org,M,8/10/05,2027,2027,HSP,NUC,UND,970-111-5597,714-555-0157,1598.png,t,3/27/20,3/27/20,,,
1599,Hal,Ellis,hellisgm@example.com,Ellis1599@kuromaku-u.org,M,7/8/07,2029,2029,AFR,AER,UND,970-111-5598,312-555-0188,1599.png,t,3/27/20,3/27/20,,,
1600,Rodge,Ruller,rrullergn@example.com,Ruller1600@kuromaku-u.org,M,12/29/05,2028,2028,WHT,NUC,UND,970-111-5599,210-555-0163,1600.png,t,3/27/20,3/27/20,,,
1601,Maddie,Peaple,mpeaplego@example.org,Peaple1601@kuromaku-u.org,F,11/23/06,2029,2029,HSP,MEC,AER,970-111-5600,559-555-0185,1601.png,t,3/27/20,3/27/20,,,
1602,Nate,Casewell,ncasewellgp@example.com,Casewell1602@kuromaku-u.org,M,11/19/06,2029,2029,AFR,MAT,UND,970-111-5601,608-555-0143,1602.png,t,3/27/20,3/27/20,,,
1603,Caitlin,Quarlis,cquarlisgq@example.com,Quarlis1603@kuromaku-u.org,F,8/15/07,2029,2029,HSP,MEC,CHE,970-111-5602,813-555-0149,1603.png,t,3/27/20,3/27/20,,,
1604,Anthiathia,Bryce,abrycegr@example.com,Bryce1604@kuromaku-u.org,F,12/17/06,2029,2029,ASN,MEC,UND,970-111-5603,225-555-0119,1604.png,t,3/27/20,3/27/20,,,
1605,Raimundo,Wistance,rwistancegs@example.org,Wistance1605@kuromaku-u.org,M,1/21/08,2030,2030,HSP,MAT,UND,970-111-5604,719-555-0108,1605.png,t,3/27/20,3/27/20,,,
1606,Regine,Torres,rtorresgt@example.com,Torres1606@kuromaku-u.org,F,3/3/06,2028,2028,AFR,ENG,UND,970-111-5605,515-555-0185,1606.png,t,3/27/20,3/27/20,,,
1607,Sherman,Roset,srosetgu@example.com,Roset1607@kuromaku-u.org,M,5/17/07,2029,2029,AFR,MAT,UND,970-111-5606,603-555-0161,1607.png,t,3/27/20,3/27/20,,,
1608,Porter,Vasyukhin,pvasyukhingv@example.com,Vasyukhin1608@kuromaku-u.org,M,12/15/07,2030,2030,WHT,NUC,UND,970-111-5607,801-555-0179,1608.png,t,3/27/20,3/27/20,,,
1609,Lelia,Casarili,lcasariligw@example.org,Casarili1609@kuromaku-u.org,F,9/26/07,2030,2030,ASN,MAN,UND,970-111-5608,804-555-0141,1609.png,t,3/27/20,3/27/20,,,
1610,Todd,Dummer,tdummergx@example.com,Dummer1610@kuromaku-u.org,M,7/19/08,2030,2030,AFR,MAT,UND,970-111-5609,323-555-0149,1610.png,t,3/27/20,3/27/20,,,
1611,Evvie,Spaice,espaicegy@example.com,Spaice1611@kuromaku-u.org,F,5/2/05,2027,2027,ASN,MEC,UND,970-111-5610,202-555-0169,1611.png,t,3/27/20,3/27/20,,,
1612,Lurlene,Menhci,lmenhcigz@example.com,Menhci1612@kuromaku-u.org,F,6/14/08,2030,2030,HSP,COM,NUC,970-111-5611,760-555-0164,1612.png,t,3/27/20,3/27/20,,,
1613,Rainer,Minnette,rminnetteh0@example.com,Minnette1613@kuromaku-u.org,M,2/25/08,2030,2030,HSP,CIV,UND,970-111-5612,936-555-0184,1613.png,t,3/27/20,3/27/20,,,
1614,Aile,Giacoppoli,agiacoppolih1@example.com,Giacoppoli1614@kuromaku-u.org,F,11/14/05,2028,2028,AFR,CHE,UND,970-111-5613,850-555-0169,1614.png,t,3/27/20,3/27/20,,,
1615,Lura,Beamond,lbeamondh2@example.com,Beamond1615@kuromaku-u.org,F,8/29/07,2029,2029,WHT,COM,UND,970-111-5614,309-555-0115,1615.png,t,3/27/20,3/27/20,,,
1616,Augy,Kinzel,akinzelh3@example.com,Kinzel1616@kuromaku-u.org,M,12/29/05,2028,2028,ASN,AER,UND,970-111-5615,713-555-0103,1616.png,t,3/27/20,3/27/20,,,
1617,Mattie,Bartleman,mbartlemanh4@example.com,Bartleman1617@kuromaku-u.org,M,9/12/06,2029,2029,WHT,COM,UND,970-111-5616,910-555-0160,1617.png,t,3/27/20,3/27/20,,,
1618,Terence,Dawtrey,tdawtreyh5@example.com,Dawtrey1618@kuromaku-u.org,M,9/8/07,2030,2030,ASN,MAT,UND,970-111-5617,915-555-0184,1618.png,t,3/27/20,3/27/20,,,
1619,Stillman,Farron,sfarronh6@example.net,Farron1619@kuromaku-u.org,M,9/26/04,2027,2027,WHT,ENG,UND,970-111-5618,651-555-0174,1619.png,t,3/27/20,3/27/20,,,
1620,Dore,Farlam,dfarlamh7@example.com,Farlam1620@kuromaku-u.org,M,1/24/06,2028,2028,AFR,MAN,UND,970-111-5619,469-555-0138,1620.png,t,3/27/20,3/27/20,,,
1621,Winslow,Bloxsum,wbloxsumh8@example.com,Bloxsum1621@kuromaku-u.org,M,7/3/08,2030,2030,ASN,NUC,UND,970-111-5620,702-555-0183,1621.png,t,3/27/20,3/27/20,,,
1622,Anthia,Tomblings,atomblingsh9@example.com,Tomblings1622@kuromaku-u.org,F,8/24/05,2027,2027,HSP,ENG,MAN,970-111-5621,253-555-0107,1622.png,t,3/27/20,3/27/20,,,
1623,Kendall,Januszkiewicz,kjanuszkiewiczha@example.com,Januszkiewicz1623@kuromaku-u.org,M,7/26/05,2027,2027,HSP,CHE,MAN,970-111-5622,501-555-0111,1623.png,t,3/27/20,3/27/20,,,
1624,Nady,Ratray,nratrayhb@example.com,Ratray1624@kuromaku-u.org,F,10/20/04,2027,2027,ASN,NUC,UND,970-111-5623,770-555-0134,1624.png,t,3/27/20,3/27/20,,,
1625,Bathsheba,Francescuzzi,bfrancescuzzihc@example.org,Francescuzzi1625@kuromaku-u.org,F,7/18/07,2029,2029,ASN,NUC,UND,970-111-5624,202-555-0113,1625.png,t,3/27/20,3/27/20,,,
1626,Donia,Eustice,deusticehd@example.com,Eustice1626@kuromaku-u.org,F,6/26/07,2029,2029,HSP,AER,UND,970-111-5625,602-555-0183,1626.png,t,3/27/20,3/27/20,,,
1627,Arin,Wortman,awortmanhe@example.com,Wortman1627@kuromaku-u.org,M,11/1/07,2030,2030,AFR,NUC,MEC,970-111-5626,502-555-0115,1627.png,t,3/27/20,3/27/20,,,
1628,Griffie,Bradneck,gbradneckhf@example.com,Bradneck1628@kuromaku-u.org,M,5/22/06,2028,2028,AFR,NUC,UND,970-111-5627,858-555-0156,1628.png,t,3/27/20,3/27/20,,,
1629,Carlene,O' Markey,comarkeyhg@example.net,O'Markey1629@kuromaku-u.org,F,8/12/07,2029,2029,AFR,ENG,UND,970-111-5628,914-555-0181,1629.png,t,3/27/20,3/27/20,,,
1630,Maridel,Fancutt,mfancutthh@example.com,Fancutt1630@kuromaku-u.org,F,12/16/06,2029,2029,HSP,CIV,UND,970-111-5629,805-555-0137,1630.png,t,3/27/20,3/27/20,,,
1631,Shanon,Denisot,sdenisothi@example.com,Denisot1631@kuromaku-u.org,F,2/16/06,2028,2028,ASN,NUC,AER,970-111-5630,512-555-0141,1631.png,t,3/27/20,3/27/20,,,
1632,Bevon,Stigger,bstiggerhj@example.com,Stigger1632@kuromaku-u.org,M,10/15/04,2027,2027,HSP,NUC,UND,970-111-5631,216-555-0149,1632.png,t,3/27/20,3/27/20,,,
1633,Alicea,Chark,acharkhk@example.com,Chark1633@kuromaku-u.org,F,7/7/06,2028,2028,AFR,CIV,UND,970-111-5632,205-555-0147,1633.png,t,3/27/20,3/27/20,,,
1634,Sheba,Embleton,sembletonhl@example.com,Embleton1634@kuromaku-u.org,F,10/18/04,2027,2027,WHT,MAT,UND,970-111-5633,603-555-0125,1634.png,t,3/27/20,3/27/20,,,
1635,Pierre,Duckers,pduckershm@example.com,Duckers1635@kuromaku-u.org,M,7/25/06,2028,2028,HSP,AER,UND,970-111-5634,234-555-0153,1635.png,t,3/27/20,3/27/20,,,
1636,Gabbie,Samwayes,gsamwayeshn@example.com,Samwayes1636@kuromaku-u.org,M,12/26/05,2028,2028,ASN,CIV,UND,970-111-5635,562-555-0187,1636.png,t,3/27/20,3/27/20,,,
1637,Vern,Sazio,vsazioho@example.org,Sazio1637@kuromaku-u.org,M,4/25/05,2027,2027,WHT,MAT,UND,970-111-5636,862-555-0159,1637.png,t,3/27/20,3/27/20,,,
1638,Gasper,Audley,gaudleyhp@example.com,Audley1638@kuromaku-u.org,M,6/23/08,2030,2030,WHT,MAN,UND,970-111-5637,352-555-0108,1638.png,t,3/27/20,3/27/20,,,
1639,Emelita,Chessum,echessumhq@example.net,Chessum1639@kuromaku-u.org,F,11/11/05,2028,2028,ASN,NUC,UND,970-111-5638,234-555-0164,1639.png,t,3/27/20,3/27/20,,,
1640,Stanley,Siccombe,ssiccombehr@example.net,Siccombe1640@kuromaku-u.org,M,10/20/05,2028,2028,WHT,NUC,UND,970-111-5639,323-555-0138,1640.png,t,3/27/20,3/27/20,,,
1641,Noam,O'Corren,nocorrenhs@example.com,O'Corren1641@kuromaku-u.org,M,7/9/06,2028,2028,HSP,CHE,AER,970-111-5640,913-555-0169,1641.png,t,3/27/20,3/27/20,,,
1642,Celle,Bondar,cbondarht@example.net,Bondar1642@kuromaku-u.org,F,4/22/05,2027,2027,WHT,ENG,UND,970-111-5641,423-555-0106,1642.png,t,3/27/20,3/27/20,,,
1643,Yurik,Pemble,ypemblehu@example.com,Pemble1643@kuromaku-u.org,M,2/1/07,2029,2029,AFR,AER,UND,970-111-5642,319-555-0120,1643.png,t,3/27/20,3/27/20,,,
1644,Dare,Tilson,dtilsonhv@example.com,Tilson1644@kuromaku-u.org,M,12/12/04,2027,2027,WHT,CIV,UND,970-111-5643,859-555-0196,1644.png,t,3/27/20,3/27/20,,,
1645,Christopher,Filchakov,cfilchakovhw@example.com,Filchakov1645@kuromaku-u.org,M,7/6/06,2028,2028,HSP,NUC,UND,970-111-5644,573-555-0117,1645.png,t,3/27/20,3/27/20,,,
1646,Toby,Hinrich,thinrichhx@example.com,Hinrich1646@kuromaku-u.org,M,11/3/04,2027,2027,WHT,NUC,UND,970-111-5645,209-555-0181,1646.png,t,3/27/20,3/27/20,,,
1647,Tully,Burrass,tburrasshy@example.com,Burrass1647@kuromaku-u.org,M,9/13/06,2029,2029,ASN,COM,MEC,970-111-5646,504-555-0195,1647.png,t,3/27/20,3/27/20,,,
1648,Corey,Tedman,ctedmanhz@example.org,Tedman1648@kuromaku-u.org,M,6/20/05,2027,2027,HSP,MAT,CHE,970-111-5647,682-555-0168,1648.png,t,3/27/20,3/27/20,,,
1649,Silvio,Raymond,sraymondi0@example.com,Raymond1649@kuromaku-u.org,M,9/28/04,2027,2027,HSP,NUC,UND,970-111-5648,903-555-0197,1649.png,t,3/27/20,3/27/20,,,
1650,Hervey,Caldero,hcalderoi1@example.com,Caldero1650@kuromaku-u.org,M,9/5/04,2027,2027,HSP,CHE,UND,970-111-5649,202-555-0175,1650.png,t,3/27/20,3/27/20,,,
1651,Frederik,Chree,fchreei2@example.com,Chree1651@kuromaku-u.org,M,3/18/05,2027,2027,WHT,ENG,UND,970-111-5650,781-555-0139,1651.png,t,3/27/20,3/27/20,,,
1652,Griz,Longstreeth,glongstreethi3@example.com,Longstreeth1652@kuromaku-u.org,M,1/1/07,2029,2029,WHT,COM,UND,970-111-5651,727-555-0194,1652.png,t,3/27/20,3/27/20,,,
1653,Sallyann,Crady,scradyi4@example.net,Crady1653@kuromaku-u.org,F,10/27/05,2028,2028,ASN,COM,UND,970-111-5652,912-555-0195,1653.png,t,3/27/20,3/27/20,,,
1654,Miranda,Kelle,mkellei5@example.org,Kelle1654@kuromaku-u.org,F,1/4/05,2027,2027,ASN,MAN,UND,970-111-5653,754-555-0174,1654.png,t,3/27/20,3/27/20,,,
1655,Hubey,Moffat,hmoffati6@example.org,Moffat1655@kuromaku-u.org,M,6/22/08,2030,2030,ASN,MAT,UND,970-111-5654,201-555-0186,1655.png,t,3/27/20,3/27/20,,,
1656,Carly,Rudgley,crudgleyi7@example.com,Rudgley1656@kuromaku-u.org,M,6/16/06,2028,2028,AFR,NUC,UND,970-111-5655,813-555-0147,1656.png,t,3/27/20,3/27/20,,,
1657,Ashlin,Windebank,awindebanki8@example.net,Windebank1657@kuromaku-u.org,M,1/25/06,2028,2028,HSP,CHE,AER,970-111-5656,716-555-0190,1657.png,t,3/27/20,3/27/20,,,
1658,Gloriane,Mallabon,gmallaboni9@example.com,Mallabon1658@kuromaku-u.org,F,1/10/05,2027,2027,AFR,ENG,UND,970-111-5657,214-555-0119,1658.png,t,3/27/20,3/27/20,,,
1659,Carolynn,Howley,chowleyia@example.com,Howley1659@kuromaku-u.org,F,8/29/08,2030,2030,AFR,ENG,UND,970-111-5658,303-555-0125,1659.png,t,3/27/20,3/27/20,,,
1660,Consalve,Butcher,cbutcherib@example.net,Butcher1660@kuromaku-u.org,M,12/24/05,2028,2028,HSP,CHE,UND,970-111-5659,303-555-0106,1660.png,t,3/27/20,3/27/20,,,
1661,Benedetto,Pimmocke,bpimmockeic@example.com,Pimmocke1661@kuromaku-u.org,M,8/31/05,2027,2027,WHT,AER,MAN,970-111-5660,267-555-0133,1661.png,t,3/27/20,3/27/20,,,
1662,Alwyn,Feakins,afeakinsid@example.com,Feakins1662@kuromaku-u.org,M,10/3/04,2027,2027,ASN,CHE,MEC,970-111-5661,504-555-0116,1662.png,t,3/27/20,3/27/20,,,
1663,Des,Alebrooke,dalebrookeie@example.org,Alebrooke1663@kuromaku-u.org,M,11/30/06,2029,2029,AFR,MEC,UND,970-111-5662,814-555-0196,1663.png,t,3/27/20,3/27/20,,,
1664,Cody,Aasaf,caasafif@example.com,Aasaf1664@kuromaku-u.org,F,7/23/08,2030,2030,WHT,MAT,UND,970-111-5663,909-555-0132,1664.png,t,3/27/20,3/27/20,,,
1665,Niko,Pennick,npennickig@example.net,Pennick1665@kuromaku-u.org,M,2/17/07,2029,2029,HSP,MAT,UND,970-111-5664,206-555-0111,1665.png,t,3/27/20,3/27/20,,,
1666,Brynn,Scripture,bscriptureih@example.com,Scripture1666@kuromaku-u.org,F,2/24/06,2028,2028,WHT,ENG,UND,970-111-5665,312-555-0140,1666.png,t,3/27/20,3/27/20,,,
1667,Zolly,Oldaker,zoldakerii@example.com,Oldaker1667@kuromaku-u.org,M,7/3/07,2029,2029,ASN,MAN,UND,970-111-5666,402-555-0167,1667.png,t,3/27/20,3/27/20,,,
1668,Gibb,Petlyura,gpetlyuraij@example.net,Petlyura1668@kuromaku-u.org,M,11/9/07,2030,2030,HSP,COM,ENG,970-111-5667,240-555-0137,1668.png,t,3/27/20,3/27/20,,,
1669,Patton,Mahy,pmahyik@example.com,Mahy1669@kuromaku-u.org,M,8/13/08,2030,2030,WHT,CIV,MEC,970-111-5668,571-555-0145,1669.png,t,3/27/20,3/27/20,,,
1670,Melita,Goggey,mgoggeyil@example.com,Goggey1670@kuromaku-u.org,F,9/12/07,2030,2030,AFR,MEC,UND,970-111-5669,267-555-0175,1670.png,t,3/27/20,3/27/20,,,
1671,Kitty,Larderot,klarderotim@example.net,Larderot1671@kuromaku-u.org,F,3/21/07,2029,2029,AFR,CIV,UND,970-111-5670,319-555-0183,1671.png,t,3/27/20,3/27/20,,,
1672,Margi,Littlewood,mlittlewoodin@example.com,Littlewood1672@kuromaku-u.org,F,12/15/06,2029,2029,ASN,COM,AER,970-111-5671,301-555-0168,1672.png,t,3/27/20,3/27/20,,,
1673,Shoshanna,Ramelot,sramelotio@example.com,Ramelot1673@kuromaku-u.org,F,8/3/08,2030,2030,HSP,AER,UND,970-111-5672,916-555-0183,1673.png,t,3/27/20,3/27/20,,,
1674,Billy,Doole,bdooleip@example.com,Doole1674@kuromaku-u.org,M,3/14/08,2030,2030,ASN,CIV,UND,970-111-5673,714-555-0187,1674.png,t,3/27/20,3/27/20,,,
1675,Northrup,Mingaud,nmingaudiq@example.org,Mingaud1675@kuromaku-u.org,M,12/31/07,2030,2030,HSP,CHE,UND,970-111-5674,469-555-0144,1675.png,t,3/27/20,3/27/20,,,
1676,Truda,Poll,tpollir@example.org,Poll1676@kuromaku-u.org,F,11/7/04,2027,2027,ASN,COM,MAN,970-111-5675,617-555-0120,1676.png,t,3/27/20,3/27/20,,,
1677,Val,Dutt,vduttis@example.net,Dutt1677@kuromaku-u.org,M,8/7/05,2027,2027,ASN,AER,NUC,970-111-5676,860-555-0185,1677.png,t,3/27/20,3/27/20,,,
1678,Nestor,Whartonby,nwhartonbyit@example.com,Whartonby1678@kuromaku-u.org,M,4/17/06,2028,2028,HSP,NUC,UND,970-111-5677,469-555-0179,1678.png,t,3/27/20,3/27/20,,,
1679,Maurie,Espinas,mespinasiu@example.com,Espinas1679@kuromaku-u.org,M,6/7/08,2030,2030,WHT,AER,ENG,970-111-5678,404-555-0199,1679.png,t,3/27/20,3/27/20,,,
1680,Gibbie,Pourvoieur,gpourvoieuriv@example.com,Pourvoieur1680@kuromaku-u.org,M,9/23/07,2030,2030,ASN,NUC,UND,970-111-5679,918-555-0138,1680.png,t,3/27/20,3/27/20,,,
1681,Ravid,Avramovic,ravramoviciw@example.net,Avramovic1681@kuromaku-u.org,M,11/10/05,2028,2028,ASN,CHE,UND,970-111-5680,706-555-0125,1681.png,t,3/27/20,3/27/20,,,
1682,Rosamund,Gummie,rgummieix@example.net,Gummie1682@kuromaku-u.org,F,3/1/08,2030,2030,HSP,MEC,MAN,970-111-5681,360-555-0127,1682.png,t,3/27/20,3/27/20,,,
1683,Kristyn,Greenhough,kgreenhoughiy@example.com,Greenhough1683@kuromaku-u.org,F,4/5/07,2029,2029,ASN,CIV,UND,970-111-5682,234-555-0133,1683.png,t,3/27/20,3/27/20,,,
1684,Bethany,Iffland,bifflandiz@example.com,Iffland1684@kuromaku-u.org,F,11/21/04,2027,2027,ASN,MEC,UND,970-111-5683,817-555-0162,1684.png,t,3/27/20,3/27/20,,,
1685,Fara,Joney,fjoneyj0@example.net,Joney1685@kuromaku-u.org,F,10/8/05,2028,2028,WHT,ENG,UND,970-111-5684,202-555-0150,1685.png,t,3/27/20,3/27/20,,,
1686,Kearney,Ambroise,kambroisej1@example.com,Ambroise1686@kuromaku-u.org,M,4/10/08,2030,2030,HSP,MEC,CHE,970-111-5685,910-555-0169,1686.png,t,3/27/20,3/27/20,,,
1687,Nicolais,Leydon,nleydonj2@example.net,Leydon1687@kuromaku-u.org,M,3/4/07,2029,2029,HSP,NUC,UND,970-111-5686,425-555-0171,1687.png,t,3/27/20,3/27/20,,,
1688,Chrissie,Paling,cpalingj3@example.net,Paling1688@kuromaku-u.org,F,10/1/06,2029,2029,HSP,COM,UND,970-111-5687,515-555-0137,1688.png,t,3/27/20,3/27/20,,,
1689,Nikolaos,Nelthorp,nnelthorpj4@example.com,Nelthorp1689@kuromaku-u.org,M,1/3/08,2030,2030,HSP,MEC,AER,970-111-5688,213-555-0127,1689.png,t,3/27/20,3/27/20,,,
1690,Bernardine,Maberley,bmaberleyj5@example.net,Maberley1690@kuromaku-u.org,F,2/1/05,2027,2027,AFR,MAT,UND,970-111-5689,770-555-0143,1690.png,t,3/27/20,3/27/20,,,
1691,Bernarr,Hardwell,bhardwellj6@example.com,Hardwell1691@kuromaku-u.org,M,3/19/06,2028,2028,AFR,COM,UND,970-111-5690,682-555-0151,1691.png,t,3/27/20,3/27/20,,,
1692,My,Capron,mcapronj7@example.com,Capron1692@kuromaku-u.org,M,7/31/08,2030,2030,WHT,COM,UND,970-111-5691,214-555-0156,1692.png,t,3/27/20,3/27/20,,,
1693,Bertie,Gathercole,bgathercolej8@example.com,Gathercole1693@kuromaku-u.org,M,3/1/05,2027,2027,ASN,MAT,UND,970-111-5692,512-555-0127,1693.png,t,3/27/20,3/27/20,,,
1694,Dewie,Janczak,djanczakj9@example.com,Janczak1694@kuromaku-u.org,M,12/30/07,2030,2030,ASN,CHE,UND,970-111-5693,801-555-0188,1694.png,t,3/27/20,3/27/20,,,
1695,Kippy,Harry,kharryja@example.com,Harry1695@kuromaku-u.org,M,5/4/06,2028,2028,AFR,COM,ENG,970-111-5694,719-555-0137,1695.png,t,3/27/20,3/27/20,,,
1696,Wilbert,Akister,wakisterjb@example.com,Akister1696@kuromaku-u.org,M,12/6/05,2028,2028,WHT,NUC,UND,970-111-5695,217-555-0114,1696.png,t,3/27/20,3/27/20,,,
1697,Yasmin,Djekovic,ydjekovicjc@example.com,Djekovic1697@kuromaku-u.org,F,3/5/07,2029,2029,ASN,AER,UND,970-111-5696,419-555-0158,1697.png,t,3/27/20,3/27/20,,,
1698,Shanon,Dawltrey,sdawltreyjd@example.com,Dawltrey1698@kuromaku-u.org,F,8/15/06,2028,2028,AFR,MAN,UND,970-111-5697,918-555-0106,1698.png,t,3/27/20,3/27/20,,,
1699,Lemar,Shury,lshuryje@example.org,Shury1699@kuromaku-u.org,M,4/1/06,2028,2028,ASN,MAT,UND,970-111-5698,810-555-0188,1699.png,t,3/27/20,3/27/20,,,
1700,Brenda,Jimes,bjimesjf@example.com,Jimes1700@kuromaku-u.org,F,5/6/08,2030,2030,AFR,CHE,UND,970-111-5699,626-555-0198,1700.png,t,3/27/20,3/27/20,,,
1701,Alaster,Peacher,apeacherjg@example.com,Peacher1701@kuromaku-u.org,M,6/25/07,2029,2029,ASN,MAT,UND,970-111-5700,206-555-0131,1701.png,t,3/27/20,3/27/20,,,
1702,Winfield,Suddards,wsuddardsjh@example.com,Suddards1702@kuromaku-u.org,M,10/7/06,2029,2029,WHT,MAT,UND,970-111-5701,502-555-0174,1702.png,t,3/27/20,3/27/20,,,
1703,Weber,Crandon,wcrandonji@example.org,Crandon1703@kuromaku-u.org,M,3/17/06,2028,2028,AFR,CHE,UND,970-111-5702,941-555-0102,1703.png,t,3/27/20,3/27/20,,,
1704,Ken,Allpress,kallpressjj@example.com,Allpress1704@kuromaku-u.org,M,7/3/06,2028,2028,ASN,CHE,NUC,970-111-5703,805-555-0100,1704.png,t,3/27/20,3/27/20,,,
1705,Leena,Vaugham,lvaughamjk@example.org,Vaugham1705@kuromaku-u.org,F,1/31/07,2029,2029,HSP,NUC,AER,970-111-5704,717-555-0167,1705.png,t,3/27/20,3/27/20,,,
1706,Raviv,Wardesworth,rwardesworthjl@example.com,Wardesworth1706@kuromaku-u.org,M,4/10/08,2030,2030,WHT,CHE,UND,970-111-5705,561-555-0106,1706.png,t,3/27/20,3/27/20,,,
1707,Arden,Haton,ahatonjm@example.com,Haton1707@kuromaku-u.org,F,3/11/05,2027,2027,HSP,CHE,CIV,970-111-5706,508-555-0132,1707.png,t,3/27/20,3/27/20,,,
1708,Ike,Palfrey,ipalfreyjn@example.com,Palfrey1708@kuromaku-u.org,M,2/21/08,2030,2030,HSP,MEC,UND,970-111-5707,205-555-0160,1708.png,t,3/27/20,3/27/20,,,
1709,Ulick,Fannon,ufannonjo@example.net,Fannon1709@kuromaku-u.org,M,1/7/07,2029,2029,WHT,MAN,UND,970-111-5708,775-555-0102,1709.png,t,3/27/20,3/27/20,,,
1710,Jessica,Zumbusch,jzumbuschjp@example.com,Zumbusch1710@kuromaku-u.org,F,2/14/05,2027,2027,HSP,MAN,AER,970-111-5709,414-555-0189,1710.png,t,3/27/20,3/27/20,,,
1711,Mile,Luce,mlucejq@example.net,Luce1711@kuromaku-u.org,M,12/31/05,2028,2028,WHT,CIV,UND,970-111-5710,786-555-0197,1711.png,t,3/27/20,3/27/20,,,
1712,Dora,Cawood,dcawoodjr@example.com,Cawood1712@kuromaku-u.org,F,3/20/05,2027,2027,WHT,NUC,UND,970-111-5711,972-555-0187,1712.png,t,3/27/20,3/27/20,,,
1713,Malvina,Faulds,mfauldsjs@example.com,Faulds1713@kuromaku-u.org,F,7/30/08,2030,2030,AFR,ENG,UND,970-111-5712,913-555-0183,1713.png,t,3/27/20,3/27/20,,,
1714,Nat,Dugdale,ndugdalejt@example.com,Dugdale1714@kuromaku-u.org,F,2/13/06,2028,2028,ASN,ENG,MAN,970-111-5713,404-555-0196,1714.png,t,3/27/20,3/27/20,,,
1715,Jada,Ridde,jriddeju@example.net,Ridde1715@kuromaku-u.org,F,3/13/07,2029,2029,AFR,ENG,UND,970-111-5714,520-555-0182,1715.png,t,3/27/20,3/27/20,,,
1716,Harmony,Agg,haggjv@example.com,Agg1716@kuromaku-u.org,F,12/27/04,2027,2027,WHT,NUC,UND,970-111-5715,212-555-0199,1716.png,t,3/27/20,3/27/20,,,
1717,Hendrick,Robbins,hrobbinsjw@example.com,Robbins1717@kuromaku-u.org,M,12/8/05,2028,2028,AFR,AER,UND,970-111-5716,806-555-0139,1717.png,t,3/27/20,3/27/20,,,
1718,Doe,Rixon,drixonjx@example.com,Rixon1718@kuromaku-u.org,F,8/27/07,2029,2029,AFR,MAN,CHE,970-111-5717,512-555-0182,1718.png,t,3/27/20,3/27/20,,,
1719,Paloma,Fleischmann,pfleischmannjy@example.com,Fleischmann1719@kuromaku-u.org,F,9/7/07,2030,2030,HSP,CIV,UND,970-111-5718,860-555-0126,1719.png,t,3/27/20,3/27/20,,,
1720,Donal,Horning,dhorningjz@example.com,Horning1720@kuromaku-u.org,M,5/22/08,2030,2030,AFR,MAT,UND,970-111-5719,209-555-0188,1720.png,t,3/27/20,3/27/20,,,
1721,Evvy,Kondrat,ekondratk0@example.com,Kondrat1721@kuromaku-u.org,F,11/13/05,2028,2028,HSP,ENG,UND,970-111-5720,503-555-0146,1721.png,t,3/27/20,3/27/20,,,
1722,Lona,MacPharlain,lmacpharlaink1@example.org,MacPharlain1722@kuromaku-u.org,F,4/4/06,2028,2028,HSP,CIV,UND,970-111-5721,404-555-0140,1722.png,t,3/27/20,3/27/20,,,
1723,Kalindi,Barnwille,kbarnwillek2@example.net,Barnwille1723@kuromaku-u.org,F,4/20/08,2030,2030,HSP,CHE,UND,970-111-5722,520-555-0131,1723.png,t,3/27/20,3/27/20,,,
1724,Killian,Ganning,kganningk3@example.com,Ganning1724@kuromaku-u.org,M,5/26/07,2029,2029,ASN,NUC,UND,970-111-5723,408-555-0175,1724.png,t,3/27/20,3/27/20,,,
1725,Adelice,Tonkinson,atonkinsonk4@example.com,Tonkinson1725@kuromaku-u.org,F,3/6/07,2029,2029,AFR,AER,UND,970-111-5724,423-555-0109,1725.png,t,3/27/20,3/27/20,,,
1726,Rutger,Oxnam,roxnamk5@example.com,Oxnam1726@kuromaku-u.org,M,2/15/08,2030,2030,WHT,MAN,UND,970-111-5725,765-555-0134,1726.png,t,3/27/20,3/27/20,,,
1727,Biddy,Tomes,btomesk6@example.com,Tomes1727@kuromaku-u.org,F,2/5/05,2027,2027,ASN,MEC,CHE,970-111-5726,302-555-0199,1727.png,t,3/27/20,3/27/20,,,
1728,Jenilee,Addekin,jaddekink7@example.org,Addekin1728@kuromaku-u.org,F,1/27/08,2030,2030,AFR,CIV,CHE,970-111-5727,806-555-0163,1728.png,t,3/27/20,3/27/20,,,
1729,Teriann,Spooner,tspoonerk8@example.com,Spooner1729@kuromaku-u.org,F,3/25/06,2028,2028,ASN,MAT,UND,970-111-5728,754-555-0172,1729.png,t,3/27/20,3/27/20,,,
1730,Tressa,Beeze,tbeezek9@example.org,Beeze1730@kuromaku-u.org,F,6/10/05,2027,2027,AFR,MEC,COM,970-111-5729,413-555-0182,1730.png,t,3/27/20,3/27/20,,,
1731,Kara-lynn,Doylend,kdoylendka@example.com,Doylend1731@kuromaku-u.org,F,5/11/08,2030,2030,AFR,COM,CHE,970-111-5730,810-555-0130,1731.png,t,3/27/20,3/27/20,,,
1732,Avery,Cochran,acochrankb@example.com,Cochran1732@kuromaku-u.org,M,1/12/05,2027,2027,WHT,COM,UND,970-111-5731,479-555-0108,1732.png,t,3/27/20,3/27/20,,,
1733,Tristam,Petegrew,tpetegrewkc@example.com,Petegrew1733@kuromaku-u.org,M,6/8/05,2027,2027,ASN,MEC,UND,970-111-5732,334-555-0183,1733.png,t,3/27/20,3/27/20,,,
1734,Desmond,Chevis,dcheviskd@example.com,Chevis1734@kuromaku-u.org,M,10/6/05,2028,2028,WHT,ENG,UND,970-111-5733,661-555-0129,1734.png,t,3/27/20,3/27/20,,,
1735,Melina,Druhan,mdruhanke@example.org,Druhan1735@kuromaku-u.org,F,2/14/05,2027,2027,WHT,CHE,UND,970-111-5734,214-555-0179,1735.png,t,3/27/20,3/27/20,,,
1736,Karlens,Scholcroft,kscholcroftkf@example.org,Scholcroft1736@kuromaku-u.org,M,12/27/07,2030,2030,ASN,ENG,UND,970-111-5735,832-555-0189,1736.png,t,3/27/20,3/27/20,,,
1737,Mario,Sinton,msintonkg@example.org,Sinton1737@kuromaku-u.org,M,7/2/08,2030,2030,ASN,ENG,UND,970-111-5736,609-555-0194,1737.png,t,3/27/20,3/27/20,,,
1738,Giovanna,Serotsky,gserotskykh@example.com,Serotsky1738@kuromaku-u.org,F,12/23/04,2027,2027,AFR,MAN,UND,970-111-5737,706-555-0187,1738.png,t,3/27/20,3/27/20,,,
1739,Case,Mattheeuw,cmattheeuwki@example.com,Mattheeuw1739@kuromaku-u.org,M,5/3/08,2030,2030,ASN,NUC,UND,970-111-5738,562-555-0167,1739.png,t,3/27/20,3/27/20,,,
1740,Kalvin,Andreichik,kandreichikkj@example.org,Andreichik1740@kuromaku-u.org,M,5/13/07,2029,2029,ASN,AER,UND,970-111-5739,956-555-0133,1740.png,t,3/27/20,3/27/20,,,
1741,Bendix,Brownell,bbrownellkk@example.org,Brownell1741@kuromaku-u.org,M,11/5/05,2028,2028,ASN,COM,UND,970-111-5740,508-555-0130,1741.png,t,3/27/20,3/27/20,,,
1742,Lola,Grocutt,lgrocuttkl@example.org,Grocutt1742@kuromaku-u.org,F,8/16/08,2030,2030,ASN,MEC,COM,970-111-5741,701-555-0153,1742.png,t,3/27/20,3/27/20,,,
1743,Lem,Lemery,llemerykm@example.com,Lemery1743@kuromaku-u.org,M,9/1/05,2028,2028,HSP,COM,UND,970-111-5742,336-555-0103,1743.png,t,3/27/20,3/27/20,,,
1744,Antonius,Whitwell,awhitwellkn@example.net,Whitwell1744@kuromaku-u.org,M,10/28/07,2030,2030,WHT,MEC,UND,970-111-5743,225-555-0129,1744.png,t,3/27/20,3/27/20,,,
1745,Georgiana,Whatford,gwhatfordko@example.com,Whatford1745@kuromaku-u.org,F,5/9/06,2028,2028,AFR,AER,UND,970-111-5744,713-555-0158,1745.png,t,3/27/20,3/27/20,,,
1746,Constantina,Hubbocks,chubbockskp@example.com,Hubbocks1746@kuromaku-u.org,F,6/15/06,2028,2028,WHT,CHE,COM,970-111-5745,510-555-0114,1746.png,t,3/27/20,3/27/20,,,
1747,Darby,Pattie,dpattiekq@example.net,Pattie1747@kuromaku-u.org,M,10/10/04,2027,2027,WHT,AER,UND,970-111-5746,913-555-0145,1747.png,t,3/27/20,3/27/20,,,
1748,Steffen,De Fraine,sdefrainekr@example.org,DeFraine1748@kuromaku-u.org,M,7/23/08,2030,2030,HSP,ENG,UND,970-111-5747,323-555-0139,1748.png,t,3/27/20,3/27/20,,,
1749,Renell,Benka,rbenkaks@example.net,Benka1749@kuromaku-u.org,F,4/10/05,2027,2027,ASN,CIV,MAN,970-111-5748,202-555-0106,1749.png,t,3/27/20,3/27/20,,,
1750,Dalli,Sendley,dsendleykt@example.com,Sendley1750@kuromaku-u.org,M,9/20/05,2028,2028,AFR,AER,UND,970-111-5749,414-555-0117,1750.png,t,3/27/20,3/27/20,,,
1751,Willard,Shalliker,wshallikerku@example.com,Shalliker1751@kuromaku-u.org,M,11/16/04,2027,2027,WHT,NUC,UND,970-111-5750,806-555-0145,1751.png,t,3/27/20,3/27/20,,,
1752,Major,Fussell,mfussellkv@example.org,Fussell1752@kuromaku-u.org,M,12/21/04,2027,2027,AFR,COM,MEC,970-111-5751,509-555-0136,1752.png,t,3/27/20,3/27/20,,,
1753,Myrwyn,Coling,mcolingkw@example.com,Coling1753@kuromaku-u.org,M,1/6/08,2030,2030,HSP,AER,MAT,970-111-5752,202-555-0119,1753.png,t,3/27/20,3/27/20,,,
1754,Teodorico,Snoddy,tsnoddykx@example.com,Snoddy1754@kuromaku-u.org,M,1/12/08,2030,2030,AFR,CIV,COM,970-111-5753,561-555-0160,1754.png,t,3/27/20,3/27/20,,,
1755,Prent,Nevin,pnevinky@example.com,Nevin1755@kuromaku-u.org,M,4/2/05,2027,2027,HSP,CIV,COM,970-111-5754,218-555-0128,1755.png,t,3/27/20,3/27/20,,,
1756,Gardener,Works,gworkskz@example.org,Works1756@kuromaku-u.org,M,8/22/08,2030,2030,ASN,NUC,UND,970-111-5755,916-555-0142,1756.png,t,3/27/20,3/27/20,,,
1757,Dean,Phippin,dphippinl0@example.org,Phippin1757@kuromaku-u.org,M,6/2/08,2030,2030,HSP,ENG,UND,970-111-5756,716-555-0183,1757.png,t,3/27/20,3/27/20,,,
1758,Bili,Thurlborn,bthurlbornl1@example.com,Thurlborn1758@kuromaku-u.org,F,2/16/08,2030,2030,ASN,CIV,UND,970-111-5757,862-555-0196,1758.png,t,3/27/20,3/27/20,,,
1759,Susan,Boorer,sboorerl2@example.com,Boorer1759@kuromaku-u.org,F,5/19/08,2030,2030,HSP,AER,UND,970-111-5758,501-555-0188,1759.png,t,3/27/20,3/27/20,,,
1760,Meredith,Sidnall,msidnalll3@example.net,Sidnall1760@kuromaku-u.org,M,6/21/05,2027,2027,WHT,CHE,UND,970-111-5759,954-555-0193,1760.png,t,3/27/20,3/27/20,,,
1761,Nata,Doughtery,ndoughteryl4@example.com,Doughtery1761@kuromaku-u.org,F,2/27/06,2028,2028,WHT,COM,CHE,970-111-5760,863-555-0179,1761.png,t,3/27/20,3/27/20,,,
1762,Calv,Jellico,cjellicol5@example.org,Jellico1762@kuromaku-u.org,M,5/20/06,2028,2028,WHT,COM,CIV,970-111-5761,559-555-0108,1762.png,t,3/27/20,3/27/20,,,
1763,Charlot,Morter,cmorterl6@example.com,Morter1763@kuromaku-u.org,F,1/7/07,2029,2029,AFR,MAN,UND,970-111-5762,360-555-0103,1763.png,t,3/27/20,3/27/20,,,
1764,Millisent,Amery,mameryl7@example.com,Amery1764@kuromaku-u.org,F,12/12/05,2028,2028,HSP,ENG,NUC,970-111-5763,225-555-0104,1764.png,t,3/27/20,3/27/20,,,
1765,Giusto,Corneck,gcorneckl8@example.com,Corneck1765@kuromaku-u.org,M,12/15/07,2030,2030,WHT,AER,UND,970-111-5764,508-555-0185,1765.png,t,3/27/20,3/27/20,,,
1766,Elbertine,Hovert,ehovertl9@example.com,Hovert1766@kuromaku-u.org,F,10/7/07,2030,2030,WHT,MAN,UND,970-111-5765,502-555-0114,1766.png,t,3/27/20,3/27/20,,,
1767,Ariela,Reicherz,areicherzla@example.com,Reicherz1767@kuromaku-u.org,F,7/30/06,2028,2028,ASN,MEC,UND,970-111-5766,217-555-0133,1767.png,t,3/27/20,3/27/20,,,
1768,Lannie,Hallum,lhallumlb@example.org,Hallum1768@kuromaku-u.org,M,9/26/04,2027,2027,WHT,AER,UND,970-111-5767,503-555-0100,1768.png,t,3/27/20,3/27/20,,,
1769,Karilynn,Opie,kopielc@example.com,Opie1769@kuromaku-u.org,F,3/10/06,2028,2028,WHT,CHE,UND,970-111-5768,304-555-0111,1769.png,t,3/27/20,3/27/20,,,
1770,Prudence,Blackleech,pblackleechld@example.com,Blackleech1770@kuromaku-u.org,F,8/13/07,2029,2029,HSP,CIV,UND,970-111-5769,502-555-0148,1770.png,t,3/27/20,3/27/20,,,
1771,Adeline,Lowes,alowesle@example.com,Lowes1771@kuromaku-u.org,F,3/8/07,2029,2029,WHT,COM,UND,970-111-5770,718-555-0142,1771.png,t,3/27/20,3/27/20,,,
1772,Solly,Spadeck,sspadecklf@example.net,Spadeck1772@kuromaku-u.org,M,8/23/05,2027,2027,WHT,MAN,MEC,970-111-5771,559-555-0171,1772.png,t,3/27/20,3/27/20,,,
1773,Boot,Rushford,brushfordlg@example.com,Rushford1773@kuromaku-u.org,M,11/13/04,2027,2027,ASN,MEC,CHE,970-111-5772,205-555-0183,1773.png,t,3/27/20,3/27/20,,,
1774,Osgood,Mayze,omayzelh@example.com,Mayze1774@kuromaku-u.org,M,7/20/05,2027,2027,ASN,NUC,UND,970-111-5773,541-555-0198,1774.png,t,3/27/20,3/27/20,,,
1775,Amitie,Pirnie,apirnieli@example.net,Pirnie1775@kuromaku-u.org,F,1/31/07,2029,2029,WHT,CIV,AER,970-111-5774,601-555-0129,1775.png,t,3/27/20,3/27/20,,,
1776,Sandra,McComb,smccomblj@example.com,McComb1776@kuromaku-u.org,F,7/25/06,2028,2028,AFR,MEC,UND,970-111-5775,612-555-0158,1776.png,t,3/27/20,3/27/20,,,
1777,Gannon,Hurcombe,ghurcombelk@example.com,Hurcombe1777@kuromaku-u.org,M,2/19/06,2028,2028,AFR,ENG,CHE,970-111-5776,330-555-0125,1777.png,t,3/27/20,3/27/20,,,
1778,Dalli,Hayhurst,dhayhurstll@example.net,Hayhurst1778@kuromaku-u.org,M,7/15/06,2028,2028,ASN,NUC,UND,970-111-5777,716-555-0192,1778.png,t,3/27/20,3/27/20,,,
1779,Sandor,Anyene,sanyenelm@example.com,Anyene1779@kuromaku-u.org,M,7/9/08,2030,2030,AFR,MEC,UND,970-111-5778,814-555-0127,1779.png,t,3/27/20,3/27/20,,,
1780,Janean,Lamblot,jlamblotln@example.com,Lamblot1780@kuromaku-u.org,F,8/25/06,2028,2028,HSP,MEC,ENG,970-111-5779,850-555-0156,1780.png,t,3/27/20,3/27/20,,,
1781,Venita,Fenty,vfentylo@example.com,Fenty1781@kuromaku-u.org,F,3/19/05,2027,2027,ASN,ENG,MEC,970-111-5780,814-555-0154,1781.png,t,3/27/20,3/27/20,,,
1782,Jenelle,Osgood,josgoodlp@example.com,Osgood1782@kuromaku-u.org,F,2/24/06,2028,2028,WHT,AER,UND,970-111-5781,936-555-0170,1782.png,t,3/27/20,3/27/20,,,
1783,Ase,Kuhlmey,akuhlmeylq@example.net,Kuhlmey1783@kuromaku-u.org,M,7/24/08,2030,2030,AFR,CIV,UND,970-111-5782,952-555-0145,1783.png,t,3/27/20,3/27/20,,,
1784,Janaye,Yard,jyardlr@example.com,Yard1784@kuromaku-u.org,F,11/2/04,2027,2027,WHT,NUC,MAT,970-111-5783,415-555-0104,1784.png,t,3/27/20,3/27/20,,,
1785,Barnaby,Hilary,bhilaryls@example.net,Hilary1785@kuromaku-u.org,M,12/26/07,2030,2030,ASN,MEC,UND,970-111-5784,254-555-0124,1785.png,t,3/27/20,3/27/20,,,
1786,Melvyn,Gianuzzi,mgianuzzilt@example.org,Gianuzzi1786@kuromaku-u.org,M,1/4/05,2027,2027,WHT,MAT,CHE,970-111-5785,989-555-0195,1786.png,t,3/27/20,3/27/20,,,
1787,Althea,Houlson,ahoulsonlu@example.org,Houlson1787@kuromaku-u.org,F,3/11/05,2027,2027,AFR,CIV,UND,970-111-5786,210-555-0175,1787.png,t,3/27/20,3/27/20,,,
1788,Zak,Pitsall,zpitsalllv@example.com,Pitsall1788@kuromaku-u.org,M,3/8/06,2028,2028,HSP,MAT,COM,970-111-5787,804-555-0126,1788.png,t,3/27/20,3/27/20,,,
1789,Leonanie,Fryman,lfrymanlw@example.com,Fryman1789@kuromaku-u.org,F,12/19/04,2027,2027,HSP,CHE,COM,970-111-5788,405-555-0173,1789.png,t,3/27/20,3/27/20,,,
1790,Irvin,Rainard,irainardlx@example.org,Rainard1790@kuromaku-u.org,M,2/23/06,2028,2028,ASN,MAN,UND,970-111-5789,202-555-0166,1790.png,t,3/27/20,3/27/20,,,
1791,Pearce,Clewer,pclewerly@example.com,Clewer1791@kuromaku-u.org,M,9/7/07,2030,2030,AFR,NUC,UND,970-111-5790,510-555-0122,1791.png,t,3/27/20,3/27/20,,,
1792,Federico,Nanetti,fnanettilz@example.org,Nanetti1792@kuromaku-u.org,M,8/14/06,2028,2028,ASN,ENG,UND,970-111-5791,202-555-0151,1792.png,t,3/27/20,3/27/20,,,
1793,Melva,Diack,mdiackm0@example.com,Diack1793@kuromaku-u.org,F,11/29/06,2029,2029,HSP,MEC,UND,970-111-5792,312-555-0107,1793.png,t,3/27/20,3/27/20,,,
1794,Dexter,Achurch,dachurchm1@example.net,Achurch1794@kuromaku-u.org,M,11/29/05,2028,2028,HSP,AER,UND,970-111-5793,256-555-0135,1794.png,t,3/27/20,3/27/20,,,
1795,Kaleb,Pulster,kpulsterm2@example.com,Pulster1795@kuromaku-u.org,M,9/13/06,2029,2029,HSP,NUC,UND,970-111-5794,215-555-0135,1795.png,t,3/27/20,3/27/20,,,
1796,Raffaello,Boame,rboamem3@example.com,Boame1796@kuromaku-u.org,M,4/16/05,2027,2027,ASN,AER,UND,970-111-5795,937-555-0143,1796.png,t,3/27/20,3/27/20,,,
1797,Chloe,Brushneen,cbrushneenm4@example.org,Brushneen1797@kuromaku-u.org,F,3/25/06,2028,2028,WHT,COM,UND,970-111-5796,760-555-0118,1797.png,t,3/27/20,3/27/20,,,
1798,Valida,Huccaby,vhuccabym5@example.com,Huccaby1798@kuromaku-u.org,F,10/30/06,2029,2029,HSP,CIV,MAT,970-111-5797,859-555-0115,1798.png,t,3/27/20,3/27/20,,,
1799,Alva,Monni,amonnim6@example.com,Monni1799@kuromaku-u.org,M,6/17/05,2027,2027,HSP,NUC,UND,970-111-5798,239-555-0133,1799.png,t,3/27/20,3/27/20,,,
1800,Robb,Agutter,ragutterm7@example.org,Agutter1800@kuromaku-u.org,M,3/31/05,2027,2027,WHT,NUC,UND,970-111-5799,305-555-0126,1800.png,t,3/27/20,3/27/20,,,
1801,Adolf,Claiden,aclaidenm8@example.com,Claiden1801@kuromaku-u.org,M,5/24/08,2030,2030,HSP,MEC,UND,970-111-5800,260-555-0193,1801.png,t,3/27/20,3/27/20,,,
1802,Baird,Andretti,bandrettim9@example.com,Andretti1802@kuromaku-u.org,M,9/26/05,2028,2028,ASN,NUC,UND,970-111-5801,810-555-0119,1802.png,t,3/27/20,3/27/20,,,
1803,Isis,Livesley,ilivesleyma@example.com,Livesley1803@kuromaku-u.org,F,11/8/04,2027,2027,ASN,MAN,UND,970-111-5802,608-555-0172,1803.png,t,3/27/20,3/27/20,,,
1804,Eleanore,Ferrant,eferrantmb@example.org,Ferrant1804@kuromaku-u.org,F,1/29/06,2028,2028,ASN,MAT,COM,970-111-5803,203-555-0154,1804.png,t,3/27/20,3/27/20,,,
1805,Geordie,Sign,gsignmc@example.com,Sign1805@kuromaku-u.org,M,9/4/04,2027,2027,WHT,MEC,UND,970-111-5804,205-555-0190,1805.png,t,3/27/20,3/27/20,,,
1806,Jaymee,Bernaldo,jbernaldomd@example.com,Bernaldo1806@kuromaku-u.org,F,5/20/08,2030,2030,WHT,NUC,UND,970-111-5805,916-555-0101,1806.png,t,3/27/20,3/27/20,,,
1807,Rhoda,Wadly,rwadlyme@example.net,Wadly1807@kuromaku-u.org,F,5/8/08,2030,2030,ASN,MAT,UND,970-111-5806,229-555-0149,1807.png,t,3/27/20,3/27/20,,,
1808,Anjanette,Cutriss,acutrissmf@example.com,Cutriss1808@kuromaku-u.org,F,10/5/05,2028,2028,AFR,MEC,UND,970-111-5807,305-555-0163,1808.png,t,3/27/20,3/27/20,,,
1809,Mata,Chesnay,mchesnaymg@example.com,Chesnay1809@kuromaku-u.org,M,2/17/07,2029,2029,ASN,NUC,UND,970-111-5808,812-555-0174,1809.png,t,3/27/20,3/27/20,,,
1810,Constantine,Rivaland,crivalandmh@example.com,Rivaland1810@kuromaku-u.org,F,7/27/08,2030,2030,HSP,CIV,UND,970-111-5809,904-555-0111,1810.png,t,3/27/20,3/27/20,,,
1811,Robbie,Durtnal,rdurtnalmi@example.org,Durtnal1811@kuromaku-u.org,F,12/10/04,2027,2027,HSP,AER,MAN,970-111-5810,505-555-0103,1811.png,t,3/27/20,3/27/20,,,
1812,Travus,Waadenburg,twaadenburgmj@example.com,Waadenburg1812@kuromaku-u.org,M,5/18/05,2027,2027,WHT,MAT,UND,970-111-5811,602-555-0126,1812.png,t,3/27/20,3/27/20,,,
1813,Kimberlee,Rowter,krowtermk@example.org,Rowter1813@kuromaku-u.org,F,5/20/06,2028,2028,AFR,NUC,UND,970-111-5812,808-555-0162,1813.png,t,3/27/20,3/27/20,,,
1814,Maura,Joseff,mjoseffml@example.net,Joseff1814@kuromaku-u.org,F,12/15/04,2027,2027,WHT,COM,UND,970-111-5813,862-555-0129,1814.png,t,3/27/20,3/27/20,,,
1815,Jerry,Hyrons,jhyronsmm@example.com,Hyrons1815@kuromaku-u.org,M,7/15/06,2028,2028,HSP,MEC,UND,970-111-5814,479-555-0198,1815.png,t,3/27/20,3/27/20,,,
1816,Arny,Ferrer,aferrermn@example.com,Ferrer1816@kuromaku-u.org,M,7/6/06,2028,2028,ASN,CIV,UND,970-111-5815,503-555-0190,1816.png,t,3/27/20,3/27/20,,,
1817,Kimball,Potkin,kpotkinmo@example.com,Potkin1817@kuromaku-u.org,M,3/19/05,2027,2027,WHT,MEC,ENG,970-111-5816,918-555-0101,1817.png,t,3/27/20,3/27/20,,,
1818,Madelina,Lilford,mlilfordmp@example.com,Lilford1818@kuromaku-u.org,F,4/5/07,2029,2029,AFR,CIV,MAT,970-111-5817,801-555-0168,1818.png,t,3/27/20,3/27/20,,,
1819,Nicolette,Sevitt,nsevittmq@example.com,Sevitt1819@kuromaku-u.org,F,10/15/05,2028,2028,HSP,MAT,UND,970-111-5818,504-555-0113,1819.png,t,3/27/20,3/27/20,,,
1820,Bobine,Habeshaw,bhabeshawmr@example.com,Habeshaw1820@kuromaku-u.org,F,9/14/05,2028,2028,ASN,ENG,UND,970-111-5819,314-555-0178,1820.png,t,3/27/20,3/27/20,,,
1821,Gloriane,Canfer,gcanferms@example.org,Canfer1821@kuromaku-u.org,F,8/19/08,2030,2030,ASN,AER,UND,970-111-5820,619-555-0105,1821.png,t,3/27/20,3/27/20,,,
1822,Davidson,Durnan,ddurnanmt@example.com,Durnan1822@kuromaku-u.org,M,8/7/08,2030,2030,ASN,CHE,UND,970-111-5821,914-555-0117,1822.png,t,3/27/20,3/27/20,,,
1823,Abraham,McRavey,amcraveymu@example.com,McRavey1823@kuromaku-u.org,M,1/20/06,2028,2028,ASN,ENG,UND,970-111-5822,713-555-0104,1823.png,t,3/27/20,3/27/20,,,
1824,Milli,Abotson,mabotsonmv@example.net,Abotson1824@kuromaku-u.org,F,3/9/05,2027,2027,AFR,NUC,UND,970-111-5823,334-555-0109,1824.png,t,3/27/20,3/27/20,,,
1825,Urbano,Poytheras,upoytherasmw@example.com,Poytheras1825@kuromaku-u.org,M,3/25/05,2027,2027,WHT,COM,UND,970-111-5824,202-555-0104,1825.png,t,3/27/20,3/27/20,,,
1826,Lorin,McVittie,lmcvittiemx@example.com,McVittie1826@kuromaku-u.org,M,8/1/08,2030,2030,HSP,NUC,UND,970-111-5825,212-555-0165,1826.png,t,3/27/20,3/27/20,,,
1827,Galvan,Cornthwaite,gcornthwaitemy@example.net,Cornthwaite1827@kuromaku-u.org,M,4/3/08,2030,2030,ASN,COM,UND,970-111-5826,203-555-0120,1827.png,t,3/27/20,3/27/20,,,
1828,Raynor,Grzelewski,rgrzelewskimz@example.com,Grzelewski1828@kuromaku-u.org,M,3/13/06,2028,2028,HSP,NUC,UND,970-111-5827,202-555-0147,1828.png,t,3/27/20,3/27/20,,,
1829,Camila,Yushankin,cyushankinn0@example.com,Yushankin1829@kuromaku-u.org,F,3/18/08,2030,2030,ASN,MAN,UND,970-111-5828,212-555-0118,1829.png,t,3/27/20,3/27/20,,,
1830,Caldwell,Pomroy,cpomroyn1@example.com,Pomroy1830@kuromaku-u.org,M,5/11/07,2029,2029,WHT,ENG,UND,970-111-5829,860-555-0187,1830.png,t,3/27/20,3/27/20,,,
1831,Fran,Elbourne,felbournen2@example.com,Elbourne1831@kuromaku-u.org,F,11/21/06,2029,2029,WHT,AER,NUC,970-111-5830,318-555-0132,1831.png,t,3/27/20,3/27/20,,,
1832,Virginie,Asey,vaseyn3@example.com,Asey1832@kuromaku-u.org,F,4/8/07,2029,2029,ASN,ENG,UND,970-111-5831,251-555-0163,1832.png,t,3/27/20,3/27/20,,,
1833,Huntley,Tissier,htissiern4@example.org,Tissier1833@kuromaku-u.org,M,2/11/07,2029,2029,AFR,ENG,UND,970-111-5832,714-555-0117,1833.png,t,3/27/20,3/27/20,,,
1834,Amabelle,Charlesworth,acharlesworthn5@example.net,Charlesworth1834@kuromaku-u.org,F,3/30/05,2027,2027,ASN,CHE,NUC,970-111-5833,313-555-0134,1834.png,t,3/27/20,3/27/20,,,
1835,Riane,Wolver,rwolvern6@example.com,Wolver1835@kuromaku-u.org,F,12/8/07,2030,2030,HSP,AER,UND,970-111-5834,757-555-0170,1835.png,t,3/27/20,3/27/20,,,
1836,Godard,Kahler,gkahlern7@example.net,Kahler1836@kuromaku-u.org,M,8/12/06,2028,2028,WHT,COM,UND,970-111-5835,972-555-0196,1836.png,t,3/27/20,3/27/20,,,
1837,Noelle,Trimme,ntrimmen8@example.com,Trimme1837@kuromaku-u.org,F,10/15/04,2027,2027,WHT,CIV,UND,970-111-5836,518-555-0100,1837.png,t,3/27/20,3/27/20,,,
1838,Percival,O'Fallowne,pofallownen9@example.org,O'Fallowne1838@kuromaku-u.org,M,8/23/08,2030,2030,ASN,NUC,ENG,970-111-5837,520-555-0106,1838.png,t,3/27/20,3/27/20,,,
1839,Dierdre,Monshall,dmonshallna@example.com,Monshall1839@kuromaku-u.org,F,12/24/07,2030,2030,HSP,MEC,UND,970-111-5838,309-555-0133,1839.png,t,3/27/20,3/27/20,,,
1840,Viva,Hatcliffe,vhatcliffenb@example.com,Hatcliffe1840@kuromaku-u.org,F,4/17/06,2028,2028,ASN,ENG,UND,970-111-5839,212-555-0174,1840.png,t,3/27/20,3/27/20,,,
1841,Paquito,Baxstair,pbaxstairnc@example.com,Baxstair1841@kuromaku-u.org,M,9/22/06,2029,2029,HSP,CHE,UND,970-111-5840,512-555-0149,1841.png,t,3/27/20,3/27/20,,,
1842,Alfreda,McFarland,amcfarlandnd@example.com,McFarland1842@kuromaku-u.org,F,4/28/08,2030,2030,HSP,MAN,UND,970-111-5841,336-555-0111,1842.png,t,3/27/20,3/27/20,,,
1843,Palmer,Enriques,penriquesne@example.net,Enriques1843@kuromaku-u.org,M,2/6/05,2027,2027,WHT,ENG,UND,970-111-5842,509-555-0124,1843.png,t,3/27/20,3/27/20,,,
1844,Karlene,O'Doherty,kodohertynf@example.org,O'Doherty1844@kuromaku-u.org,F,1/23/08,2030,2030,AFR,ENG,NUC,970-111-5843,402-555-0157,1844.png,t,3/27/20,3/27/20,,,
1845,Remy,Portsmouth,rportsmouthng@example.com,Portsmouth1845@kuromaku-u.org,F,12/2/07,2030,2030,ASN,NUC,UND,970-111-5844,305-555-0183,1845.png,t,3/27/20,3/27/20,,,
1846,Lora,Klais,lklaisnh@example.com,Klais1846@kuromaku-u.org,F,10/22/07,2030,2030,HSP,MAN,UND,970-111-5845,915-555-0138,1846.png,t,3/27/20,3/27/20,,,
1847,Worth,Scardifield,wscardifieldni@example.com,Scardifield1847@kuromaku-u.org,M,8/12/07,2029,2029,HSP,MAT,CIV,970-111-5846,609-555-0148,1847.png,t,3/27/20,3/27/20,,,
1848,Claudia,Reuben,creubennj@example.com,Reuben1848@kuromaku-u.org,F,3/20/06,2028,2028,HSP,MAT,UND,970-111-5847,858-555-0183,1848.png,t,3/27/20,3/27/20,,,
1849,Chas,Kiendl,ckiendlnk@example.org,Kiendl1849@kuromaku-u.org,M,11/15/07,2030,2030,ASN,MAN,UND,970-111-5848,847-555-0164,1849.png,t,3/27/20,3/27/20,,,
1850,Margery,Smedmore,msmedmorenl@example.org,Smedmore1850@kuromaku-u.org,F,1/8/08,2030,2030,HSP,CIV,UND,970-111-5849,205-555-0196,1850.png,t,3/27/20,3/27/20,,,
1851,Oralee,Axelby,oaxelbynm@example.net,Axelby1851@kuromaku-u.org,F,2/1/08,2030,2030,HSP,COM,NUC,970-111-5850,509-555-0183,1851.png,t,3/27/20,3/27/20,,,
1852,Catrina,Blankhorn,cblankhornnn@example.net,Blankhorn1852@kuromaku-u.org,F,5/25/08,2030,2030,ASN,NUC,UND,970-111-5851,901-555-0124,1852.png,t,3/27/20,3/27/20,,,
1853,Templeton,Stockbridge,tstockbridgeno@example.org,Stockbridge1853@kuromaku-u.org,M,2/21/07,2029,2029,ASN,ENG,UND,970-111-5852,626-555-0175,1853.png,t,3/27/20,3/27/20,,,
1854,Rosco,Johnstone,rjohnstonenp@example.org,Johnstone1854@kuromaku-u.org,M,9/2/07,2030,2030,HSP,AER,UND,970-111-5853,626-555-0162,1854.png,t,3/27/20,3/27/20,,,
1855,Marya,Bouette,mbouettenq@example.com,Bouette1855@kuromaku-u.org,F,10/25/07,2030,2030,WHT,MAT,UND,970-111-5854,352-555-0127,1855.png,t,3/27/20,3/27/20,,,
1856,Barbette,Greeding,bgreedingnr@example.net,Greeding1856@kuromaku-u.org,F,4/8/08,2030,2030,WHT,COM,UND,970-111-5855,513-555-0147,1856.png,t,3/27/20,3/27/20,,,
1857,Georgette,Rudinger,grudingerns@example.com,Rudinger1857@kuromaku-u.org,F,8/24/08,2030,2030,WHT,MAN,UND,970-111-5856,937-555-0139,1857.png,t,3/27/20,3/27/20,,,
1858,Cory,MattiCCI,cmatticcint@example.org,MattiCCI1858@kuromaku-u.org,M,4/11/05,2027,2027,HSP,CHE,NUC,970-111-5857,956-555-0121,1858.png,t,3/27/20,3/27/20,,,
1859,Philis,Diter,pditernu@example.com,Diter1859@kuromaku-u.org,F,4/22/05,2027,2027,HSP,AER,UND,970-111-5858,865-555-0147,1859.png,t,3/27/20,3/27/20,,,
1860,Yankee,Duffy,yduffynv@example.com,Duffy1860@kuromaku-u.org,M,8/21/08,2030,2030,WHT,MAN,UND,970-111-5859,502-555-0141,1860.png,t,3/27/20,3/27/20,,,
1861,Dorelia,Blouet,dblouetnw@example.com,Blouet1861@kuromaku-u.org,F,11/2/04,2027,2027,AFR,NUC,COM,970-111-5860,253-555-0145,1861.png,t,3/27/20,3/27/20,,,
1862,Ferdy,Abramovici,fabramovicinx@example.com,Abramovici1862@kuromaku-u.org,M,7/17/05,2027,2027,HSP,MEC,UND,970-111-5861,405-555-0194,1862.png,t,3/27/20,3/27/20,,,
1863,Theodoric,Tindley,ttindleyny@example.com,Tindley1863@kuromaku-u.org,M,1/25/05,2027,2027,WHT,MAN,UND,970-111-5862,786-555-0128,1863.png,t,3/27/20,3/27/20,,,
1864,Pasquale,Smalman,psmalmannz@example.com,Smalman1864@kuromaku-u.org,M,6/28/07,2029,2029,ASN,NUC,UND,970-111-5863,682-555-0106,1864.png,t,3/27/20,3/27/20,,,
1865,Augustin,Crutchfield,acrutchfieldo0@example.org,Crutchfield1865@kuromaku-u.org,M,11/15/07,2030,2030,HSP,ENG,UND,970-111-5864,616-555-0183,1865.png,t,3/27/20,3/27/20,,,
1866,Denny,Arbon,darbono1@example.org,Arbon1866@kuromaku-u.org,F,3/29/08,2030,2030,ASN,CHE,UND,970-111-5865,918-555-0173,1866.png,t,3/27/20,3/27/20,,,
1867,Malchy,Hardy-Piggin,mhardypiggino2@example.com,Hardy-Piggin1867@kuromaku-u.org,M,6/16/08,2030,2030,HSP,ENG,UND,970-111-5866,303-555-0118,1867.png,t,3/27/20,3/27/20,,,
1868,Bernie,Neeson,bneesono3@example.net,Neeson1868@kuromaku-u.org,F,12/23/05,2028,2028,AFR,AER,UND,970-111-5867,813-555-0115,1868.png,t,3/27/20,3/27/20,,,
1869,Zollie,Cockroft,zcockrofto4@example.net,Cockroft1869@kuromaku-u.org,M,1/8/08,2030,2030,HSP,CIV,MEC,970-111-5868,718-555-0186,1869.png,t,3/27/20,3/27/20,,,
1870,Janek,Mucillo,jmucilloo5@example.com,Mucillo1870@kuromaku-u.org,M,9/17/04,2027,2027,WHT,AER,UND,970-111-5869,414-555-0150,1870.png,t,3/27/20,3/27/20,,,
1871,Elnora,Daughtry,edaughtryo6@example.com,Daughtry1871@kuromaku-u.org,F,6/9/07,2029,2029,HSP,ENG,UND,970-111-5870,240-555-0199,1871.png,t,3/27/20,3/27/20,,,
1872,Beilul,Isitt,bisitto7@example.net,Isitt1872@kuromaku-u.org,F,4/20/07,2029,2029,WHT,NUC,UND,970-111-5871,314-555-0164,1872.png,t,3/27/20,3/27/20,,,
1873,Gayler,Truett,gtruetto8@example.com,Truett1873@kuromaku-u.org,M,7/6/08,2030,2030,ASN,AER,UND,970-111-5872,501-555-0113,1873.png,t,3/27/20,3/27/20,,,
1874,Horst,Banbridge,hbanbridgeo9@example.com,Banbridge1874@kuromaku-u.org,M,5/16/06,2028,2028,HSP,CIV,UND,970-111-5873,816-555-0124,1874.png,t,3/27/20,3/27/20,,,
1875,Logan,Hillyatt,lhillyattoa@example.com,Hillyatt1875@kuromaku-u.org,M,2/16/07,2029,2029,AFR,ENG,COM,970-111-5874,717-555-0126,1875.png,t,3/27/20,3/27/20,,,
1876,Fancy,Bartoletti,fbartolettiob@example.com,Bartoletti1876@kuromaku-u.org,F,3/28/08,2030,2030,AFR,CHE,UND,970-111-5875,608-555-0124,1876.png,t,3/27/20,3/27/20,,,
1877,Cori,Harrell,charrelloc@example.org,Harrell1877@kuromaku-u.org,M,7/22/08,2030,2030,ASN,COM,ENG,970-111-5876,314-555-0114,1877.png,t,3/27/20,3/27/20,,,
1878,Jackson,Niessen,jniessenod@example.org,Niessen1878@kuromaku-u.org,M,1/28/08,2030,2030,ASN,NUC,UND,970-111-5877,605-555-0167,1878.png,t,3/27/20,3/27/20,,,
1879,Granny,Prosser,gprosseroe@example.com,Prosser1879@kuromaku-u.org,M,3/31/07,2029,2029,ASN,ENG,UND,970-111-5878,571-555-0129,1879.png,t,3/27/20,3/27/20,,,
1880,Elana,Ramalho,eramalhoof@example.com,Ramalho1880@kuromaku-u.org,F,6/29/05,2027,2027,AFR,ENG,UND,970-111-5879,360-555-0126,1880.png,t,3/27/20,3/27/20,,,
1881,Thalia,Devorill,tdevorillog@example.net,Devorill1881@kuromaku-u.org,F,1/11/08,2030,2030,AFR,MAN,UND,970-111-5880,267-555-0145,1881.png,t,3/27/20,3/27/20,,,
1882,Lauren,Ryles,lrylesoh@example.com,Ryles1882@kuromaku-u.org,F,12/30/07,2030,2030,AFR,CIV,MEC,970-111-5881,419-555-0117,1882.png,t,3/27/20,3/27/20,,,
1883,Tobie,Gadsden,tgadsdenoi@example.com,Gadsden1883@kuromaku-u.org,M,3/26/05,2027,2027,HSP,NUC,MAN,970-111-5882,907-555-0147,1883.png,t,3/27/20,3/27/20,,,
1884,Allegra,Prier,aprieroj@example.com,Prier1884@kuromaku-u.org,F,1/18/05,2027,2027,WHT,AER,UND,970-111-5883,816-555-0143,1884.png,t,3/27/20,3/27/20,,,
1885,Mendy,Crielly,mcriellyok@example.com,Crielly1885@kuromaku-u.org,M,12/17/06,2029,2029,AFR,COM,MEC,970-111-5884,202-555-0176,1885.png,t,3/27/20,3/27/20,,,
1886,Guendolen,Davenhall,gdavenhallol@example.net,Davenhall1886@kuromaku-u.org,F,1/22/06,2028,2028,WHT,MEC,UND,970-111-5885,419-555-0178,1886.png,t,3/27/20,3/27/20,,,
1887,Anna-diana,Eunson,aeunsonom@example.com,Eunson1887@kuromaku-u.org,F,4/11/07,2029,2029,WHT,MAT,MEC,970-111-5886,619-555-0114,1887.png,t,3/27/20,3/27/20,,,
1888,Sigismondo,Waghorne,swaghorneon@example.org,Waghorne1888@kuromaku-u.org,M,9/15/06,2029,2029,HSP,MAT,UND,970-111-5887,212-555-0102,1888.png,t,3/27/20,3/27/20,,,
1889,Mandel,Bamforth,mbamforthoo@example.com,Bamforth1889@kuromaku-u.org,M,3/2/08,2030,2030,AFR,CHE,MAN,970-111-5888,314-555-0192,1889.png,t,3/27/20,3/27/20,,,
1890,Silvan,Klain,sklainop@example.com,Klain1890@kuromaku-u.org,M,12/24/06,2029,2029,AFR,NUC,MAT,970-111-5889,408-555-0153,1890.png,t,3/27/20,3/27/20,,,
1891,Issi,Letertre,iletertreoq@example.com,Letertre1891@kuromaku-u.org,F,10/31/06,2029,2029,ASN,COM,CIV,970-111-5890,571-555-0184,1891.png,t,3/27/20,3/27/20,,,
1892,Carling,McColm,cmccolmor@example.com,McColm1892@kuromaku-u.org,M,10/22/05,2028,2028,ASN,COM,UND,970-111-5891,727-555-0111,1892.png,t,3/27/20,3/27/20,,,
1893,Hewie,Jarvis,hjarvisos@example.com,Jarvis1893@kuromaku-u.org,M,2/26/06,2028,2028,ASN,COM,UND,970-111-5892,772-555-0130,1893.png,t,3/27/20,3/27/20,,,
1894,Farra,Pezey,fpezeyot@example.com,Pezey1894@kuromaku-u.org,F,3/24/07,2029,2029,AFR,MAT,UND,970-111-5893,915-555-0135,1894.png,t,3/27/20,3/27/20,,,
1895,Celestina,Davidde,cdaviddeou@example.net,Davidde1895@kuromaku-u.org,F,11/13/07,2030,2030,HSP,AER,UND,970-111-5894,217-555-0175,1895.png,t,3/27/20,3/27/20,,,
1896,Domenic,Spivie,dspivieov@example.com,Spivie1896@kuromaku-u.org,M,4/18/06,2028,2028,WHT,AER,MEC,970-111-5895,336-555-0175,1896.png,t,3/27/20,3/27/20,,,
1897,Thomasina,Armall,tarmallow@example.com,Armall1897@kuromaku-u.org,F,10/29/07,2030,2030,ASN,NUC,UND,970-111-5896,786-555-0116,1897.png,t,3/27/20,3/27/20,,,
1898,Jesus,Meriguet,jmeriguetox@example.com,Meriguet1898@kuromaku-u.org,M,6/15/08,2030,2030,ASN,MAN,UND,970-111-5897,412-555-0142,1898.png,t,3/27/20,3/27/20,,,
1899,Dulce,Demchen,ddemchenoy@example.com,Demchen1899@kuromaku-u.org,F,11/10/06,2029,2029,HSP,CIV,UND,970-111-5898,772-555-0165,1899.png,t,3/27/20,3/27/20,,,
1900,Merola,Oylett,moylettoz@example.com,Oylett1900@kuromaku-u.org,F,6/19/05,2027,2027,WHT,CHE,UND,970-111-5899,405-555-0108,1900.png,t,3/27/20,3/27/20,,,
1901,Drucie,Milbank,dmilbankp0@example.net,Milbank1901@kuromaku-u.org,F,8/26/08,2030,2030,ASN,ENG,UND,970-111-5900,405-555-0113,1901.png,t,3/27/20,3/27/20,,,
1902,Jean,Polden,jpoldenp1@example.com,Polden1902@kuromaku-u.org,M,4/14/06,2028,2028,WHT,COM,ENG,970-111-5901,919-555-0132,1902.png,t,3/27/20,3/27/20,,,
1903,Clara,Jura,cjurap2@example.org,Jura1903@kuromaku-u.org,F,11/20/05,2028,2028,AFR,COM,UND,970-111-5902,775-555-0109,1903.png,t,3/27/20,3/27/20,,,
1904,Jacinta,Iannello,jiannellop3@example.com,Iannello1904@kuromaku-u.org,F,12/1/07,2030,2030,WHT,NUC,UND,970-111-5903,720-555-0164,1904.png,t,3/27/20,3/27/20,,,
1905,Ivar,Bartlam,ibartlamp4@example.org,Bartlam1905@kuromaku-u.org,M,1/14/06,2028,2028,AFR,MAT,NUC,970-111-5904,614-555-0119,1905.png,t,3/27/20,3/27/20,,,
1906,Darcy,Desaur,ddesaurp5@example.net,Desaur1906@kuromaku-u.org,M,5/24/06,2028,2028,HSP,MAN,UND,970-111-5905,682-555-0183,1906.png,t,3/27/20,3/27/20,,,
1907,Isobel,Van der Velde,ivanderveldep6@example.com,VanderVelde1907@kuromaku-u.org,F,11/3/04,2027,2027,HSP,CIV,ENG,970-111-5906,941-555-0115,1907.png,t,3/27/20,3/27/20,,,
1908,Leia,Woosnam,lwoosnamp7@example.org,Woosnam1908@kuromaku-u.org,F,8/10/08,2030,2030,HSP,NUC,UND,970-111-5907,810-555-0133,1908.png,t,3/27/20,3/27/20,,,
1909,Desmund,Cust,dcustp8@example.com,Cust1909@kuromaku-u.org,M,8/18/05,2027,2027,WHT,MEC,UND,970-111-5908,559-555-0110,1909.png,t,3/27/20,3/27/20,,,
1910,Gilly,Sudell,gsudellp9@example.org,Sudell1910@kuromaku-u.org,F,6/8/07,2029,2029,WHT,COM,ENG,970-111-5909,203-555-0166,1910.png,t,3/27/20,3/27/20,,,
1911,Bonny,Sudworth,bsudworthpa@example.com,Sudworth1911@kuromaku-u.org,F,8/28/05,2027,2027,HSP,MAN,UND,970-111-5910,360-555-0130,1911.png,t,3/27/20,3/27/20,,,
1912,Lorri,Buist,lbuistpb@example.org,Buist1912@kuromaku-u.org,F,5/10/06,2028,2028,HSP,MAN,UND,970-111-5911,816-555-0167,1912.png,t,3/27/20,3/27/20,,,
1913,Rourke,Kellar,rkellarpc@example.com,Kellar1913@kuromaku-u.org,M,6/11/07,2029,2029,ASN,NUC,UND,970-111-5912,203-555-0142,1913.png,t,3/27/20,3/27/20,,,
1914,Juan,Smiz,jsmizpd@example.com,Smiz1914@kuromaku-u.org,M,7/16/05,2027,2027,AFR,NUC,MAT,970-111-5913,786-555-0184,1914.png,t,3/27/20,3/27/20,,,
1915,Briano,Pietrzyk,bpietrzykpe@example.com,Pietrzyk1915@kuromaku-u.org,M,12/30/06,2029,2029,AFR,CIV,UND,970-111-5914,570-555-0186,1915.png,t,3/27/20,3/27/20,,,
1916,Aeriel,Heineke,aheinekepf@example.com,Heineke1916@kuromaku-u.org,F,12/5/04,2027,2027,AFR,MAT,UND,970-111-5915,859-555-0184,1916.png,t,3/27/20,3/27/20,,,
1917,Cristine,Swinford,cswinfordpg@example.net,Swinford1917@kuromaku-u.org,F,12/12/07,2030,2030,AFR,ENG,AER,970-111-5916,614-555-0127,1917.png,t,3/27/20,3/27/20,,,
1918,Crin,Battell,cbattellph@example.com,Battell1918@kuromaku-u.org,F,2/1/08,2030,2030,HSP,NUC,ENG,970-111-5917,904-555-0114,1918.png,t,3/27/20,3/27/20,,,
1919,Moria,Elletson,melletsonpi@example.com,Elletson1919@kuromaku-u.org,F,5/18/08,2030,2030,ASN,CIV,UND,970-111-5918,772-555-0132,1919.png,t,3/27/20,3/27/20,,,
1920,Clotilda,Riding,cridingpj@example.net,Riding1920@kuromaku-u.org,F,1/16/08,2030,2030,AFR,MEC,CIV,970-111-5919,206-555-0157,1920.png,t,3/27/20,3/27/20,,,
1921,Job,Puvia,jpuviapk@example.net,Puvia1921@kuromaku-u.org,M,5/4/06,2028,2028,ASN,NUC,AER,970-111-5920,479-555-0153,1921.png,t,3/27/20,3/27/20,,,
1922,Prent,Gillise,pgillisepl@example.com,Gillise1922@kuromaku-u.org,M,4/28/08,2030,2030,WHT,MAN,UND,970-111-5921,415-555-0132,1922.png,t,3/27/20,3/27/20,,,
1923,Penn,Cleland,pclelandpm@example.com,Cleland1923@kuromaku-u.org,M,8/11/05,2027,2027,WHT,AER,UND,970-111-5922,701-555-0118,1923.png,t,3/27/20,3/27/20,,,
1924,Georgie,Harries,gharriespn@example.com,Harries1924@kuromaku-u.org,M,1/27/08,2030,2030,WHT,ENG,UND,970-111-5923,904-555-0184,1924.png,t,3/27/20,3/27/20,,,
1925,Raimondo,Cohrs,rcohrspo@example.org,Cohrs1925@kuromaku-u.org,M,7/19/06,2028,2028,WHT,MEC,MAN,970-111-5924,919-555-0195,1925.png,t,3/27/20,3/27/20,,,
1926,Granthem,Dufaire,gdufairepp@example.com,Dufaire1926@kuromaku-u.org,M,12/13/06,2029,2029,WHT,AER,UND,970-111-5925,414-555-0179,1926.png,t,3/27/20,3/27/20,,,
1927,Candis,MacShane,cmacshanepq@example.com,MacShane1927@kuromaku-u.org,F,5/28/06,2028,2028,ASN,CIV,NUC,970-111-5926,859-555-0190,1927.png,t,3/27/20,3/27/20,,,
1928,Joline,Duplain,jduplainpr@example.org,Duplain1928@kuromaku-u.org,F,11/7/05,2028,2028,ASN,NUC,UND,970-111-5927,480-555-0114,1928.png,t,3/27/20,3/27/20,,,
1929,Isiahi,Jacobowicz,ijacobowiczps@example.com,Jacobowicz1929@kuromaku-u.org,M,10/31/06,2029,2029,HSP,COM,UND,970-111-5928,347-555-0119,1929.png,t,3/27/20,3/27/20,,,
1930,Stewart,Healings,shealingspt@example.com,Healings1930@kuromaku-u.org,M,9/15/06,2029,2029,ASN,CIV,UND,970-111-5929,216-555-0132,1930.png,t,3/27/20,3/27/20,,,
1931,Adolf,Chesher,achesherpu@example.com,Chesher1931@kuromaku-u.org,M,6/19/07,2029,2029,HSP,CIV,NUC,970-111-5930,309-555-0122,1931.png,t,3/27/20,3/27/20,,,
1932,Aimil,Toquet,atoquetpv@example.org,Toquet1932@kuromaku-u.org,F,4/27/08,2030,2030,WHT,AER,UND,970-111-5931,808-555-0181,1932.png,t,3/27/20,3/27/20,,,
1933,Danyelle,Kibbey,dkibbeypw@example.com,Kibbey1933@kuromaku-u.org,F,7/21/07,2029,2029,ASN,AER,UND,970-111-5932,719-555-0105,1933.png,t,3/27/20,3/27/20,,,
1934,Carolus,Novakovic,cnovakovicpx@example.com,Novakovic1934@kuromaku-u.org,M,3/11/07,2029,2029,ASN,MAT,CHE,970-111-5933,718-555-0101,1934.png,t,3/27/20,3/27/20,,,
1935,Dav,Bilson,dbilsonpy@example.com,Bilson1935@kuromaku-u.org,M,4/27/07,2029,2029,WHT,NUC,UND,970-111-5934,801-555-0154,1935.png,t,3/27/20,3/27/20,,,
1936,Marlo,Rasell,mrasellpz@example.com,Rasell1936@kuromaku-u.org,F,9/24/06,2029,2029,HSP,AER,ENG,970-111-5935,505-555-0144,1936.png,t,3/27/20,3/27/20,,,
1937,Margaretta,Alphonso,malphonsoq0@example.com,Alphonso1937@kuromaku-u.org,F,4/14/07,2029,2029,ASN,CHE,UND,970-111-5936,850-555-0137,1937.png,t,3/27/20,3/27/20,,,
1938,Steve,Dogerty,sdogertyq1@example.net,Dogerty1938@kuromaku-u.org,M,10/22/06,2029,2029,AFR,ENG,COM,970-111-5937,916-555-0138,1938.png,t,3/27/20,3/27/20,,,
1939,Cloris,Zielinski,czielinskiq2@example.com,Zielinski1939@kuromaku-u.org,F,8/29/07,2029,2029,ASN,NUC,UND,970-111-5938,817-555-0170,1939.png,t,3/27/20,3/27/20,,,
1940,Camilla,Peyes,cpeyesq3@example.com,Peyes1940@kuromaku-u.org,F,6/15/08,2030,2030,ASN,AER,UND,970-111-5939,714-555-0136,1940.png,t,3/27/20,3/27/20,,,
1941,Tybalt,Fonte,tfonteq4@example.com,Fonte1941@kuromaku-u.org,M,5/3/07,2029,2029,WHT,CHE,MEC,970-111-5940,816-555-0130,1941.png,t,3/27/20,3/27/20,,,
1942,Sal,Woolfitt,swoolfittq5@example.net,Woolfitt1942@kuromaku-u.org,M,4/7/07,2029,2029,HSP,CHE,MEC,970-111-5941,802-555-0138,1942.png,t,3/27/20,3/27/20,,,
1943,Olivette,Hallum,ohallumq6@example.net,Hallum1943@kuromaku-u.org,F,7/8/06,2028,2028,HSP,CIV,UND,970-111-5942,210-555-0110,1943.png,t,3/27/20,3/27/20,,,
1944,Miguel,Elgood,melgoodq7@example.net,Elgood1944@kuromaku-u.org,M,7/16/08,2030,2030,HSP,MEC,UND,970-111-5943,203-555-0195,1944.png,t,3/27/20,3/27/20,,,
1945,Bev,Worvill,bworvillq8@example.com,Worvill1945@kuromaku-u.org,F,1/14/07,2029,2029,AFR,MEC,UND,970-111-5944,406-555-0178,1945.png,t,3/27/20,3/27/20,,,
1946,Derril,McElwee,dmcelweeq9@example.com,McElwee1946@kuromaku-u.org,M,5/14/05,2027,2027,ASN,CIV,UND,970-111-5945,916-555-0164,1946.png,t,3/27/20,3/27/20,,,
1947,Muffin,Mc Meekan,mmcmeekanqa@example.com,McMeekan1947@kuromaku-u.org,M,7/30/05,2027,2027,WHT,COM,UND,970-111-5946,765-555-0189,1947.png,t,3/27/20,3/27/20,,,
1948,Kennedy,Tolfrey,ktolfreyqb@example.com,Tolfrey1948@kuromaku-u.org,M,7/11/06,2028,2028,WHT,CHE,UND,970-111-5947,623-555-0129,1948.png,t,3/27/20,3/27/20,,,
1949,Melicent,Curado,mcuradoqc@example.org,Curado1949@kuromaku-u.org,F,1/24/05,2027,2027,WHT,MAT,CIV,970-111-5948,757-555-0127,1949.png,t,3/27/20,3/27/20,,,
1950,Reinaldos,Benting,rbentingqd@example.com,Benting1950@kuromaku-u.org,M,6/27/08,2030,2030,AFR,MAN,MEC,970-111-5949,704-555-0169,1950.png,t,3/27/20,3/27/20,,,
1951,Enid,Delahunty,edelahuntyqe@example.com,Delahunty1951@kuromaku-u.org,F,3/3/08,2030,2030,AFR,AER,UND,970-111-5950,832-555-0178,1951.png,t,3/27/20,3/27/20,,,
1952,Basil,Audry,baudryqf@example.com,Audry1952@kuromaku-u.org,M,6/18/05,2027,2027,HSP,MAN,NUC,970-111-5951,303-555-0131,1952.png,t,3/27/20,3/27/20,,,
1953,Editha,Vignal,evignalqg@example.com,Vignal1953@kuromaku-u.org,F,8/27/05,2027,2027,WHT,MEC,UND,970-111-5952,254-555-0192,1953.png,t,3/27/20,3/27/20,,,
1954,Erhard,Stoade,estoadeqh@example.com,Stoade1954@kuromaku-u.org,M,2/19/05,2027,2027,AFR,MEC,UND,970-111-5953,719-555-0186,1954.png,t,3/27/20,3/27/20,,,
1955,Rolf,Satcher,rsatcherqi@example.org,Satcher1955@kuromaku-u.org,M,12/20/05,2028,2028,WHT,MAN,UND,970-111-5954,303-555-0130,1955.png,t,3/27/20,3/27/20,,,
1956,Shelagh,Fowls,sfowlsqj@example.com,Fowls1956@kuromaku-u.org,F,2/16/08,2030,2030,WHT,MAN,CHE,970-111-5955,802-555-0194,1956.png,t,3/27/20,3/27/20,,,
1957,Malanie,Fenich,mfenichqk@example.net,Fenich1957@kuromaku-u.org,F,11/19/05,2028,2028,WHT,CIV,UND,970-111-5956,208-555-0193,1957.png,t,3/27/20,3/27/20,,,
1958,Stanislaw,Purser,spurserql@example.com,Purser1958@kuromaku-u.org,M,1/21/05,2027,2027,ASN,AER,UND,970-111-5957,309-555-0164,1958.png,t,3/27/20,3/27/20,,,
1959,Sylvia,Lakenton,slakentonqm@example.com,Lakenton1959@kuromaku-u.org,F,12/11/07,2030,2030,ASN,MAT,UND,970-111-5958,202-555-0177,1959.png,t,3/27/20,3/27/20,,,
1960,Catarina,Dominguez,cdominguezqn@example.com,Dominguez1960@kuromaku-u.org,F,7/26/05,2027,2027,ASN,AER,UND,970-111-5959,502-555-0109,1960.png,t,3/27/20,3/27/20,,,
1961,Astrix,Porcher,aporcherqo@example.com,Porcher1961@kuromaku-u.org,F,9/16/07,2030,2030,AFR,NUC,UND,970-111-5960,504-555-0112,1961.png,t,3/27/20,3/27/20,,,
1962,Glennie,Sperski,gsperskiqp@example.com,Sperski1962@kuromaku-u.org,F,11/12/05,2028,2028,HSP,CHE,UND,970-111-5961,404-555-0148,1962.png,t,3/27/20,3/27/20,,,
1963,Llywellyn,Cesco,lcescoqq@example.org,Cesco1963@kuromaku-u.org,M,5/30/08,2030,2030,AFR,MAN,NUC,970-111-5962,360-555-0108,1963.png,t,3/27/20,3/27/20,,,
1964,Rolph,Florence,rflorenceqr@example.com,Florence1964@kuromaku-u.org,M,1/11/08,2030,2030,HSP,AER,UND,970-111-5963,727-555-0112,1964.png,t,3/27/20,3/27/20,,,
1965,Stefanie,Jee,sjeeqs@example.org,Jee1965@kuromaku-u.org,F,11/20/04,2027,2027,ASN,MAN,UND,970-111-5964,817-555-0139,1965.png,t,3/27/20,3/27/20,,,
1966,Millie,Colliar,mcolliarqt@example.com,Colliar1966@kuromaku-u.org,F,5/9/05,2027,2027,AFR,MAT,NUC,970-111-5965,801-555-0186,1966.png,t,3/27/20,3/27/20,,,
1967,Jecho,Jepson,jjepsonqu@example.com,Jepson1967@kuromaku-u.org,M,11/6/05,2028,2028,WHT,MAT,UND,970-111-5966,915-555-0140,1967.png,t,3/27/20,3/27/20,,,
1968,Gavan,Ponder,gponderqv@example.com,Ponder1968@kuromaku-u.org,M,5/1/08,2030,2030,AFR,COM,UND,970-111-5967,323-555-0154,1968.png,t,3/27/20,3/27/20,,,
1969,Benjamin,Dongles,bdonglesqw@example.com,Dongles1969@kuromaku-u.org,M,7/17/07,2029,2029,AFR,ENG,UND,970-111-5968,412-555-0137,1969.png,t,3/27/20,3/27/20,,,
1970,Bastian,Godrich,bgodrichqx@example.org,Godrich1970@kuromaku-u.org,M,3/2/05,2027,2027,HSP,MEC,UND,970-111-5969,501-555-0195,1970.png,t,3/27/20,3/27/20,,,
1971,Bealle,Diack,bdiackqy@example.com,Diack1971@kuromaku-u.org,M,5/22/07,2029,2029,ASN,MAN,UND,970-111-5970,702-555-0147,1971.png,t,3/27/20,3/27/20,,,
1972,Selinda,Benton,sbentonqz@example.org,Benton1972@kuromaku-u.org,F,8/9/07,2029,2029,WHT,MAN,MAT,970-111-5971,515-555-0104,1972.png,t,3/27/20,3/27/20,,,
1973,Gunter,Morston,gmorstonr0@example.com,Morston1973@kuromaku-u.org,M,9/20/04,2027,2027,ASN,AER,UND,970-111-5972,832-555-0181,1973.png,t,3/27/20,3/27/20,,,
1974,Casey,Elwell,celwellr1@example.net,Elwell1974@kuromaku-u.org,F,6/16/07,2029,2029,WHT,NUC,UND,970-111-5973,608-555-0141,1974.png,t,3/27/20,3/27/20,,,
1975,Bernardo,Leggs,bleggsr2@example.com,Leggs1975@kuromaku-u.org,M,12/13/07,2030,2030,HSP,MAN,UND,970-111-5974,208-555-0179,1975.png,t,3/27/20,3/27/20,,,
1976,Reginauld,McIlvoray,rmcilvorayr3@example.net,McIlvoray1976@kuromaku-u.org,M,2/19/08,2030,2030,WHT,COM,UND,970-111-5975,718-555-0128,1976.png,t,3/27/20,3/27/20,,,
1977,Darren,Dudson,ddudsonr4@example.org,Dudson1977@kuromaku-u.org,M,9/8/06,2029,2029,HSP,MAN,UND,970-111-5976,209-555-0125,1977.png,t,3/27/20,3/27/20,,,
1978,Cirilo,Beccera,cbeccerar5@example.com,Beccera1978@kuromaku-u.org,M,1/6/08,2030,2030,WHT,MAT,MAN,970-111-5977,510-555-0143,1978.png,t,3/27/20,3/27/20,,,
1979,Joye,Gowdridge,jgowdridger6@example.org,Gowdridge1979@kuromaku-u.org,F,9/6/04,2027,2027,HSP,CIV,UND,970-111-5978,352-555-0192,1979.png,t,3/27/20,3/27/20,,,
1980,Lian,Hughf,lhughfr7@example.com,Hughf1980@kuromaku-u.org,F,9/12/04,2027,2027,HSP,MAN,UND,970-111-5979,253-555-0176,1980.png,t,3/27/20,3/27/20,,,
1981,Ibbie,Smeuin,ismeuinr8@example.org,Smeuin1981@kuromaku-u.org,F,9/3/05,2028,2028,HSP,CHE,NUC,970-111-5980,601-555-0112,1981.png,t,3/27/20,3/27/20,,,
1982,Aimil,Leverson,aleversonr9@example.com,Leverson1982@kuromaku-u.org,F,1/12/08,2030,2030,WHT,AER,UND,970-111-5981,850-555-0196,1982.png,t,3/27/20,3/27/20,,,
1983,Donnie,Pirkis,dpirkisra@example.com,Pirkis1983@kuromaku-u.org,M,10/8/07,2030,2030,WHT,COM,UND,970-111-5982,330-555-0179,1983.png,t,3/27/20,3/27/20,,,
1984,Stu,Revie,srevierb@example.org,Revie1984@kuromaku-u.org,M,10/29/06,2029,2029,HSP,AER,UND,970-111-5983,717-555-0103,1984.png,t,3/27/20,3/27/20,,,
1985,Clay,Giacaponi,cgiacaponirc@example.com,Giacaponi1985@kuromaku-u.org,M,9/15/06,2029,2029,AFR,ENG,UND,970-111-5984,918-555-0129,1985.png,t,3/27/20,3/27/20,,,
1986,Stefano,Roumier,sroumierrd@example.com,Roumier1986@kuromaku-u.org,M,6/10/07,2029,2029,ASN,COM,UND,970-111-5985,608-555-0120,1986.png,t,3/27/20,3/27/20,,,
1987,Merrick,Bennie,mbenniere@example.com,Bennie1987@kuromaku-u.org,M,1/21/06,2028,2028,ASN,COM,UND,970-111-5986,405-555-0101,1987.png,t,3/27/20,3/27/20,,,
1988,Taddeusz,Cooper,tcooperrf@example.com,Cooper1988@kuromaku-u.org,M,10/24/05,2028,2028,ASN,MEC,MAN,970-111-5987,928-555-0163,1988.png,t,3/27/20,3/27/20,,,
1989,Galvan,Gebuhr,ggebuhrrg@example.com,Gebuhr1989@kuromaku-u.org,M,4/7/08,2030,2030,HSP,AER,UND,970-111-5988,901-555-0113,1989.png,t,3/27/20,3/27/20,,,
1990,Martie,Wray,mwrayrh@example.com,Wray1990@kuromaku-u.org,F,1/3/07,2029,2029,WHT,MEC,UND,970-111-5989,561-555-0175,1990.png,t,3/27/20,3/27/20,,,
1991,Lishe,Zorzoni,lzorzoniri@example.net,Zorzoni1991@kuromaku-u.org,F,1/8/05,2027,2027,ASN,CIV,UND,970-111-5990,239-555-0107,1991.png,t,3/27/20,3/27/20,,,
1992,Margot,Lewty,mlewtyrj@example.com,Lewty1992@kuromaku-u.org,F,8/21/06,2028,2028,AFR,MAN,UND,970-111-5991,626-555-0184,1992.png,t,3/27/20,3/27/20,,,
1993,Garrek,Ruse,gruserk@example.org,Ruse1993@kuromaku-u.org,M,12/27/04,2027,2027,WHT,MAT,UND,970-111-5992,212-555-0163,1993.png,t,3/27/20,3/27/20,,,
1994,Jenn,Crackel,jcrackelrl@example.com,Crackel1994@kuromaku-u.org,F,7/2/08,2030,2030,AFR,CIV,UND,970-111-5993,918-555-0119,1994.png,t,3/27/20,3/27/20,,,
1995,Alameda,Knight,aknightrm@example.com,Knight1995@kuromaku-u.org,F,6/20/06,2028,2028,WHT,MAN,CHE,970-111-5994,850-555-0103,1995.png,t,3/27/20,3/27/20,,,
1996,Mead,Groll,mgrollrn@example.com,Groll1996@kuromaku-u.org,M,2/11/07,2029,2029,WHT,MEC,UND,970-111-5995,952-555-0127,1996.png,t,3/27/20,3/27/20,,,
1997,Drusy,Facher,dfacherro@example.com,Facher1997@kuromaku-u.org,F,11/10/05,2028,2028,AFR,CIV,AER,970-111-5996,863-555-0177,1997.png,t,3/27/20,3/27/20,,,
1998,Georgetta,Murthwaite,gmurthwaiterp@example.com,Murthwaite1998@kuromaku-u.org,F,7/28/08,2030,2030,WHT,MAN,UND,970-111-5997,304-555-0123,1998.png,t,3/27/20,3/27/20,,,
1999,Melloney,Braga,mbragarq@example.com,Braga1999@kuromaku-u.org,F,12/26/05,2028,2028,AFR,AER,MAN,970-111-5998,217-555-0124,1999.png,t,3/27/20,3/27/20,,,
2000,Glory,Brewood,gbrewoodrr@example.com,Brewood2000@kuromaku-u.org,F,3/22/06,2028,2028,ASN,NUC,CIV,970-111-5999,818-555-0172,2000.png,t,3/27/20,3/27/20,,,
2001,Celestyn,Sendley,csendley2001@example.net,Sendley2001@kuromaku-u.org,M,3/1/98,2020,2020,AFR,AER,ENG,970-111-6000,909-555-0133,2001.png,f,8/20/16,5/31/20,,,
2002,Margot,Claiden,mclaiden2002@example.com,Claiden2002@kuromaku-u.org,F,4/11/98,2020,2020,WHT,MAT,COM,970-111-6001,256-555-0106,2002.png,f,8/20/16,5/31/20,,,
2003,Dorelia,Station,dstation2003@example.com,Station2003@kuromaku-u.org,M,7/12/98,2020,2020,HSP,ENG,UND,970-111-6002,816-555-0198,2003.png,f,8/20/16,5/31/20,,,
2004,Carly,Wardesworth,cwardesworth2004@example.com,Wardesworth2004@kuromaku-u.org,M,1/16/98,2020,2020,ASN,MAT,UND,970-111-6003,614-555-0176,2004.png,f,8/20/16,5/31/20,,,
2005,Tully,Cochran,tcochran2005@example.org,Cochran2005@kuromaku-u.org,M,10/7/98,2020,2020,WHT,MEC,UND,970-111-6004,301-555-0121,2005.png,f,8/20/16,5/31/20,,,
2006,Tobie,Oxnam,toxnam2006@example.org,Oxnam2006@kuromaku-u.org,F,10/17/98,2020,2020,ASN,CIV,UND,970-111-6005,727-555-0179,2006.png,f,8/20/16,5/31/20,,,
2007,Demetria,Drew-Clifton,ddrewclifton2007@example.com,Drew-Clifton2007@kuromaku-u.org,M,2/6/98,2020,2020,WHT,AER,UND,970-111-6006,602-555-0141,2007.png,f,8/20/16,5/31/20,,,
2008,Natalee,Skpsey,nskpsey2008@example.net,Skpsey2008@kuromaku-u.org,M,12/28/98,2020,2020,AFR,MEC,UND,970-111-6007,202-555-0165,2008.png,f,8/20/16,5/31/20,,,
2009,Verena,Scandred,vscandred2009@example.org,Scandred2009@kuromaku-u.org,F,12/16/98,2020,2020,AFR,ENG,UND,970-111-6008,562-555-0140,2009.png,f,8/20/16,5/31/20,,,
2010,Benjy,Elgood,belgood2010@example.com,Elgood2010@kuromaku-u.org,M,8/24/98,2020,2020,HSP,CIV,UND,970-111-6009,314-555-0119,2010.png,f,8/20/16,5/31/20,,,
2011,Federica,Jura,fjura2011@example.org,Jura2011@kuromaku-u.org,F,3/6/98,2020,2020,AFR,ENG,UND,970-111-6010,309-555-0182,2011.png,f,8/20/16,5/31/20,,,
2012,Tilly,Armall,tarmall2012@example.org,Armall2012@kuromaku-u.org,M,11/2/98,2020,2020,HSP,CIV,UND,970-111-6011,301-555-0147,2012.png,f,8/20/16,5/31/20,,,
2013,Nady,Kas,nkas2013@example.net,Kas2013@kuromaku-u.org,M,11/11/98,2020,2020,WHT,COM,ENG,970-111-6012,256-555-0146,2013.png,f,8/20/16,5/31/20,,,
2014,Nanine,Grzelewski,ngrzelewski2014@example.com,Grzelewski2014@kuromaku-u.org,M,1/3/98,2020,2020,HSP,COM,UND,970-111-6013,772-555-0172,2014.png,f,8/20/16,5/31/20,,,
2015,Hebert,Bartoletti,hbartoletti2015@example.org,Bartoletti2015@kuromaku-u.org,M,12/12/98,2020,2020,AFR,NUC,AER,970-111-6014,352-555-0149,2015.png,f,8/20/16,5/31/20,,,
2016,Bevvy,Temby,btemby2016@example.com,Temby2016@kuromaku-u.org,F,6/12/98,2020,2020,ASN,COM,MAN,970-111-6015,515-555-0172,2016.png,f,8/20/16,5/31/20,,,
2017,Oralee,Harcourt,oharcourt2017@example.org,Harcourt2017@kuromaku-u.org,F,6/7/98,2020,2020,HSP,AER,UND,970-111-6016,302-555-0113,2017.png,f,8/20/16,5/31/20,,,
2018,Muffin,Hazzard,mhazzard2018@example.net,Hazzard2018@kuromaku-u.org,M,8/14/98,2020,2020,WHT,MAT,CIV,970-111-6017,479-555-0121,2018.png,f,8/20/16,5/31/20,,,
2019,Owen,Goldston,ogoldston2019@example.org,Goldston2019@kuromaku-u.org,F,1/16/98,2020,2020,HSP,ENG,CIV,970-111-6018,754-555-0185,2019.png,f,8/20/16,5/31/20,,,
2020,Dav,Claiden,dclaiden2020@example.net,Claiden2020@kuromaku-u.org,M,6/13/98,2020,2020,AFR,AER,UND,970-111-6019,718-555-0162,2020.png,f,8/20/16,5/31/20,,,
2021,Hebert,Dufaire,hdufaire2021@example.org,Dufaire2021@kuromaku-u.org,F,8/8/98,2020,2020,WHT,AER,UND,970-111-6020,916-555-0162,2021.png,f,8/20/16,5/31/20,,,
2022,Gunter,Zorzutti,gzorzutti2022@example.net,Zorzutti2022@kuromaku-u.org,M,5/13/98,2020,2020,WHT,MEC,UND,970-111-6021,210-555-0125,2022.png,f,8/20/16,5/31/20,,,
2023,Rhoda,Dosdell,rdosdell2023@example.com,Dosdell2023@kuromaku-u.org,F,7/2/98,2020,2020,HSP,AER,UND,970-111-6022,702-555-0173,2023.png,f,8/20/16,5/31/20,,,
2024,Vernice,Delahunty,vdelahunty2024@example.com,Delahunty2024@kuromaku-u.org,F,1/4/98,2020,2020,ASN,AER,NUC,970-111-6023,573-555-0104,2024.png,f,8/20/16,5/31/20,,,
2025,Donnie,Ackermann,dackermann2025@example.com,Ackermann2025@kuromaku-u.org,M,6/1/98,2020,2020,HSP,MEC,UND,970-111-6024,765-555-0178,2025.png,f,8/20/16,5/31/20,,,
2026,Lian,Bromehed,lbromehed2026@example.com,Bromehed2026@kuromaku-u.org,F,1/5/98,2020,2020,WHT,CIV,MAN,970-111-6025,619-555-0133,2026.png,f,8/20/16,5/31/20,,,
2027,Tybalt,Simonsson,tsimonsson2027@example.org,Simonsson2027@kuromaku-u.org,M,2/24/98,2020,2020,AFR,ENG,UND,970-111-6026,212-555-0111,2027.png,f,8/20/16,5/31/20,,,
2028,Myrtice,Feakins,mfeakins2028@example.net,Feakins2028@kuromaku-u.org,F,8/27/98,2020,2020,HSP,MAT,UND,970-111-6027,916-555-0168,2028.png,f,8/20/16,5/31/20,,,
2029,Yankee,Cleal,ycleal2029@example.com,Cleal2029@kuromaku-u.org,M,6/28/98,2020,2020,AFR,CHE,UND,970-111-6028,212-555-0128,2029.png,f,8/20/16,5/31/20,,,
2030,Anthiathia,Vedyaev,avedyaev2030@example.org,Vedyaev2030@kuromaku-u.org,F,11/23/98,2020,2020,WHT,NUC,UND,970-111-6029,858-555-0125,2030.png,f,8/20/16,5/31/20,,,
2031,Etan,Bradneck,ebradneck2031@example.com,Bradneck2031@kuromaku-u.org,M,7/10/98,2020,2020,HSP,CIV,UND,970-111-6030,469-555-0158,2031.png,f,8/20/16,5/31/20,,,
2032,Case,Whichelow,cwhichelow2032@example.com,Whichelow2032@kuromaku-u.org,M,7/11/98,2020,2020,WHT,COM,UND,970-111-6031,717-555-0175,2032.png,f,8/20/16,5/31/20,,,
2033,Livia,Arkle,larkle2033@example.net,Arkle2033@kuromaku-u.org,M,1/6/98,2020,2020,ASN,AER,UND,970-111-6032,901-555-0184,2033.png,f,8/20/16,5/31/20,,,
2034,Riobard,Minnette,rminnette2034@example.net,Minnette2034@kuromaku-u.org,F,10/28/98,2020,2020,ASN,NUC,CIV,970-111-6033,941-555-0190,2034.png,f,8/20/16,5/31/20,,,
2035,Napoleon,Maberley,nmaberley2035@example.com,Maberley2035@kuromaku-u.org,M,3/23/98,2020,2020,WHT,AER,UND,970-111-6034,251-555-0125,2035.png,f,8/20/16,5/31/20,,,
2036,Donnie,Karpets,dkarpets2036@example.com,Karpets2036@kuromaku-u.org,M,4/28/98,2020,2020,HSP,COM,UND,970-111-6035,562-555-0165,2036.png,f,8/20/16,5/31/20,,,
2037,Verena,McColm,vmccolm2037@example.com,McColm2037@kuromaku-u.org,F,6/13/98,2020,2020,AFR,MEC,COM,970-111-6036,254-555-0101,2037.png,f,8/20/16,5/31/20,,,
2038,Melisse,Bettam,mbettam2038@example.com,Bettam2038@kuromaku-u.org,F,3/19/98,2020,2020,ASN,NUC,UND,970-111-6037,501-555-0176,2038.png,f,8/20/16,5/31/20,,,
2039,Fan,Fidler,ffidler2039@example.net,Fidler2039@kuromaku-u.org,M,6/14/98,2020,2020,WHT,AER,UND,970-111-6038,206-555-0138,2039.png,f,8/20/16,5/31/20,,,
2040,Reinaldos,Kirtland,rkirtland2040@example.net,Kirtland2040@kuromaku-u.org,M,3/8/98,2020,2020,HSP,COM,UND,970-111-6039,716-555-0118,2040.png,f,8/20/16,5/31/20,,,
2041,Riane,Healings,rhealings2041@example.org,Healings2041@kuromaku-u.org,F,8/3/98,2020,2020,HSP,MEC,ENG,970-111-6040,314-555-0184,2041.png,f,8/20/16,5/31/20,,,
2042,Issi,Cheesley,icheesley2042@example.net,Cheesley2042@kuromaku-u.org,M,8/18/98,2020,2020,ASN,NUC,CIV,970-111-6041,502-555-0118,2042.png,f,8/20/16,5/31/20,,,
2043,Christean,Dzenisenka,cdzenisenka2043@example.com,Dzenisenka2043@kuromaku-u.org,M,8/13/98,2020,2020,ASN,COM,UND,970-111-6042,253-555-0113,2043.png,f,8/20/16,5/31/20,,,
2044,Paloma,Foulis,pfoulis2044@example.com,Foulis2044@kuromaku-u.org,M,5/10/98,2020,2020,HSP,ENG,UND,970-111-6043,310-555-0187,2044.png,f,8/20/16,5/31/20,,,
2045,Gratia,Gathercole,ggathercole2045@example.com,Gathercole2045@kuromaku-u.org,M,2/21/98,2020,2020,WHT,ENG,UND,970-111-6044,831-555-0160,2045.png,f,8/20/16,5/31/20,,,
2046,Raynor,Fowls,rfowls2046@example.org,Fowls2046@kuromaku-u.org,M,9/1/98,2020,2020,ASN,AER,UND,970-111-6045,562-555-0102,2046.png,f,8/20/16,5/31/20,,,
2047,Sib,Andersen,sandersen2047@example.org,Andersen2047@kuromaku-u.org,M,12/24/98,2020,2020,WHT,AER,UND,970-111-6046,714-555-0124,2047.png,f,8/20/16,5/31/20,,,
2048,Bail,Littlewood,blittlewood2048@example.org,Littlewood2048@kuromaku-u.org,M,12/2/98,2020,2020,HSP,AER,UND,970-111-6047,571-555-0167,2048.png,f,8/20/16,5/31/20,,,
2049,Pierre,Grebner,pgrebner2049@example.net,Grebner2049@kuromaku-u.org,M,10/7/98,2020,2020,HSP,CHE,MAT,970-111-6048,937-555-0166,2049.png,f,8/20/16,5/31/20,,,
2050,Eleanore,O'Corren,eocorren2050@example.com,O'Corren2050@kuromaku-u.org,M,5/20/98,2020,2020,WHT,NUC,UND,970-111-6049,508-555-0152,2050.png,f,8/20/16,5/31/20,,,
2051,Tristam,MacSorley,tmacsorley2051@example.org,MacSorley2051@kuromaku-u.org,M,10/12/98,2020,2020,WHT,MEC,UND,970-111-6050,850-555-0132,2051.png,f,8/20/16,5/31/20,,,
2052,Derril,McMurthy,dmcmurthy2052@example.org,McMurthy2052@kuromaku-u.org,M,4/17/98,2020,2020,WHT,CHE,UND,970-111-6051,334-555-0117,2052.png,f,8/20/16,5/31/20,,,
2053,Alano,Silverthorne,asilverthorne2053@example.com,Silverthorne2053@kuromaku-u.org,M,7/17/98,2020,2020,AFR,COM,UND,970-111-6052,202-555-0158,2053.png,f,8/20/16,5/31/20,,,
2054,Lydon,Whorall,lwhorall2054@example.org,Whorall2054@kuromaku-u.org,M,4/3/98,2020,2020,ASN,MEC,UND,970-111-6053,937-555-0118,2054.png,f,8/20/16,5/31/20,,,
2055,Desmund,Potkin,dpotkin2055@example.org,Potkin2055@kuromaku-u.org,F,4/2/98,2020,2020,WHT,CIV,MAN,970-111-6054,928-555-0185,2055.png,f,8/20/16,5/31/20,,,
2056,Regine,Temby,rtemby2056@example.com,Temby2056@kuromaku-u.org,M,10/19/98,2020,2020,AFR,AER,UND,970-111-6055,509-555-0177,2056.png,f,8/20/16,5/31/20,,,
2057,Constantina,Riding,criding2057@example.net,Riding2057@kuromaku-u.org,F,4/22/98,2020,2020,HSP,MAT,UND,970-111-6056,910-555-0181,2057.png,f,8/20/16,5/31/20,,,
2058,Karry,Wiltshier,kwiltshier2058@example.org,Wiltshier2058@kuromaku-u.org,F,6/8/98,2020,2020,AFR,NUC,UND,970-111-6057,253-555-0114,2058.png,f,8/20/16,5/31/20,,,
2059,Baron,Phippin,bphippin2059@example.com,Phippin2059@kuromaku-u.org,F,12/25/98,2020,2020,AFR,COM,MEC,970-111-6058,323-555-0184,2059.png,f,8/20/16,5/31/20,,,
2060,Alister,Avramovic,aavramovic2060@example.com,Avramovic2060@kuromaku-u.org,M,4/9/98,2020,2020,HSP,CIV,UND,970-111-6059,405-555-0119,2060.png,f,8/20/16,5/31/20,,,
2061,Gavan,Stigger,gstigger2061@example.net,Stigger2061@kuromaku-u.org,M,4/10/98,2020,2020,HSP,CIV,ENG,970-111-6060,217-555-0155,2061.png,f,8/20/16,5/31/20,,,
2062,Annalise,Curado,acurado2062@example.org,Curado2062@kuromaku-u.org,F,6/16/98,2020,2020,HSP,CIV,UND,970-111-6061,701-555-0179,2062.png,f,8/20/16,5/31/20,,,
2063,Giulietta,Emm,gemm2063@example.com,Emm2063@kuromaku-u.org,F,8/13/98,2020,2020,HSP,CIV,NUC,970-111-6062,706-555-0162,2063.png,f,8/20/16,5/31/20,,,
2064,Gavan,Omond,gomond2064@example.net,Omond2064@kuromaku-u.org,F,2/26/98,2020,2020,ASN,ENG,NUC,970-111-6063,502-555-0106,2064.png,f,8/20/16,5/31/20,,,
2065,Doloritas,Agg,dagg2065@example.org,Agg2065@kuromaku-u.org,F,7/14/98,2020,2020,WHT,MEC,CHE,970-111-6064,203-555-0100,2065.png,f,8/20/16,5/31/20,,,
2066,Burnard,Mucillo,bmucillo2066@example.org,Mucillo2066@kuromaku-u.org,M,11/27/98,2020,2020,HSP,CHE,UND,970-111-6065,814-555-0187,2066.png,f,8/20/16,5/31/20,,,
2067,Diannne,Barnwille,dbarnwille2067@example.com,Barnwille2067@kuromaku-u.org,M,3/23/98,2020,2020,WHT,AER,UND,970-111-6066,217-555-0157,2067.png,f,8/20/16,5/31/20,,,
2068,Baird,Deamer,bdeamer2068@example.org,Deamer2068@kuromaku-u.org,F,7/14/98,2020,2020,WHT,AER,MAN,970-111-6067,571-555-0115,2068.png,f,8/20/16,5/31/20,,,
2069,Edna,Cleaves,ecleaves2069@example.com,Cleaves2069@kuromaku-u.org,F,6/6/98,2020,2020,ASN,MEC,CIV,970-111-6068,512-555-0119,2069.png,f,8/20/16,5/31/20,,,
2070,Ava,Rasell,arasell2070@example.org,Rasell2070@kuromaku-u.org,M,5/25/98,2020,2020,ASN,ENG,UND,970-111-6069,314-555-0127,2070.png,f,8/20/16,5/31/20,,,
2071,Meredith,Trice,mtrice2071@example.org,Trice2071@kuromaku-u.org,M,5/21/98,2020,2020,HSP,MAN,MAT,970-111-6070,772-555-0113,2071.png,f,8/20/16,5/31/20,,,
2072,Luci,Tonkinson,ltonkinson2072@example.com,Tonkinson2072@kuromaku-u.org,M,7/18/98,2020,2020,AFR,AER,UND,970-111-6071,215-555-0197,2072.png,f,8/20/16,5/31/20,,,
2073,Marie-jeanne,Jee,mjee2073@example.com,Jee2073@kuromaku-u.org,M,1/3/98,2020,2020,AFR,CHE,UND,970-111-6072,908-555-0184,2073.png,f,8/20/16,5/31/20,,,
2074,Alva,Trigwell,atrigwell2074@example.net,Trigwell2074@kuromaku-u.org,F,3/4/98,2020,2020,HSP,MEC,UND,970-111-6073,785-555-0194,2074.png,f,8/20/16,5/31/20,,,
2075,Maryanna,Andretti,mandretti2075@example.org,Andretti2075@kuromaku-u.org,M,1/26/98,2020,2020,HSP,COM,UND,970-111-6074,303-555-0191,2075.png,f,8/20/16,5/31/20,,,
2076,Vania,Enriques,venriques2076@example.org,Enriques2076@kuromaku-u.org,M,2/27/98,2020,2020,AFR,MAN,UND,970-111-6075,305-555-0177,2076.png,f,8/20/16,5/31/20,,,
2077,Alaster,Hovert,ahovert2077@example.net,Hovert2077@kuromaku-u.org,F,9/27/98,2020,2020,HSP,MAN,UND,970-111-6076,407-555-0168,2077.png,f,8/20/16,5/31/20,,,
2078,Kaylee,Macbane,kmacbane2078@example.net,Macbane2078@kuromaku-u.org,M,10/9/98,2020,2020,AFR,CIV,UND,970-111-6077,646-555-0103,2078.png,f,8/20/16,5/31/20,,,
2079,Inigo,Biernat,ibiernat2079@example.com,Biernat2079@kuromaku-u.org,M,9/2/98,2020,2020,HSP,MAT,UND,970-111-6078,808-555-0126,2079.png,f,8/20/16,5/31/20,,,
2080,Euell,Walklot,ewalklot2080@example.com,Walklot2080@kuromaku-u.org,M,1/18/98,2020,2020,AFR,MAN,UND,970-111-6079,410-555-0120,2080.png,f,8/20/16,5/31/20,,,
2081,Wilfred,Haton,whaton2081@example.net,Haton2081@kuromaku-u.org,M,1/6/98,2020,2020,AFR,MEC,UND,970-111-6080,216-555-0184,2081.png,f,8/20/16,5/31/20,,,
2082,Cleavland,Simacek,csimacek2082@example.net,Simacek2082@kuromaku-u.org,M,9/25/98,2020,2020,AFR,CIV,UND,970-111-6081,919-555-0188,2082.png,f,8/20/16,5/31/20,,,
2083,Jada,Cesco,jcesco2083@example.net,Cesco2083@kuromaku-u.org,M,6/27/98,2020,2020,ASN,MAT,UND,970-111-6082,801-555-0175,2083.png,f,8/20/16,5/31/20,,,
2084,Fields,Bennie,fbennie2084@example.net,Bennie2084@kuromaku-u.org,M,2/21/98,2020,2020,ASN,MEC,UND,970-111-6083,718-555-0152,2084.png,f,8/20/16,5/31/20,,,
2085,Ardyth,Randerson,aranderson2085@example.net,Randerson2085@kuromaku-u.org,M,2/5/98,2020,2020,ASN,CHE,UND,970-111-6084,912-555-0175,2085.png,f,8/20/16,5/31/20,,,
2086,Rhoda,Biernat,rbiernat2086@example.org,Biernat2086@kuromaku-u.org,M,10/13/98,2020,2020,AFR,CHE,UND,970-111-6085,205-555-0150,2086.png,f,8/20/16,5/31/20,,,
2087,Ardyth,Reeday,areeday2087@example.net,Reeday2087@kuromaku-u.org,F,5/14/98,2020,2020,AFR,MAN,MAT,970-111-6086,502-555-0117,2087.png,f,8/20/16,5/31/20,,,
2088,Garek,Crielly,gcrielly2088@example.org,Crielly2088@kuromaku-u.org,F,6/19/98,2020,2020,ASN,ENG,UND,970-111-6087,801-555-0133,2088.png,f,8/20/16,5/31/20,,,
2089,Penrod,Oylett,poylett2089@example.com,Oylett2089@kuromaku-u.org,F,8/18/98,2020,2020,HSP,CIV,UND,970-111-6088,509-555-0179,2089.png,f,8/20/16,5/31/20,,,
2090,Charlena,Dzenisenka,cdzenisenka2090@example.org,Dzenisenka2090@kuromaku-u.org,M,3/22/98,2020,2020,HSP,CIV,UND,970-111-6089,717-555-0115,2090.png,f,8/20/16,5/31/20,,,
2091,Padgett,Graveston,pgraveston2091@example.com,Graveston2091@kuromaku-u.org,M,3/24/98,2020,2020,ASN,MAT,UND,970-111-6090,336-555-0108,2091.png,f,8/20/16,5/31/20,,,
2092,Lian,Fenge,lfenge2092@example.org,Fenge2092@kuromaku-u.org,F,5/16/98,2020,2020,AFR,NUC,UND,970-111-6091,512-555-0190,2092.png,f,8/20/16,5/31/20,,,
2093,Delia,Crankhorn,dcrankhorn2093@example.com,Crankhorn2093@kuromaku-u.org,M,7/2/98,2020,2020,WHT,CIV,UND,970-111-6092,860-555-0102,2093.png,f,8/20/16,5/31/20,,,
2094,Lola,Yushankin,lyushankin2094@example.com,Yushankin2094@kuromaku-u.org,M,11/16/98,2020,2020,HSP,AER,UND,970-111-6093,801-555-0170,2094.png,f,8/20/16,5/31/20,,,
2095,Riannon,MacIntosh,rmacintosh2095@example.org,MacIntosh2095@kuromaku-u.org,F,5/19/98,2020,2020,WHT,CIV,CHE,970-111-6094,334-555-0181,2095.png,f,8/20/16,5/31/20,,,
2096,Philis,Cornils,pcornils2096@example.com,Cornils2096@kuromaku-u.org,F,6/8/98,2020,2020,AFR,MEC,UND,970-111-6095,612-555-0166,2096.png,f,8/20/16,5/31/20,,,
2097,Zulema,Dalliwatr,zdalliwatr2097@example.net,Dalliwatr2097@kuromaku-u.org,F,1/3/98,2020,2020,AFR,MAT,UND,970-111-6096,424-555-0148,2097.png,f,8/20/16,5/31/20,,,
2098,Winslow,Olivet,wolivet2098@example.org,Olivet2098@kuromaku-u.org,M,12/27/98,2020,2020,ASN,AER,UND,970-111-6097,817-555-0149,2098.png,f,8/20/16,5/31/20,,,
2099,Osgood,Padell,opadell2099@example.org,Padell2099@kuromaku-u.org,M,11/7/98,2020,2020,HSP,CHE,UND,970-111-6098,612-555-0108,2099.png,f,8/20/16,5/31/20,,,
2100,Cori,Milillo,cmilillo2100@example.net,Milillo2100@kuromaku-u.org,M,7/10/98,2020,2020,AFR,MAT,UND,970-111-6099,801-555-0190,2100.png,f,8/20/16,5/31/20,,,
2101,Antonie,Bielby,abielby2101@example.org,Bielby2101@kuromaku-u.org,F,7/1/98,2020,2020,HSP,CHE,UND,970-111-6100,972-555-0176,2101.png,f,8/20/16,5/31/20,,,
2102,Gasper,Lardeur,glardeur2102@example.org,Lardeur2102@kuromaku-u.org,M,8/4/98,2020,2020,ASN,NUC,UND,970-111-6101,267-555-0131,2102.png,f,8/20/16,5/31/20,,,
2103,Stanislaus,Lacky,slacky2103@example.com,Lacky2103@kuromaku-u.org,M,5/6/98,2020,2020,ASN,AER,UND,970-111-6102,757-555-0194,2103.png,f,8/20/16,5/31/20,,,
2104,Bernardo,Porcher,bporcher2104@example.com,Porcher2104@kuromaku-u.org,F,9/7/98,2020,2020,AFR,MAN,UND,970-111-6103,313-555-0165,2104.png,f,8/20/16,5/31/20,,,
2105,Cleavland,Toquet,ctoquet2105@example.com,Toquet2105@kuromaku-u.org,M,2/21/98,2020,2020,AFR,ENG,UND,970-111-6104,513-555-0101,2105.png,f,8/20/16,5/31/20,,,
2106,Kass,Curado,kcurado2106@example.net,Curado2106@kuromaku-u.org,M,10/13/98,2020,2020,ASN,MAT,UND,970-111-6105,772-555-0150,2106.png,f,8/20/16,5/31/20,,,
2107,Beau,Sudell,bsudell2107@example.com,Sudell2107@kuromaku-u.org,M,12/19/98,2020,2020,ASN,MAT,UND,970-111-6106,817-555-0197,2107.png,f,8/20/16,5/31/20,,,
2108,Rosita,Claiden,rclaiden2108@example.org,Claiden2108@kuromaku-u.org,M,8/16/98,2020,2020,HSP,CIV,UND,970-111-6107,941-555-0196,2108.png,f,8/20/16,5/31/20,,,
2109,Des,Enriques,denriques2109@example.com,Enriques2109@kuromaku-u.org,F,6/3/98,2020,2020,ASN,AER,UND,970-111-6108,614-555-0130,2109.png,f,8/20/16,5/31/20,,,
2110,Virginie,Whorall,vwhorall2110@example.com,Whorall2110@kuromaku-u.org,F,10/23/98,2020,2020,AFR,NUC,COM,970-111-6109,315-555-0153,2110.png,f,8/20/16,5/31/20,,,
2111,Kelvin,Dillingstone,kdillingstone2111@example.net,Dillingstone2111@kuromaku-u.org,F,1/23/98,2020,2020,HSP,COM,UND,970-111-6110,336-555-0152,2111.png,f,8/20/16,5/31/20,,,
2112,Giovanna,Cundy,gcundy2112@example.net,Cundy2112@kuromaku-u.org,F,7/7/98,2020,2020,WHT,COM,UND,970-111-6111,301-555-0114,2112.png,f,8/20/16,5/31/20,,,
2113,Bonny,MattiCCI,bmatticci2113@example.net,MattiCCI2113@kuromaku-u.org,M,2/13/98,2020,2020,HSP,MAN,UND,970-111-6112,704-555-0107,2113.png,f,8/20/16,5/31/20,,,
2114,Godfrey,Wortman,gwortman2114@example.net,Wortman2114@kuromaku-u.org,M,4/21/98,2020,2020,WHT,ENG,UND,970-111-6113,914-555-0173,2114.png,f,8/20/16,5/31/20,,,
2115,Carolus,Oughtright,coughtright2115@example.com,Oughtright2115@kuromaku-u.org,M,7/5/98,2020,2020,WHT,AER,MEC,970-111-6114,469-555-0103,2115.png,f,8/20/16,5/31/20,,,
2116,Sauncho,Parcells,sparcells2116@example.org,Parcells2116@kuromaku-u.org,F,8/18/98,2020,2020,AFR,NUC,UND,970-111-6115,910-555-0108,2116.png,f,8/20/16,5/31/20,,,
2117,Abraham,Tippett,atippett2117@example.com,Tippett2117@kuromaku-u.org,F,8/25/98,2020,2020,AFR,MAT,UND,970-111-6116,847-555-0181,2117.png,f,8/20/16,5/31/20,,,
2118,Yankee,Ponder,yponder2118@example.com,Ponder2118@kuromaku-u.org,F,9/24/98,2020,2020,WHT,MAT,UND,970-111-6117,502-555-0169,2118.png,f,8/20/16,5/31/20,,,
2119,Darlene,Clewer,dclewer2119@example.net,Clewer2119@kuromaku-u.org,F,1/21/98,2020,2020,WHT,NUC,CHE,970-111-6118,765-555-0148,2119.png,f,8/20/16,5/31/20,,,
2120,Anatol,Fessby,afessby2120@example.org,Fessby2120@kuromaku-u.org,F,11/27/98,2020,2020,HSP,ENG,UND,970-111-6119,610-555-0165,2120.png,f,8/20/16,5/31/20,,,
2121,Sigismund,Rushford,srushford2121@example.net,Rushford2121@kuromaku-u.org,M,12/9/98,2020,2020,AFR,CHE,MEC,970-111-6120,804-555-0186,2121.png,f,8/20/16,5/31/20,,,
2122,Gasper,Hens,ghens2122@example.net,Hens2122@kuromaku-u.org,F,9/23/98,2020,2020,ASN,CHE,CIV,970-111-6121,501-555-0145,2122.png,f,8/20/16,5/31/20,,,
2123,Tobie,Rowter,trowter2123@example.org,Rowter2123@kuromaku-u.org,F,10/11/98,2020,2020,HSP,CIV,UND,970-111-6122,240-555-0101,2123.png,f,8/20/16,5/31/20,,,
2124,Lloyd,Polden,lpolden2124@example.net,Polden2124@kuromaku-u.org,F,4/7/98,2020,2020,AFR,NUC,UND,970-111-6123,401-555-0116,2124.png,f,8/20/16,5/31/20,,,
2125,Mathew,Attwool,mattwool2125@example.org,Attwool2125@kuromaku-u.org,F,8/19/98,2020,2020,HSP,NUC,UND,970-111-6124,317-555-0166,2125.png,f,8/20/16,5/31/20,,,
2126,Maura,Zielinski,mzielinski2126@example.org,Zielinski2126@kuromaku-u.org,M,1/16/98,2020,2020,ASN,NUC,CHE,970-111-6125,786-555-0189,2126.png,f,8/20/16,5/31/20,,,
2127,Bertie,Duckers,bduckers2127@example.net,Duckers2127@kuromaku-u.org,F,10/4/98,2020,2020,AFR,MEC,UND,970-111-6126,303-555-0179,2127.png,f,8/20/16,5/31/20,,,
2128,Bobbie,Dummer,bdummer2128@example.org,Dummer2128@kuromaku-u.org,M,5/6/98,2020,2020,AFR,MEC,NUC,970-111-6127,504-555-0147,2128.png,f,8/20/16,5/31/20,,,
2129,Staci,Ferrier,sferrier2129@example.net,Ferrier2129@kuromaku-u.org,M,6/16/98,2020,2020,HSP,CHE,ENG,970-111-6128,325-555-0175,2129.png,f,8/20/16,5/31/20,,,
2130,Paton,Worwood,pworwood2130@example.org,Worwood2130@kuromaku-u.org,F,11/8/98,2020,2020,ASN,MEC,UND,970-111-6129,317-555-0178,2130.png,f,8/20/16,5/31/20,,,
2131,Casey,Tolomio,ctolomio2131@example.com,Tolomio2131@kuromaku-u.org,F,9/4/98,2020,2020,WHT,MAN,UND,970-111-6130,314-555-0172,2131.png,f,8/20/16,5/31/20,,,
2132,Yankee,Sinton,ysinton2132@example.org,Sinton2132@kuromaku-u.org,M,10/15/98,2020,2020,AFR,MAN,UND,970-111-6131,559-555-0190,2132.png,f,8/20/16,5/31/20,,,
2133,Gannon,Grocutt,ggrocutt2133@example.net,Grocutt2133@kuromaku-u.org,M,11/19/98,2020,2020,HSP,AER,UND,970-111-6132,806-555-0142,2133.png,f,8/20/16,5/31/20,,,
2134,Sheba,Ambroise,sambroise2134@example.org,Ambroise2134@kuromaku-u.org,F,6/7/98,2020,2020,WHT,AER,MAN,970-111-6133,210-555-0118,2134.png,f,8/20/16,5/31/20,,,
2135,Mata,Johnstone,mjohnstone2135@example.org,Johnstone2135@kuromaku-u.org,F,4/6/98,2020,2020,HSP,MAN,UND,970-111-6134,205-555-0103,2135.png,f,8/20/16,5/31/20,,,
2136,Wolfy,Ridewood,wridewood2136@example.org,Ridewood2136@kuromaku-u.org,F,5/15/98,2020,2020,HSP,MAN,MAT,970-111-6135,760-555-0182,2136.png,f,8/20/16,5/31/20,,,
2137,Emylee,Aloshkin,ealoshkin2137@example.net,Aloshkin2137@kuromaku-u.org,F,3/21/98,2020,2020,ASN,MEC,UND,970-111-6136,212-555-0198,2137.png,f,8/20/16,5/31/20,,,
2138,Leena,Bonnett,lbonnett2138@example.com,Bonnett2138@kuromaku-u.org,F,9/9/98,2020,2020,WHT,MAN,UND,970-111-6137,717-555-0188,2138.png,f,8/20/16,5/31/20,,,
2139,Maurits,Dillingstone,mdillingstone2139@example.com,Dillingstone2139@kuromaku-u.org,F,4/9/98,2020,2020,ASN,MAN,UND,970-111-6138,928-555-0123,2139.png,f,8/20/16,5/31/20,,,
2140,Celine,Elgood,celgood2140@example.com,Elgood2140@kuromaku-u.org,M,11/16/98,2020,2020,HSP,NUC,UND,970-111-6139,616-555-0114,2140.png,f,8/20/16,5/31/20,,,
2141,Thomasina,Halsey,thalsey2141@example.org,Halsey2141@kuromaku-u.org,F,6/26/98,2020,2020,HSP,MAT,UND,970-111-6140,956-555-0112,2141.png,f,8/20/16,5/31/20,,,
2142,Desiree,Opie,dopie2142@example.org,Opie2142@kuromaku-u.org,F,12/9/98,2020,2020,AFR,COM,MAT,970-111-6141,217-555-0131,2142.png,f,8/20/16,5/31/20,,,
2143,Mandel,Dyde,mdyde2143@example.net,Dyde2143@kuromaku-u.org,M,7/4/98,2020,2020,HSP,MAN,UND,970-111-6142,812-555-0107,2143.png,f,8/20/16,5/31/20,,,
2144,Sandro,Boards,sboards2144@example.net,Boards2144@kuromaku-u.org,M,9/21/98,2020,2020,ASN,CIV,UND,970-111-6143,814-555-0189,2144.png,f,8/20/16,5/31/20,,,
2145,Celle,Leverett,cleverett2145@example.net,Leverett2145@kuromaku-u.org,F,8/14/98,2020,2020,ASN,MAT,CHE,970-111-6144,716-555-0128,2145.png,f,8/20/16,5/31/20,,,
2146,Demetria,Boame,dboame2146@example.com,Boame2146@kuromaku-u.org,F,8/25/98,2020,2020,WHT,MAN,MEC,970-111-6145,202-555-0181,2146.png,f,8/20/16,5/31/20,,,
2147,Tedda,Porte,tporte2147@example.org,Porte2147@kuromaku-u.org,M,2/6/98,2020,2020,WHT,CHE,UND,970-111-6146,217-555-0193,2147.png,f,8/20/16,5/31/20,,,
2148,Riobard,Tilsley,rtilsley2148@example.org,Tilsley2148@kuromaku-u.org,F,7/20/98,2020,2020,WHT,AER,UND,970-111-6147,813-555-0120,2148.png,f,8/20/16,5/31/20,,,
2149,Geordie,Duplain,gduplain2149@example.net,Duplain2149@kuromaku-u.org,M,3/25/98,2020,2020,WHT,CHE,MAT,970-111-6148,716-555-0115,2149.png,f,8/20/16,5/31/20,,,
2150,Lora,Greenway,lgreenway2150@example.org,Greenway2150@kuromaku-u.org,M,5/11/98,2020,2020,AFR,COM,UND,970-111-6149,304-555-0132,2150.png,f,8/20/16,5/31/20,,,
2151,Stillman,Tilson,stilson2151@example.net,Tilson2151@kuromaku-u.org,F,10/23/98,2020,2020,WHT,MAT,UND,970-111-6150,928-555-0182,2151.png,f,8/20/16,5/31/20,,,
2152,Jacquelynn,Nafzger,jnafzger2152@example.net,Nafzger2152@kuromaku-u.org,F,6/12/98,2020,2020,ASN,COM,UND,970-111-6151,727-555-0196,2152.png,f,8/20/16,5/31/20,,,
2153,Roanna,Waadenburg,rwaadenburg2153@example.net,Waadenburg2153@kuromaku-u.org,F,8/20/98,2020,2020,ASN,MAT,UND,970-111-6152,828-555-0172,2153.png,f,8/20/16,5/31/20,,,
2154,Eric,Portsmouth,eportsmouth2154@example.net,Portsmouth2154@kuromaku-u.org,F,3/1/98,2020,2020,WHT,MAN,MEC,970-111-6153,801-555-0185,2154.png,f,8/20/16,5/31/20,,,
2155,Fara,Ridde,fridde2155@example.net,Ridde2155@kuromaku-u.org,F,12/9/98,2020,2020,ASN,CHE,MEC,970-111-6154,561-555-0176,2155.png,f,8/20/16,5/31/20,,,
2156,Christopher,Worvill,cworvill2156@example.org,Worvill2156@kuromaku-u.org,M,1/12/98,2020,2020,HSP,ENG,UND,970-111-6155,202-555-0148,2156.png,f,8/20/16,5/31/20,,,
2157,Jaymee,Fidler,jfidler2157@example.net,Fidler2157@kuromaku-u.org,M,9/7/98,2020,2020,AFR,AER,UND,970-111-6156,859-555-0163,2157.png,f,8/20/16,5/31/20,,,
2158,Desiree,Capel,dcapel2158@example.com,Capel2158@kuromaku-u.org,M,3/25/98,2020,2020,WHT,NUC,UND,970-111-6157,907-555-0133,2158.png,f,8/20/16,5/31/20,,,
2159,Feodor,Tipens,ftipens2159@example.org,Tipens2159@kuromaku-u.org,F,3/27/98,2020,2020,ASN,COM,UND,970-111-6158,304-555-0154,2159.png,f,8/20/16,5/31/20,,,
2160,Bernadette,Howley,bhowley2160@example.com,Howley2160@kuromaku-u.org,M,2/14/98,2020,2020,WHT,AER,UND,970-111-6159,817-555-0166,2160.png,f,8/20/16,5/31/20,,,
2161,Reynolds,Palfrey,rpalfrey2161@example.org,Palfrey2161@kuromaku-u.org,F,6/10/98,2020,2020,WHT,AER,MAN,970-111-6160,239-555-0115,2161.png,f,8/20/16,5/31/20,,,
2162,Grier,Vibert,gvibert2162@example.com,Vibert2162@kuromaku-u.org,M,10/12/98,2020,2020,WHT,MEC,AER,970-111-6161,614-555-0191,2162.png,f,8/20/16,5/31/20,,,
2163,Jean,Grigorian,jgrigorian2163@example.org,Grigorian2163@kuromaku-u.org,F,5/3/98,2020,2020,HSP,CIV,UND,970-111-6162,646-555-0156,2163.png,f,8/20/16,5/31/20,,,
2164,Ruthe,Bishopp,rbishopp2164@example.org,Bishopp2164@kuromaku-u.org,F,10/23/98,2020,2020,ASN,MEC,CIV,970-111-6163,518-555-0115,2164.png,f,8/20/16,5/31/20,,,
2165,Alethea,Embleton,aembleton2165@example.net,Embleton2165@kuromaku-u.org,M,6/4/98,2020,2020,WHT,NUC,UND,970-111-6164,719-555-0199,2165.png,f,8/20/16,5/31/20,,,
2166,Meredith,Pulster,mpulster2166@example.org,Pulster2166@kuromaku-u.org,F,7/4/98,2020,2020,ASN,CIV,UND,970-111-6165,850-555-0155,2166.png,f,8/20/16,5/31/20,,,
2167,Rock,Cholerton,rcholerton2167@example.org,Cholerton2167@kuromaku-u.org,F,8/22/98,2020,2020,ASN,CHE,UND,970-111-6166,512-555-0180,2167.png,f,8/20/16,5/31/20,,,
2168,Rolf,Auld,rauld2168@example.com,Auld2168@kuromaku-u.org,M,4/28/98,2020,2020,HSP,MEC,UND,970-111-6167,701-555-0132,2168.png,f,8/20/16,5/31/20,,,
2169,Prudence,Corrao,pcorrao2169@example.net,Corrao2169@kuromaku-u.org,F,5/11/98,2020,2020,AFR,MEC,UND,970-111-6168,718-555-0137,2169.png,f,8/20/16,5/31/20,,,
2170,Shir,Luscott,sluscott2170@example.net,Luscott2170@kuromaku-u.org,M,5/6/98,2020,2020,WHT,AER,UND,970-111-6169,609-555-0193,2170.png,f,8/20/16,5/31/20,,,
2171,Yasmin,Habeshaw,yhabeshaw2171@example.com,Habeshaw2171@kuromaku-u.org,F,2/27/98,2020,2020,HSP,COM,UND,970-111-6170,806-555-0181,2171.png,f,8/20/16,5/31/20,,,
2172,Shanon,Elgood,selgood2172@example.net,Elgood2172@kuromaku-u.org,F,7/7/98,2020,2020,ASN,COM,UND,970-111-6171,913-555-0154,2172.png,f,8/20/16,5/31/20,,,
2173,Crawford,Burchall,cburchall2173@example.com,Burchall2173@kuromaku-u.org,F,10/4/98,2020,2020,HSP,CIV,UND,970-111-6172,404-555-0115,2173.png,f,8/20/16,5/31/20,,,
2174,Marthe,Gathercole,mgathercole2174@example.org,Gathercole2174@kuromaku-u.org,M,11/9/98,2020,2020,ASN,CHE,CIV,970-111-6173,330-555-0190,2174.png,f,8/20/16,5/31/20,,,
2175,Travus,Able,table2175@example.org,Able2175@kuromaku-u.org,F,4/21/98,2020,2020,ASN,AER,UND,970-111-6174,608-555-0184,2175.png,f,8/20/16,5/31/20,,,
2176,Reidar,Dalliwatr,rdalliwatr2176@example.com,Dalliwatr2176@kuromaku-u.org,M,10/13/98,2020,2020,ASN,NUC,UND,970-111-6175,480-555-0176,2176.png,f,8/20/16,5/31/20,,,
2177,Darcy,O'Halleghane,dohalleghane2177@example.org,O'Halleghane2177@kuromaku-u.org,F,3/7/98,2020,2020,WHT,AER,UND,970-111-6176,843-555-0188,2177.png,f,8/20/16,5/31/20,,,
2178,Madelina,Sogg,msogg2178@example.net,Sogg2178@kuromaku-u.org,F,1/6/98,2020,2020,HSP,COM,UND,970-111-6177,941-555-0171,2178.png,f,8/20/16,5/31/20,,,
2179,Herrick,Thurlborn,hthurlborn2179@example.net,Thurlborn2179@kuromaku-u.org,F,12/27/98,2020,2020,AFR,AER,COM,970-111-6178,315-555-0114,2179.png,f,8/20/16,5/31/20,,,
2180,Joye,Tonkinson,jtonkinson2180@example.net,Tonkinson2180@kuromaku-u.org,M,12/24/98,2020,2020,WHT,CHE,UND,970-111-6179,812-555-0198,2180.png,f,8/20/16,5/31/20,,,
2181,Gus,Bondar,gbondar2181@example.net,Bondar2181@kuromaku-u.org,M,2/6/98,2020,2020,AFR,MAT,CHE,970-111-6180,210-555-0198,2181.png,f,8/20/16,5/31/20,,,
2182,Charlot,Worwood,cworwood2182@example.com,Worwood2182@kuromaku-u.org,F,11/8/98,2020,2020,WHT,COM,AER,970-111-6181,612-555-0117,2182.png,f,8/20/16,5/31/20,,,
2183,Claudia,Elgood,celgood2183@example.org,Elgood2183@kuromaku-u.org,M,8/3/98,2020,2020,ASN,CHE,UND,970-111-6182,801-555-0139,2183.png,f,8/20/16,5/31/20,,,
2184,Elmore,Norcross,enorcross2184@example.com,Norcross2184@kuromaku-u.org,F,9/27/98,2020,2020,HSP,MAN,UND,970-111-6183,914-555-0103,2184.png,f,8/20/16,5/31/20,,,
2185,Charla,Graveston,cgraveston2185@example.com,Graveston2185@kuromaku-u.org,M,8/26/98,2020,2020,HSP,ENG,UND,970-111-6184,423-555-0140,2185.png,f,8/20/16,5/31/20,,,
2186,Sigismund,Gummie,sgummie2186@example.com,Gummie2186@kuromaku-u.org,M,1/27/98,2020,2020,AFR,ENG,UND,970-111-6185,713-555-0122,2186.png,f,8/20/16,5/31/20,,,
2187,Mignon,MacGillivray,mmacgillivray2187@example.com,MacGillivray2187@kuromaku-u.org,F,7/16/98,2020,2020,AFR,MAT,NUC,970-111-6186,309-555-0149,2187.png,f,8/20/16,5/31/20,,,
2188,Averil,Tuison,atuison2188@example.com,Tuison2188@kuromaku-u.org,F,10/24/98,2020,2020,HSP,MAN,UND,970-111-6187,312-555-0132,2188.png,f,8/20/16,5/31/20,,,
2189,Nicolais,Longstreeth,nlongstreeth2189@example.net,Longstreeth2189@kuromaku-u.org,F,2/24/98,2020,2020,AFR,CHE,UND,970-111-6188,405-555-0132,2189.png,f,8/20/16,5/31/20,,,
2190,Wilek,Wichard,wwichard2190@example.net,Wichard2190@kuromaku-u.org,M,11/23/98,2020,2020,HSP,AER,UND,970-111-6189,916-555-0122,2190.png,f,8/20/16,5/31/20,,,
2191,Valida,Bouette,vbouette2191@example.com,Bouette2191@kuromaku-u.org,F,9/9/98,2020,2020,WHT,MAT,CIV,970-111-6190,562-555-0153,2191.png,f,8/20/16,5/31/20,,,
2192,Nona,Friar,nfriar2192@example.com,Friar2192@kuromaku-u.org,M,7/17/98,2020,2020,AFR,MAN,CHE,970-111-6191,513-555-0167,2192.png,f,8/20/16,5/31/20,,,
2193,Jessy,Friar,jfriar2193@example.com,Friar2193@kuromaku-u.org,M,8/6/98,2020,2020,AFR,MAN,UND,970-111-6192,559-555-0193,2193.png,f,8/20/16,5/31/20,,,
2194,Hal,Cutriss,hcutriss2194@example.com,Cutriss2194@kuromaku-u.org,M,5/22/98,2020,2020,ASN,COM,MAN,970-111-6193,808-555-0173,2194.png,f,8/20/16,5/31/20,,,
2195,Marie-jeanne,Lakenton,mlakenton2195@example.org,Lakenton2195@kuromaku-u.org,F,4/22/98,2020,2020,HSP,AER,UND,970-111-6194,253-555-0181,2195.png,f,8/20/16,5/31/20,,,
2196,Bertrando,Revie,brevie2196@example.org,Revie2196@kuromaku-u.org,M,7/15/98,2020,2020,WHT,CIV,UND,970-111-6195,817-555-0160,2196.png,f,8/20/16,5/31/20,,,
2197,Garek,Fellgett,gfellgett2197@example.com,Fellgett2197@kuromaku-u.org,M,10/6/98,2020,2020,HSP,COM,UND,970-111-6196,718-555-0122,2197.png,f,8/20/16,5/31/20,,,
2198,Georgie,Applewhite,gapplewhite2198@example.org,Applewhite2198@kuromaku-u.org,M,11/25/98,2020,2020,HSP,CHE,UND,970-111-6197,913-555-0140,2198.png,f,8/20/16,5/31/20,,,
2199,Ashlin,Shalliker,ashalliker2199@example.net,Shalliker2199@kuromaku-u.org,F,12/27/98,2020,2020,ASN,CIV,UND,970-111-6198,516-555-0107,2199.png,f,8/20/16,5/31/20,,,
2200,Lloyd,Brownell,lbrownell2200@example.net,Brownell2200@kuromaku-u.org,M,9/7/98,2020,2020,HSP,ENG,UND,970-111-6199,212-555-0100,2200.png,f,8/20/16,5/31/20,,,
2201,Phil,Calverd,pcalverd2201@example.net,Calverd2201@kuromaku-u.org,M,2/19/98,2020,2020,HSP,MAT,CHE,970-111-6200,253-555-0164,2201.png,f,8/20/16,5/31/20,,,
2202,Maryjo,Reville,mreville2202@example.org,Reville2202@kuromaku-u.org,F,7/19/98,2020,2020,ASN,MAT,UND,970-111-6201,412-555-0123,2202.png,f,8/20/16,5/31/20,,,
2203,Rourke,Hovert,rhovert2203@example.org,Hovert2203@kuromaku-u.org,F,12/19/98,2020,2020,WHT,MAT,UND,970-111-6202,602-555-0154,2203.png,f,8/20/16,5/31/20,,,
2204,Nanine,Eustice,neustice2204@example.org,Eustice2204@kuromaku-u.org,F,8/10/98,2020,2020,HSP,AER,UND,970-111-6203,540-555-0166,2204.png,f,8/20/16,5/31/20,,,
2205,Issi,Januszkiewicz,ijanuszkiewicz2205@example.com,Januszkiewicz2205@kuromaku-u.org,M,9/18/98,2020,2020,ASN,COM,UND,970-111-6204,720-555-0121,2205.png,f,8/20/16,5/31/20,,,
2206,Tally,Joney,tjoney2206@example.net,Joney2206@kuromaku-u.org,M,9/14/98,2020,2020,ASN,MAN,UND,970-111-6205,501-555-0103,2206.png,f,8/20/16,5/31/20,,,
2207,Any,Ponder,aponder2207@example.org,Ponder2207@kuromaku-u.org,M,11/23/98,2020,2020,ASN,MAT,UND,970-111-6206,937-555-0180,2207.png,f,8/20/16,5/31/20,,,
2208,Darcy,McComb,dmccomb2208@example.com,McComb2208@kuromaku-u.org,F,3/5/98,2020,2020,HSP,MAT,CHE,970-111-6207,623-555-0123,2208.png,f,8/20/16,5/31/20,,,
2209,Stu,Cawood,scawood2209@example.org,Cawood2209@kuromaku-u.org,M,9/8/98,2020,2020,ASN,MAT,CIV,970-111-6208,614-555-0192,2209.png,f,8/20/16,5/31/20,,,
2210,Glenn,Cundy,gcundy2210@example.org,Cundy2210@kuromaku-u.org,F,3/25/98,2020,2020,WHT,CHE,ENG,970-111-6209,952-555-0132,2210.png,f,8/20/16,5/31/20,,,
2211,Corie,Fussell,cfussell2211@example.org,Fussell2211@kuromaku-u.org,F,10/8/98,2020,2020,ASN,MEC,MAN,970-111-6210,314-555-0197,2211.png,f,8/20/16,5/31/20,,,
2212,Taddeusz,Tippett,ttippett2212@example.com,Tippett2212@kuromaku-u.org,F,4/13/98,2020,2020,HSP,MAN,UND,970-111-6211,203-555-0189,2212.png,f,8/20/16,5/31/20,,,
2213,Genny,Smoth,gsmoth2213@example.org,Smoth2213@kuromaku-u.org,F,7/4/98,2020,2020,AFR,MAN,NUC,970-111-6212,916-555-0118,2213.png,f,8/20/16,5/31/20,,,
2214,Kerstin,Milbank,kmilbank2214@example.net,Milbank2214@kuromaku-u.org,F,3/14/98,2020,2020,HSP,COM,AER,970-111-6213,865-555-0132,2214.png,f,8/20/16,5/31/20,,,
2215,Emilia,Wishkar,ewishkar2215@example.com,Wishkar2215@kuromaku-u.org,F,5/23/98,2020,2020,WHT,MAN,UND,970-111-6214,719-555-0176,2215.png,f,8/20/16,5/31/20,,,
2216,Stanislaus,Duplain,sduplain2216@example.org,Duplain2216@kuromaku-u.org,M,8/21/98,2020,2020,HSP,NUC,CHE,970-111-6215,501-555-0191,2216.png,f,8/20/16,5/31/20,,,
2217,Melita,McMurthy,mmcmurthy2217@example.net,McMurthy2217@kuromaku-u.org,M,9/4/98,2020,2020,ASN,CHE,UND,970-111-6216,202-555-0163,2217.png,f,8/20/16,5/31/20,,,
2218,Simeon,Abotson,sabotson2218@example.org,Abotson2218@kuromaku-u.org,M,3/25/98,2020,2020,AFR,MAN,MAT,970-111-6217,814-555-0100,2218.png,f,8/20/16,5/31/20,,,
2219,Luci,Milbank,lmilbank2219@example.net,Milbank2219@kuromaku-u.org,F,9/11/98,2020,2020,AFR,CHE,UND,970-111-6218,202-555-0129,2219.png,f,8/20/16,5/31/20,,,
2220,Alethea,Celli,acelli2220@example.net,Celli2220@kuromaku-u.org,F,1/16/98,2020,2020,HSP,MAT,UND,970-111-6219,586-555-0162,2220.png,f,8/20/16,5/31/20,,,
2221,Jedd,Cornewell,jcornewell2221@example.net,Cornewell2221@kuromaku-u.org,M,5/15/98,2020,2020,HSP,MAT,UND,970-111-6220,217-555-0118,2221.png,f,8/20/16,5/31/20,,,
2222,Nananne,Bourget,nbourget2222@example.net,Bourget2222@kuromaku-u.org,F,7/21/98,2020,2020,ASN,ENG,UND,970-111-6221,240-555-0182,2222.png,f,8/20/16,5/31/20,,,
2223,Orville,Balogh,obalogh2223@example.org,Balogh2223@kuromaku-u.org,F,5/8/98,2020,2020,ASN,NUC,UND,970-111-6222,405-555-0112,2223.png,f,8/20/16,5/31/20,,,
2224,Kalvin,Philipsen,kphilipsen2224@example.org,Philipsen2224@kuromaku-u.org,M,2/5/98,2020,2020,AFR,MAN,UND,970-111-6223,937-555-0174,2224.png,f,8/20/16,5/31/20,,,
2225,Nicholle,Windebank,nwindebank2225@example.org,Windebank2225@kuromaku-u.org,F,4/27/98,2020,2020,HSP,ENG,UND,970-111-6224,601-555-0164,2225.png,f,8/20/16,5/31/20,,,
2226,Jedd,Cornthwaite,jcornthwaite2226@example.net,Cornthwaite2226@kuromaku-u.org,M,8/22/98,2020,2020,AFR,AER,CIV,970-111-6225,318-555-0104,2226.png,f,8/20/16,5/31/20,,,
2227,Margery,Denisot,mdenisot2227@example.com,Denisot2227@kuromaku-u.org,F,9/12/98,2020,2020,HSP,CIV,MEC,970-111-6226,202-555-0131,2227.png,f,8/20/16,5/31/20,,,
2228,Hill,Boat,hboat2228@example.org,Boat2228@kuromaku-u.org,F,1/6/98,2020,2020,AFR,ENG,UND,970-111-6227,702-555-0187,2228.png,f,8/20/16,5/31/20,,,
2229,Rolph,Tatton,rtatton2229@example.com,Tatton2229@kuromaku-u.org,M,8/15/98,2020,2020,AFR,AER,MAT,970-111-6228,701-555-0122,2229.png,f,8/20/16,5/31/20,,,
2230,Emanuel,Daughtry,edaughtry2230@example.net,Daughtry2230@kuromaku-u.org,F,12/8/98,2020,2020,AFR,ENG,UND,970-111-6229,602-555-0104,2230.png,f,8/20/16,5/31/20,,,
2231,Rhody,Rutter,rrutter2231@example.net,Rutter2231@kuromaku-u.org,M,2/27/98,2020,2020,WHT,MAT,UND,970-111-6230,202-555-0139,2231.png,f,8/20/16,5/31/20,,,
2232,Graig,Phippin,gphippin2232@example.com,Phippin2232@kuromaku-u.org,M,6/13/98,2020,2020,HSP,MAN,UND,970-111-6231,504-555-0142,2232.png,f,8/20/16,5/31/20,,,
2233,Olympe,Burrass,oburrass2233@example.net,Burrass2233@kuromaku-u.org,M,4/13/98,2020,2020,ASN,MAT,UND,970-111-6232,573-555-0139,2233.png,f,8/20/16,5/31/20,,,
2234,Miguela,Sporle,msporle2234@example.org,Sporle2234@kuromaku-u.org,M,10/27/98,2020,2020,HSP,MAT,UND,970-111-6233,502-555-0149,2234.png,f,8/20/16,5/31/20,,,
2235,Margi,Breitler,mbreitler2235@example.net,Breitler2235@kuromaku-u.org,F,11/25/98,2020,2020,HSP,ENG,MEC,970-111-6234,240-555-0108,2235.png,f,8/20/16,5/31/20,,,
2236,Jecho,Pimmocke,jpimmocke2236@example.org,Pimmocke2236@kuromaku-u.org,M,5/14/98,2020,2020,ASN,ENG,UND,970-111-6235,717-555-0181,2236.png,f,8/20/16,5/31/20,,,
2237,Tedda,Walklot,twalklot2237@example.com,Walklot2237@kuromaku-u.org,F,11/16/98,2020,2020,AFR,COM,CIV,970-111-6236,915-555-0177,2237.png,f,8/20/16,5/31/20,,,
2238,Anthea,Cutriss,acutriss2238@example.net,Cutriss2238@kuromaku-u.org,F,6/1/98,2020,2020,ASN,AER,UND,970-111-6237,608-555-0175,2238.png,f,8/20/16,5/31/20,,,
2239,Luci,Pulster,lpulster2239@example.org,Pulster2239@kuromaku-u.org,M,12/2/98,2020,2020,AFR,AER,UND,970-111-6238,803-555-0154,2239.png,f,8/20/16,5/31/20,,,
2240,Dorelia,Niezen,dniezen2240@example.org,Niezen2240@kuromaku-u.org,F,3/26/98,2020,2020,HSP,AER,CHE,970-111-6239,415-555-0178,2240.png,f,8/20/16,5/31/20,,,
2241,Kendall,Scarsbrick,kscarsbrick2241@example.com,Scarsbrick2241@kuromaku-u.org,M,1/8/98,2020,2020,HSP,NUC,UND,970-111-6240,858-555-0184,2241.png,f,8/20/16,5/31/20,,,
2242,Godard,Nelligan,gnelligan2242@example.com,Nelligan2242@kuromaku-u.org,F,3/3/98,2020,2020,ASN,COM,UND,970-111-6241,937-555-0137,2242.png,f,8/20/16,5/31/20,,,
2243,Marlo,Riccio,mriccio2243@example.net,Riccio2243@kuromaku-u.org,F,4/12/98,2020,2020,ASN,CIV,UND,970-111-6242,202-555-0136,2243.png,f,8/20/16,5/31/20,,,
2244,Amie,Kristufek,akristufek2244@example.com,Kristufek2244@kuromaku-u.org,M,4/9/98,2020,2020,ASN,ENG,UND,970-111-6243,419-555-0174,2244.png,f,8/20/16,5/31/20,,,
2245,Catrina,Ciccerale,cciccerale2245@example.net,Ciccerale2245@kuromaku-u.org,F,4/20/98,2020,2020,ASN,MAN,UND,970-111-6244,810-555-0178,2245.png,f,8/20/16,5/31/20,,,
2246,Janessa,Arbon,jarbon2246@example.org,Arbon2246@kuromaku-u.org,M,10/2/98,2020,2020,ASN,ENG,UND,970-111-6245,301-555-0109,2246.png,f,8/20/16,5/31/20,,,
2247,Remy,Danilin,rdanilin2247@example.net,Danilin2247@kuromaku-u.org,M,1/4/98,2020,2020,HSP,NUC,UND,970-111-6246,608-555-0190,2247.png,f,8/20/16,5/31/20,,,
2248,Forester,Hush,fhush2248@example.net,Hush2248@kuromaku-u.org,M,9/21/98,2020,2020,HSP,MEC,UND,970-111-6247,904-555-0126,2248.png,f,8/20/16,5/31/20,,,
2249,Koo,Hassur,khassur2249@example.org,Hassur2249@kuromaku-u.org,M,2/16/98,2020,2020,AFR,COM,CHE,970-111-6248,314-555-0152,2249.png,f,8/20/16,5/31/20,,,
2250,Kimberlee,Cundy,kcundy2250@example.org,Cundy2250@kuromaku-u.org,M,12/24/98,2020,2020,WHT,COM,UND,970-111-6249,561-555-0174,2250.png,f,8/20/16,5/31/20,,,
2251,Chloe,Capron,ccapron2251@example.net,Capron2251@kuromaku-u.org,F,8/9/99,2021,2021,AFR,CHE,UND,970-111-6250,518-555-0168,2251.png,f,8/20/17,5/31/21,,,
2252,Kaleb,Gadault,kgadault2252@example.com,Gadault2252@kuromaku-u.org,F,2/19/99,2021,2021,AFR,NUC,ENG,970-111-6251,213-555-0110,2252.png,f,8/20/17,5/31/21,,,
2253,Celine,Jellico,cjellico2253@example.org,Jellico2253@kuromaku-u.org,M,4/12/99,2021,2021,WHT,AER,MAT,970-111-6252,907-555-0119,2253.png,f,8/20/17,5/31/21,,,
2254,Enid,Warnes,ewarnes2254@example.org,Warnes2254@kuromaku-u.org,M,8/13/99,2021,2021,WHT,AER,UND,970-111-6253,912-555-0162,2254.png,f,8/20/17,5/31/21,,,
2255,Candis,Egdale,cegdale2255@example.com,Egdale2255@kuromaku-u.org,M,7/13/99,2021,2021,ASN,MAN,UND,970-111-6254,251-555-0174,2255.png,f,8/20/17,5/31/21,,,
2256,Mendy,Jutson,mjutson2256@example.org,Jutson2256@kuromaku-u.org,F,2/22/99,2021,2021,HSP,CHE,NUC,970-111-6255,209-555-0158,2256.png,f,8/20/17,5/31/21,,,
2257,Betsy,Zielinski,bzielinski2257@example.org,Zielinski2257@kuromaku-u.org,M,2/28/99,2021,2021,ASN,MAN,UND,970-111-6256,510-555-0138,2257.png,f,8/20/17,5/31/21,,,
2258,Dean,Keld,dkeld2258@example.org,Keld2258@kuromaku-u.org,M,1/27/99,2021,2021,HSP,COM,UND,970-111-6257,862-555-0121,2258.png,f,8/20/17,5/31/21,,,
2259,Manfred,Searchwell,msearchwell2259@example.org,Searchwell2259@kuromaku-u.org,M,1/21/99,2021,2021,ASN,CHE,UND,970-111-6258,702-555-0152,2259.png,f,8/20/17,5/31/21,,,
2260,Clay,Freear,cfreear2260@example.net,Freear2260@kuromaku-u.org,F,3/28/99,2021,2021,WHT,MAN,UND,970-111-6259,318-555-0157,2260.png,f,8/20/17,5/31/21,,,
2261,Hubey,Butcher,hbutcher2261@example.com,Butcher2261@kuromaku-u.org,M,9/17/99,2021,2021,AFR,MAT,UND,970-111-6260,228-555-0192,2261.png,f,8/20/17,5/31/21,,,
2262,Allister,Heintze,aheintze2262@example.org,Heintze2262@kuromaku-u.org,F,6/24/99,2021,2021,ASN,MAT,UND,970-111-6261,406-555-0166,2262.png,f,8/20/17,5/31/21,,,
2263,Lazar,Opie,lopie2263@example.com,Opie2263@kuromaku-u.org,M,7/14/99,2021,2021,ASN,MAN,UND,970-111-6262,817-555-0100,2263.png,f,8/20/17,5/31/21,,,
2264,Muffin,Rogier,mrogier2264@example.net,Rogier2264@kuromaku-u.org,M,9/18/99,2021,2021,AFR,AER,UND,970-111-6263,206-555-0145,2264.png,f,8/20/17,5/31/21,,,
2265,Tiffanie,Ellis,tellis2265@example.com,Ellis2265@kuromaku-u.org,M,7/1/99,2021,2021,WHT,MAN,UND,970-111-6264,502-555-0139,2265.png,f,8/20/17,5/31/21,,,
2266,Prent,Daber,pdaber2266@example.com,Daber2266@kuromaku-u.org,F,3/20/99,2021,2021,AFR,ENG,UND,970-111-6265,336-555-0188,2266.png,f,8/20/17,5/31/21,,,
2267,Rosalind,Cheesley,rcheesley2267@example.org,Cheesley2267@kuromaku-u.org,F,2/5/99,2021,2021,WHT,MAT,UND,970-111-6266,785-555-0145,2267.png,f,8/20/17,5/31/21,,,
2268,Rolph,Satterlee,rsatterlee2268@example.com,Satterlee2268@kuromaku-u.org,F,1/2/99,2021,2021,WHT,MAN,CHE,970-111-6267,570-555-0165,2268.png,f,8/20/17,5/31/21,,,
2269,Sergei,Whichelow,swhichelow2269@example.net,Whichelow2269@kuromaku-u.org,F,8/4/99,2021,2021,ASN,NUC,MAN,970-111-6268,850-555-0125,2269.png,f,8/20/17,5/31/21,,,
2270,Theodora,Tatton,ttatton2270@example.com,Tatton2270@kuromaku-u.org,M,11/4/99,2021,2021,WHT,MEC,ENG,970-111-6269,305-555-0181,2270.png,f,8/20/17,5/31/21,,,
2271,Melody,Mayze,mmayze2271@example.org,Mayze2271@kuromaku-u.org,M,3/1/99,2021,2021,AFR,CIV,UND,970-111-6270,202-555-0198,2271.png,f,8/20/17,5/31/21,,,
2272,Jacki,Boards,jboards2272@example.org,Boards2272@kuromaku-u.org,M,4/10/99,2021,2021,ASN,CHE,UND,970-111-6271,301-555-0144,2272.png,f,8/20/17,5/31/21,,,
2273,Sigismundo,Milillo,smilillo2273@example.org,Milillo2273@kuromaku-u.org,F,7/18/99,2021,2021,HSP,MAN,UND,970-111-6272,303-555-0127,2273.png,f,8/20/17,5/31/21,,,
2274,Tiffanie,Woosnam,twoosnam2274@example.org,Woosnam2274@kuromaku-u.org,F,5/9/99,2021,2021,ASN,MAN,CIV,970-111-6273,612-555-0183,2274.png,f,8/20/17,5/31/21,,,
2275,Prent,Longstreeth,plongstreeth2275@example.net,Longstreeth2275@kuromaku-u.org,M,10/25/99,2021,2021,AFR,COM,UND,970-111-6274,954-555-0140,2275.png,f,8/20/17,5/31/21,,,
2276,Drusy,Hardwell,dhardwell2276@example.net,Hardwell2276@kuromaku-u.org,M,8/5/99,2021,2021,AFR,MAT,UND,970-111-6275,714-555-0150,2276.png,f,8/20/17,5/31/21,,,
2277,Saleem,Domelow,sdomelow2277@example.net,Domelow2277@kuromaku-u.org,F,5/17/99,2021,2021,WHT,MAN,UND,970-111-6276,408-555-0192,2277.png,f,8/20/17,5/31/21,,,
2278,Lelia,Spooner,lspooner2278@example.com,Spooner2278@kuromaku-u.org,F,2/27/99,2021,2021,HSP,MAN,ENG,970-111-6277,972-555-0186,2278.png,f,8/20/17,5/31/21,,,
2279,Gothart,Tonkinson,gtonkinson2279@example.com,Tonkinson2279@kuromaku-u.org,F,4/11/99,2021,2021,HSP,COM,UND,970-111-6278,847-555-0131,2279.png,f,8/20/17,5/31/21,,,
2280,Vinnie,Skpsey,vskpsey2280@example.net,Skpsey2280@kuromaku-u.org,F,11/3/99,2021,2021,AFR,MAN,UND,970-111-6279,937-555-0103,2280.png,f,8/20/17,5/31/21,,,
2281,Gilli,Claydon,gclaydon2281@example.org,Claydon2281@kuromaku-u.org,F,1/2/99,2021,2021,AFR,MAN,UND,970-111-6280,208-555-0182,2281.png,f,8/20/17,5/31/21,,,
2282,Celle,McIlvoray,cmcilvoray2282@example.com,McIlvoray2282@kuromaku-u.org,M,1/13/99,2021,2021,WHT,CHE,MAN,970-111-6281,509-555-0140,2282.png,f,8/20/17,5/31/21,,,
2283,Crawford,Gleadhell,cgleadhell2283@example.net,Gleadhell2283@kuromaku-u.org,M,5/26/99,2021,2021,ASN,CIV,NUC,970-111-6282,402-555-0183,2283.png,f,8/20/17,5/31/21,,,
2284,Mady,Meriguet,mmeriguet2284@example.net,Meriguet2284@kuromaku-u.org,F,11/13/99,2021,2021,HSP,AER,UND,970-111-6283,702-555-0171,2284.png,f,8/20/17,5/31/21,,,
2285,Isadora,Joney,ijoney2285@example.org,Joney2285@kuromaku-u.org,F,2/26/99,2021,2021,AFR,AER,UND,970-111-6284,904-555-0127,2285.png,f,8/20/17,5/31/21,,,
2286,Britney,Fortie,bfortie2286@example.net,Fortie2286@kuromaku-u.org,M,10/9/99,2021,2021,AFR,MAT,UND,970-111-6285,360-555-0163,2286.png,f,8/20/17,5/31/21,,,
2287,Dinny,Patriche,dpatriche2287@example.org,Patriche2287@kuromaku-u.org,F,5/10/99,2021,2021,WHT,MEC,UND,970-111-6286,412-555-0113,2287.png,f,8/20/17,5/31/21,,,
2288,Staci,Fussell,sfussell2288@example.com,Fussell2288@kuromaku-u.org,M,7/4/99,2021,2021,AFR,ENG,UND,970-111-6287,407-555-0134,2288.png,f,8/20/17,5/31/21,,,
2289,Georgianne,Gadsden,ggadsden2289@example.net,Gadsden2289@kuromaku-u.org,M,11/5/99,2021,2021,HSP,MAT,UND,970-111-6288,601-555-0108,2289.png,f,8/20/17,5/31/21,,,
2290,Lou,Fannon,lfannon2290@example.com,Fannon2290@kuromaku-u.org,M,1/11/99,2021,2021,ASN,CHE,MAN,970-111-6289,410-555-0183,2290.png,f,8/20/17,5/31/21,,,
2291,Raeann,Luce,rluce2291@example.com,Luce2291@kuromaku-u.org,M,1/11/99,2021,2021,ASN,MEC,UND,970-111-6290,309-555-0198,2291.png,f,8/20/17,5/31/21,,,
2292,Etan,Balogh,ebalogh2292@example.org,Balogh2292@kuromaku-u.org,F,11/2/99,2021,2021,HSP,CIV,MEC,970-111-6291,785-555-0171,2292.png,f,8/20/17,5/31/21,,,
2293,Torrance,Gadsden,tgadsden2293@example.org,Gadsden2293@kuromaku-u.org,M,3/14/99,2021,2021,AFR,AER,UND,970-111-6292,803-555-0189,2293.png,f,8/20/17,5/31/21,,,
2294,Mona,Urion,murion2294@example.org,Urion2294@kuromaku-u.org,F,3/9/99,2021,2021,WHT,NUC,MEC,970-111-6293,267-555-0108,2294.png,f,8/20/17,5/31/21,,,
2295,Tito,Mattheeuw,tmattheeuw2295@example.org,Mattheeuw2295@kuromaku-u.org,M,5/18/99,2021,2021,WHT,ENG,UND,970-111-6294,505-555-0122,2295.png,f,8/20/17,5/31/21,,,
2296,Aeriela,Horning,ahorning2296@example.net,Horning2296@kuromaku-u.org,F,2/3/99,2021,2021,HSP,MEC,UND,970-111-6295,828-555-0108,2296.png,f,8/20/17,5/31/21,,,
2297,Tressa,Reeday,treeday2297@example.org,Reeday2297@kuromaku-u.org,M,8/13/99,2021,2021,HSP,ENG,UND,970-111-6296,434-555-0163,2297.png,f,8/20/17,5/31/21,,,
2298,Palmer,Sporle,psporle2298@example.org,Sporle2298@kuromaku-u.org,F,7/14/99,2021,2021,HSP,MEC,UND,970-111-6297,786-555-0110,2298.png,f,8/20/17,5/31/21,,,
2299,Olympe,Pitkins,opitkins2299@example.net,Pitkins2299@kuromaku-u.org,M,4/14/99,2021,2021,ASN,MEC,UND,970-111-6298,570-555-0181,2299.png,f,8/20/17,5/31/21,,,
2300,Vin,Kiendl,vkiendl2300@example.com,Kiendl2300@kuromaku-u.org,M,3/16/99,2021,2021,AFR,AER,UND,970-111-6299,415-555-0164,2300.png,f,8/20/17,5/31/21,,,
2301,Evvy,Able,eable2301@example.org,Able2301@kuromaku-u.org,M,1/23/99,2021,2021,ASN,MAN,UND,970-111-6300,573-555-0182,2301.png,f,8/20/17,5/31/21,,,
2302,Hewie,Boame,hboame2302@example.com,Boame2302@kuromaku-u.org,M,1/12/99,2021,2021,AFR,MAT,CIV,970-111-6301,801-555-0117,2302.png,f,8/20/17,5/31/21,,,
2303,Karry,Cosstick,kcosstick2303@example.com,Cosstick2303@kuromaku-u.org,M,3/9/99,2021,2021,ASN,NUC,UND,970-111-6302,508-555-0175,2303.png,f,8/20/17,5/31/21,,,
2304,Lilllie,Venditto,lvenditto2304@example.net,Venditto2304@kuromaku-u.org,F,8/20/99,2021,2021,HSP,MAN,UND,970-111-6303,210-555-0115,2304.png,f,8/20/17,5/31/21,,,
2305,Graig,Shipp,gshipp2305@example.org,Shipp2305@kuromaku-u.org,F,5/18/99,2021,2021,AFR,COM,MEC,970-111-6304,832-555-0114,2305.png,f,8/20/17,5/31/21,,,
2306,Forester,Ditt,fditt2306@example.org,Ditt2306@kuromaku-u.org,M,3/13/99,2021,2021,HSP,MAT,CHE,970-111-6305,757-555-0192,2306.png,f,8/20/17,5/31/21,,,
2307,Shir,Carrol,scarrol2307@example.com,Carrol2307@kuromaku-u.org,F,3/7/99,2021,2021,WHT,CIV,UND,970-111-6306,309-555-0148,2307.png,f,8/20/17,5/31/21,,,
2308,Bastian,Tippett,btippett2308@example.org,Tippett2308@kuromaku-u.org,M,10/4/99,2021,2021,ASN,CHE,MAT,970-111-6307,915-555-0197,2308.png,f,8/20/17,5/31/21,,,
2309,Beilul,Bettleson,bbettleson2309@example.org,Bettleson2309@kuromaku-u.org,M,4/18/99,2021,2021,HSP,CIV,UND,970-111-6308,952-555-0150,2309.png,f,8/20/17,5/31/21,,,
2310,Bernie,Fazackerley,bfazackerley2310@example.com,Fazackerley2310@kuromaku-u.org,F,7/9/99,2021,2021,AFR,CIV,UND,970-111-6309,469-555-0117,2310.png,f,8/20/17,5/31/21,,,
2311,Roi,Goggey,rgoggey2311@example.com,Goggey2311@kuromaku-u.org,M,3/16/99,2021,2021,WHT,MAN,UND,970-111-6310,714-555-0168,2311.png,f,8/20/17,5/31/21,,,
2312,Cull,Kochel,ckochel2312@example.com,Kochel2312@kuromaku-u.org,F,5/5/99,2021,2021,WHT,ENG,UND,970-111-6311,918-555-0170,2312.png,f,8/20/17,5/31/21,,,
2313,Polly,Strike,pstrike2313@example.com,Strike2313@kuromaku-u.org,F,12/8/99,2021,2021,AFR,AER,MAN,970-111-6312,937-555-0116,2313.png,f,8/20/17,5/31/21,,,
2314,Mallorie,Morston,mmorston2314@example.org,Morston2314@kuromaku-u.org,M,1/16/99,2021,2021,ASN,MAT,COM,970-111-6313,330-555-0173,2314.png,f,8/20/17,5/31/21,,,
2315,Ransom,Champneys,rchampneys2315@example.org,Champneys2315@kuromaku-u.org,M,3/28/99,2021,2021,ASN,AER,UND,970-111-6314,918-555-0157,2315.png,f,8/20/17,5/31/21,,,
2316,Rutger,Porcher,rporcher2316@example.org,Porcher2316@kuromaku-u.org,F,2/6/99,2021,2021,ASN,CHE,MAN,970-111-6315,651-555-0136,2316.png,f,8/20/17,5/31/21,,,
2317,Lissi,Crady,lcrady2317@example.net,Crady2317@kuromaku-u.org,M,5/27/99,2021,2021,AFR,ENG,UND,970-111-6316,626-555-0118,2317.png,f,8/20/17,5/31/21,,,
2318,Renell,Lardeur,rlardeur2318@example.org,Lardeur2318@kuromaku-u.org,M,3/14/99,2021,2021,WHT,MAT,UND,970-111-6317,503-555-0121,2318.png,f,8/20/17,5/31/21,,,
2319,Gibbie,Skpsey,gskpsey2319@example.com,Skpsey2319@kuromaku-u.org,F,10/11/99,2021,2021,WHT,MEC,UND,970-111-6318,904-555-0174,2319.png,f,8/20/17,5/31/21,,,
2320,Delia,Casiroli,dcasiroli2320@example.org,Casiroli2320@kuromaku-u.org,F,2/24/99,2021,2021,HSP,CIV,NUC,970-111-6319,651-555-0122,2320.png,f,8/20/17,5/31/21,,,
2321,Tristam,Feakins,tfeakins2321@example.com,Feakins2321@kuromaku-u.org,M,12/18/99,2021,2021,WHT,COM,UND,970-111-6320,202-555-0116,2321.png,f,8/20/17,5/31/21,,,
2322,Jerome,Hayhurst,jhayhurst2322@example.com,Hayhurst2322@kuromaku-u.org,F,7/9/99,2021,2021,ASN,AER,CIV,970-111-6321,804-555-0129,2322.png,f,8/20/17,5/31/21,,,
2323,Berky,Barnwille,bbarnwille2323@example.com,Barnwille2323@kuromaku-u.org,F,8/13/99,2021,2021,HSP,MEC,UND,970-111-6322,409-555-0145,2323.png,f,8/20/17,5/31/21,,,
2324,Silvan,Hendron,shendron2324@example.com,Hendron2324@kuromaku-u.org,F,12/12/99,2021,2021,WHT,NUC,UND,970-111-6323,786-555-0103,2324.png,f,8/20/17,5/31/21,,,
2325,Worth,Hughland,whughland2325@example.com,Hughland2325@kuromaku-u.org,M,12/24/99,2021,2021,ASN,NUC,UND,970-111-6324,201-555-0193,2325.png,f,8/20/17,5/31/21,,,
2326,Lydon,Meth,lmeth2326@example.com,Meth2326@kuromaku-u.org,M,9/3/99,2021,2021,ASN,ENG,UND,970-111-6325,847-555-0183,2326.png,f,8/20/17,5/31/21,,,
2327,Elias,Rutter,erutter2327@example.com,Rutter2327@kuromaku-u.org,M,4/1/99,2021,2021,HSP,MEC,CHE,970-111-6326,512-555-0179,2327.png,f,8/20/17,5/31/21,,,
2328,Annabel,Bromwich,abromwich2328@example.net,Bromwich2328@kuromaku-u.org,F,10/5/99,2021,2021,AFR,MAT,CHE,970-111-6327,916-555-0182,2328.png,f,8/20/17,5/31/21,,,
2329,Garrek,Lilford,glilford2329@example.org,Lilford2329@kuromaku-u.org,F,4/3/99,2021,2021,WHT,CHE,UND,970-111-6328,678-555-0166,2329.png,f,8/20/17,5/31/21,,,
2330,Sandye,Kahler,skahler2330@example.net,Kahler2330@kuromaku-u.org,M,7/2/99,2021,2021,AFR,MAT,UND,970-111-6329,805-555-0186,2330.png,f,8/20/17,5/31/21,,,
2331,Bliss,Blaxall,bblaxall2331@example.org,Blaxall2331@kuromaku-u.org,M,1/23/99,2021,2021,HSP,ENG,UND,970-111-6330,205-555-0178,2331.png,f,8/20/17,5/31/21,,,
2332,Fields,Penniall,fpenniall2332@example.org,Penniall2332@kuromaku-u.org,M,5/17/99,2021,2021,HSP,ENG,UND,970-111-6331,616-555-0132,2332.png,f,8/20/17,5/31/21,,,
2333,Heath,Gellier,hgellier2333@example.net,Gellier2333@kuromaku-u.org,M,6/16/99,2021,2021,WHT,CHE,UND,970-111-6332,714-555-0141,2333.png,f,8/20/17,5/31/21,,,
2334,Alaster,Doumenc,adoumenc2334@example.net,Doumenc2334@kuromaku-u.org,M,6/14/99,2021,2021,WHT,CHE,UND,970-111-6333,859-555-0182,2334.png,f,8/20/17,5/31/21,,,
2335,Mario,Works,mworks2335@example.net,Works2335@kuromaku-u.org,F,7/17/99,2021,2021,WHT,NUC,AER,970-111-6334,413-555-0176,2335.png,f,8/20/17,5/31/21,,,
2336,Hal,Mahy,hmahy2336@example.net,Mahy2336@kuromaku-u.org,F,12/4/99,2021,2021,AFR,ENG,MAN,970-111-6335,801-555-0138,2336.png,f,8/20/17,5/31/21,,,
2337,Melvyn,Cesco,mcesco2337@example.org,Cesco2337@kuromaku-u.org,F,5/18/99,2021,2021,WHT,CIV,UND,970-111-6336,989-555-0122,2337.png,f,8/20/17,5/31/21,,,
2338,Orlando,Fenge,ofenge2338@example.org,Fenge2338@kuromaku-u.org,M,4/23/99,2021,2021,ASN,MEC,UND,970-111-6337,301-555-0177,2338.png,f,8/20/17,5/31/21,,,
2339,Wilt,Giggie,wgiggie2339@example.com,Giggie2339@kuromaku-u.org,F,2/11/99,2021,2021,HSP,CHE,UND,970-111-6338,216-555-0171,2339.png,f,8/20/17,5/31/21,,,
2340,Tully,Fussell,tfussell2340@example.com,Fussell2340@kuromaku-u.org,M,12/5/99,2021,2021,HSP,AER,UND,970-111-6339,817-555-0151,2340.png,f,8/20/17,5/31/21,,,
2341,Llywellyn,Dietsche,ldietsche2341@example.com,Dietsche2341@kuromaku-u.org,M,10/14/99,2021,2021,WHT,CIV,UND,970-111-6340,508-555-0105,2341.png,f,8/20/17,5/31/21,,,
2342,Godard,Hatcliffe,ghatcliffe2342@example.org,Hatcliffe2342@kuromaku-u.org,F,2/12/99,2021,2021,AFR,CHE,MAT,970-111-6341,225-555-0169,2342.png,f,8/20/17,5/31/21,,,
2343,Yurik,Dogerty,ydogerty2343@example.org,Dogerty2343@kuromaku-u.org,F,10/18/99,2021,2021,WHT,CIV,UND,970-111-6342,785-555-0152,2343.png,f,8/20/17,5/31/21,,,
2344,Rolf,Whylie,rwhylie2344@example.org,Whylie2344@kuromaku-u.org,M,10/21/99,2021,2021,ASN,MAN,NUC,970-111-6343,434-555-0190,2344.png,f,8/20/17,5/31/21,,,
2345,Jenn,Silverthorne,jsilverthorne2345@example.com,Silverthorne2345@kuromaku-u.org,F,7/18/99,2021,2021,ASN,AER,CIV,970-111-6344,203-555-0163,2345.png,f,8/20/17,5/31/21,,,
2346,Kelsey,Holborn,kholborn2346@example.com,Holborn2346@kuromaku-u.org,M,1/11/99,2021,2021,WHT,AER,UND,970-111-6345,617-555-0150,2346.png,f,8/20/17,5/31/21,,,
2347,Nata,Zorzutti,nzorzutti2347@example.net,Zorzutti2347@kuromaku-u.org,F,12/26/99,2021,2021,ASN,MAN,UND,970-111-6346,361-555-0197,2347.png,f,8/20/17,5/31/21,,,
2348,Colman,Burchall,cburchall2348@example.net,Burchall2348@kuromaku-u.org,F,11/13/99,2021,2021,ASN,MAT,UND,970-111-6347,714-555-0164,2348.png,f,8/20/17,5/31/21,,,
2349,Donnie,Lewnden,dlewnden2349@example.org,Lewnden2349@kuromaku-u.org,F,2/8/99,2021,2021,AFR,AER,UND,970-111-6348,719-555-0150,2349.png,f,8/20/17,5/31/21,,,
2350,Stanleigh,Harding,sharding2350@example.org,Harding2350@kuromaku-u.org,F,12/1/99,2021,2021,AFR,ENG,UND,970-111-6349,817-555-0189,2350.png,f,8/20/17,5/31/21,,,
2351,Vivi,Littlewood,vlittlewood2351@example.org,Littlewood2351@kuromaku-u.org,F,3/8/99,2021,2021,WHT,CIV,UND,970-111-6350,716-555-0195,2351.png,f,8/20/17,5/31/21,,,
2352,Madelina,Tolfrey,mtolfrey2352@example.org,Tolfrey2352@kuromaku-u.org,M,12/23/99,2021,2021,ASN,AER,ENG,970-111-6351,786-555-0173,2352.png,f,8/20/17,5/31/21,,,
2353,Lannie,Randerson,lranderson2353@example.org,Randerson2353@kuromaku-u.org,M,6/14/99,2021,2021,WHT,AER,ENG,970-111-6352,234-555-0134,2353.png,f,8/20/17,5/31/21,,,
2354,Mellie,Luscott,mluscott2354@example.com,Luscott2354@kuromaku-u.org,F,8/26/99,2021,2021,AFR,ENG,UND,970-111-6353,612-555-0198,2354.png,f,8/20/17,5/31/21,,,
2355,Alphonse,Goggey,agoggey2355@example.org,Goggey2355@kuromaku-u.org,M,9/8/99,2021,2021,HSP,ENG,UND,970-111-6354,314-555-0151,2355.png,f,8/20/17,5/31/21,,,
2356,Elana,Gabbidon,egabbidon2356@example.net,Gabbidon2356@kuromaku-u.org,F,7/4/99,2021,2021,HSP,NUC,UND,970-111-6355,202-555-0138,2356.png,f,8/20/17,5/31/21,,,
2357,Godard,Benton,gbenton2357@example.com,Benton2357@kuromaku-u.org,F,12/21/99,2021,2021,HSP,NUC,UND,970-111-6356,801-555-0140,2357.png,f,8/20/17,5/31/21,,,
2358,Marin,Kyme,mkyme2358@example.com,Kyme2358@kuromaku-u.org,F,6/22/99,2021,2021,HSP,CHE,UND,970-111-6357,757-555-0132,2358.png,f,8/20/17,5/31/21,,,
2359,Stanley,Tremmil,stremmil2359@example.org,Tremmil2359@kuromaku-u.org,F,5/14/99,2021,2021,ASN,CHE,UND,970-111-6358,918-555-0196,2359.png,f,8/20/17,5/31/21,,,
2360,Arlette,Polglaze,apolglaze2360@example.com,Polglaze2360@kuromaku-u.org,F,12/16/99,2021,2021,AFR,CHE,UND,970-111-6359,952-555-0190,2360.png,f,8/20/17,5/31/21,,,
2361,Job,Bamforth,jbamforth2361@example.com,Bamforth2361@kuromaku-u.org,F,4/2/99,2021,2021,ASN,CIV,UND,970-111-6360,309-555-0153,2361.png,f,8/20/17,5/31/21,,,
2362,Melloney,Dillingstone,mdillingstone2362@example.net,Dillingstone2362@kuromaku-u.org,M,6/22/99,2021,2021,AFR,ENG,CIV,970-111-6361,239-555-0142,2362.png,f,8/20/17,5/31/21,,,
2363,Gibbie,Hudd,ghudd2363@example.com,Hudd2363@kuromaku-u.org,M,6/21/99,2021,2021,AFR,AER,UND,970-111-6362,561-555-0128,2363.png,f,8/20/17,5/31/21,,,
2364,Fran,Winfindale,fwinfindale2364@example.net,Winfindale2364@kuromaku-u.org,F,1/22/99,2021,2021,HSP,MAN,NUC,970-111-6363,619-555-0171,2364.png,f,8/20/17,5/31/21,,,
2365,Jules,Suddards,jsuddards2365@example.net,Suddards2365@kuromaku-u.org,M,2/9/99,2021,2021,HSP,CHE,MEC,970-111-6364,915-555-0163,2365.png,f,8/20/17,5/31/21,,,
2366,Riannon,Somerton,rsomerton2366@example.org,Somerton2366@kuromaku-u.org,F,3/23/99,2021,2021,HSP,ENG,UND,970-111-6365,206-555-0165,2366.png,f,8/20/17,5/31/21,,,
2367,Jacki,Sucre,jsucre2367@example.net,Sucre2367@kuromaku-u.org,M,10/3/99,2021,2021,WHT,MAT,UND,970-111-6366,602-555-0120,2367.png,f,8/20/17,5/31/21,,,
2368,Mattie,Abotson,mabotson2368@example.com,Abotson2368@kuromaku-u.org,F,10/5/99,2021,2021,AFR,COM,CHE,970-111-6367,940-555-0160,2368.png,f,8/20/17,5/31/21,,,
2369,Karyn,Trembath,ktrembath2369@example.org,Trembath2369@kuromaku-u.org,M,7/18/99,2021,2021,AFR,NUC,UND,970-111-6368,502-555-0100,2369.png,f,8/20/17,5/31/21,,,
2370,Leena,Benka,lbenka2370@example.com,Benka2370@kuromaku-u.org,F,12/9/99,2021,2021,ASN,CHE,UND,970-111-6369,405-555-0134,2370.png,f,8/20/17,5/31/21,,,
2371,Lockwood,Hillyatt,lhillyatt2371@example.com,Hillyatt2371@kuromaku-u.org,F,8/9/99,2021,2021,WHT,COM,UND,970-111-6370,214-555-0177,2371.png,f,8/20/17,5/31/21,,,
2372,Karry,Flageul,kflageul2372@example.com,Flageul2372@kuromaku-u.org,M,12/11/99,2021,2021,WHT,AER,UND,970-111-6371,352-555-0111,2372.png,f,8/20/17,5/31/21,,,
2373,Anthiathia,Best,abest2373@example.net,Best2373@kuromaku-u.org,M,3/14/99,2021,2021,AFR,ENG,UND,970-111-6372,859-555-0113,2373.png,f,8/20/17,5/31/21,,,
2374,Roanna,Ciccerale,rciccerale2374@example.com,Ciccerale2374@kuromaku-u.org,F,4/2/99,2021,2021,AFR,ENG,MEC,970-111-6373,913-555-0156,2374.png,f,8/20/17,5/31/21,,,
2375,Melina,Fussell,mfussell2375@example.com,Fussell2375@kuromaku-u.org,M,1/10/99,2021,2021,HSP,CHE,UND,970-111-6374,859-555-0126,2375.png,f,8/20/17,5/31/21,,,
2376,Berky,McVitie,bmcvitie2376@example.net,McVitie2376@kuromaku-u.org,F,11/20/99,2021,2021,AFR,COM,UND,970-111-6375,202-555-0126,2376.png,f,8/20/17,5/31/21,,,
2377,Odille,Caldero,ocaldero2377@example.com,Caldero2377@kuromaku-u.org,F,11/10/99,2021,2021,HSP,CHE,UND,970-111-6376,830-555-0188,2377.png,f,8/20/17,5/31/21,,,
2378,Lem,Barniss,lbarniss2378@example.net,Barniss2378@kuromaku-u.org,F,3/28/99,2021,2021,HSP,CHE,UND,970-111-6377,234-555-0149,2378.png,f,8/20/17,5/31/21,,,
2379,Tabbi,Sporle,tsporle2379@example.org,Sporle2379@kuromaku-u.org,M,7/8/99,2021,2021,HSP,ENG,UND,970-111-6378,312-555-0162,2379.png,f,8/20/17,5/31/21,,,
2380,Bernardo,Rixon,brixon2380@example.net,Rixon2380@kuromaku-u.org,F,2/9/99,2021,2021,ASN,ENG,MAT,970-111-6379,314-555-0145,2380.png,f,8/20/17,5/31/21,,,
2381,Worth,Brewood,wbrewood2381@example.com,Brewood2381@kuromaku-u.org,M,10/10/99,2021,2021,HSP,AER,UND,970-111-6380,858-555-0175,2381.png,f,8/20/17,5/31/21,,,
2382,Bari,De Fraine,bdefraine2382@example.com,De Fraine2382@kuromaku-u.org,M,7/8/99,2021,2021,HSP,AER,NUC,970-111-6381,210-555-0129,2382.png,f,8/20/17,5/31/21,,,
2383,Renie,Tours,rtours2383@example.com,Tours2383@kuromaku-u.org,M,8/7/99,2021,2021,WHT,MAT,UND,970-111-6382,971-555-0112,2383.png,f,8/20/17,5/31/21,,,
2384,Denny,Catterick,dcatterick2384@example.org,Catterick2384@kuromaku-u.org,M,12/26/99,2021,2021,WHT,ENG,UND,970-111-6383,812-555-0128,2384.png,f,8/20/17,5/31/21,,,
2385,Donnie,Pic,dpic2385@example.com,Pic2385@kuromaku-u.org,F,8/11/99,2021,2021,ASN,CIV,UND,970-111-6384,602-555-0107,2385.png,f,8/20/17,5/31/21,,,
2386,Koo,Buzin,kbuzin2386@example.com,Buzin2386@kuromaku-u.org,F,3/17/99,2021,2021,HSP,AER,NUC,970-111-6385,409-555-0158,2386.png,f,8/20/17,5/31/21,,,
2387,Alyse,Burchmore,aburchmore2387@example.com,Burchmore2387@kuromaku-u.org,F,6/21/99,2021,2021,AFR,NUC,UND,970-111-6386,805-555-0124,2387.png,f,8/20/17,5/31/21,,,
2388,Delbert,Hudd,dhudd2388@example.net,Hudd2388@kuromaku-u.org,F,8/23/99,2021,2021,WHT,CHE,UND,970-111-6387,215-555-0111,2388.png,f,8/20/17,5/31/21,,,
2389,Demeter,Milbank,dmilbank2389@example.net,Milbank2389@kuromaku-u.org,M,10/2/99,2021,2021,HSP,NUC,UND,970-111-6388,972-555-0192,2389.png,f,8/20/17,5/31/21,,,
2390,Steward,Hush,shush2390@example.com,Hush2390@kuromaku-u.org,M,8/10/99,2021,2021,ASN,CHE,UND,970-111-6389,415-555-0153,2390.png,f,8/20/17,5/31/21,,,
2391,Derril,Redier,dredier2391@example.net,Redier2391@kuromaku-u.org,F,6/8/99,2021,2021,ASN,COM,UND,970-111-6390,203-555-0175,2391.png,f,8/20/17,5/31/21,,,
2392,Jo,Vaugham,jvaugham2392@example.org,Vaugham2392@kuromaku-u.org,M,10/15/99,2021,2021,HSP,COM,MEC,970-111-6391,859-555-0114,2392.png,f,8/20/17,5/31/21,,,
2393,Calv,Chesnay,cchesnay2393@example.com,Chesnay2393@kuromaku-u.org,F,2/5/99,2021,2021,HSP,COM,UND,970-111-6392,952-555-0116,2393.png,f,8/20/17,5/31/21,,,
2394,Stanley,Fellgett,sfellgett2394@example.net,Fellgett2394@kuromaku-u.org,F,6/26/99,2021,2021,AFR,AER,UND,970-111-6393,941-555-0151,2394.png,f,8/20/17,5/31/21,,,
2395,Denny,Raymond,draymond2395@example.com,Raymond2395@kuromaku-u.org,M,8/17/99,2021,2021,ASN,CHE,UND,970-111-6394,602-555-0130,2395.png,f,8/20/17,5/31/21,,,
2396,Jae,Lilford,jlilford2396@example.com,Lilford2396@kuromaku-u.org,M,11/25/99,2021,2021,HSP,MEC,CHE,970-111-6395,480-555-0178,2396.png,f,8/20/17,5/31/21,,,
2397,Helaina,McVitie,hmcvitie2397@example.net,McVitie2397@kuromaku-u.org,F,3/4/99,2021,2021,AFR,MEC,UND,970-111-6396,563-555-0126,2397.png,f,8/20/17,5/31/21,,,
2398,Oralee,Harries,oharries2398@example.org,Harries2398@kuromaku-u.org,M,12/7/99,2021,2021,HSP,MAN,UND,970-111-6397,646-555-0158,2398.png,f,8/20/17,5/31/21,,,
2399,Aldwin,Davoren,adavoren2399@example.net,Davoren2399@kuromaku-u.org,F,7/17/99,2021,2021,AFR,NUC,AER,970-111-6398,570-555-0147,2399.png,f,8/20/17,5/31/21,,,
2400,Bonny,Wiltshier,bwiltshier2400@example.com,Wiltshier2400@kuromaku-u.org,F,10/19/99,2021,2021,ASN,ENG,UND,970-111-6399,479-555-0112,2400.png,f,8/20/17,5/31/21,,,
2401,Nicolette,Joseff,njoseff2401@example.org,Joseff2401@kuromaku-u.org,M,7/27/99,2021,2021,WHT,CIV,UND,970-111-6400,501-555-0142,2401.png,f,8/20/17,5/31/21,,,
2402,Manfred,Gathercole,mgathercole2402@example.com,Gathercole2402@kuromaku-u.org,M,6/28/99,2021,2021,WHT,MAT,UND,970-111-6401,281-555-0120,2402.png,f,8/20/17,5/31/21,,,
2403,Sigfried,Mucillo,smucillo2403@example.org,Mucillo2403@kuromaku-u.org,F,7/16/99,2021,2021,WHT,CIV,UND,970-111-6402,913-555-0163,2403.png,f,8/20/17,5/31/21,,,
2404,Federica,Carrol,fcarrol2404@example.com,Carrol2404@kuromaku-u.org,F,2/22/99,2021,2021,HSP,MEC,UND,970-111-6403,859-555-0130,2404.png,f,8/20/17,5/31/21,,,
2405,Odey,Ramelot,oramelot2405@example.org,Ramelot2405@kuromaku-u.org,F,9/24/99,2021,2021,ASN,MAN,UND,970-111-6404,202-555-0103,2405.png,f,8/20/17,5/31/21,,,
2406,Fernandina,Boat,fboat2406@example.com,Boat2406@kuromaku-u.org,F,6/14/99,2021,2021,ASN,CHE,UND,970-111-6405,917-555-0180,2406.png,f,8/20/17,5/31/21,,,
2407,Garrek,Warnes,gwarnes2407@example.org,Warnes2407@kuromaku-u.org,M,9/21/99,2021,2021,ASN,ENG,MEC,970-111-6406,803-555-0122,2407.png,f,8/20/17,5/31/21,,,
2408,Verena,Goodrum,vgoodrum2408@example.org,Goodrum2408@kuromaku-u.org,M,2/3/99,2021,2021,WHT,MAT,CIV,970-111-6407,817-555-0183,2408.png,f,8/20/17,5/31/21,,,
2409,Shurlocke,Isoldi,sisoldi2409@example.org,Isoldi2409@kuromaku-u.org,F,10/21/99,2021,2021,WHT,COM,UND,970-111-6408,972-555-0188,2409.png,f,8/20/17,5/31/21,,,
2410,Stephana,Sudworth,ssudworth2410@example.org,Sudworth2410@kuromaku-u.org,M,5/16/99,2021,2021,AFR,CIV,UND,970-111-6409,918-555-0185,2410.png,f,8/20/17,5/31/21,,,
2411,Janaye,Minnette,jminnette2411@example.org,Minnette2411@kuromaku-u.org,F,8/6/99,2021,2021,WHT,CHE,CIV,970-111-6410,601-555-0196,2411.png,f,8/20/17,5/31/21,,,
2412,Casey,Chataignier,cchataignier2412@example.net,Chataignier2412@kuromaku-u.org,M,11/21/99,2021,2021,ASN,AER,UND,970-111-6411,559-555-0187,2412.png,f,8/20/17,5/31/21,,,
2413,Madelaine,Ismail,mismail2413@example.net,Ismail2413@kuromaku-u.org,F,4/9/99,2021,2021,HSP,CIV,MAT,970-111-6412,228-555-0182,2413.png,f,8/20/17,5/31/21,,,
2414,Anthia,Wistance,awistance2414@example.org,Wistance2414@kuromaku-u.org,F,9/24/99,2021,2021,ASN,MEC,UND,970-111-6413,714-555-0134,2414.png,f,8/20/17,5/31/21,,,
2415,Aimil,Windebank,awindebank2415@example.org,Windebank2415@kuromaku-u.org,F,5/25/99,2021,2021,ASN,MEC,UND,970-111-6414,502-555-0137,2415.png,f,8/20/17,5/31/21,,,
2416,Stavros,Flewitt,sflewitt2416@example.net,Flewitt2416@kuromaku-u.org,M,5/2/99,2021,2021,ASN,AER,UND,970-111-6415,203-555-0131,2416.png,f,8/20/17,5/31/21,,,
2417,Kennedy,Tedman,ktedman2417@example.com,Tedman2417@kuromaku-u.org,F,2/12/99,2021,2021,HSP,MAN,UND,970-111-6416,813-555-0126,2417.png,f,8/20/17,5/31/21,,,
2418,Isiahi,Dalliwatr,idalliwatr2418@example.com,Dalliwatr2418@kuromaku-u.org,F,4/17/99,2021,2021,AFR,COM,UND,970-111-6417,850-555-0165,2418.png,f,8/20/17,5/31/21,,,
2419,Pepillo,Reinert,preinert2419@example.net,Reinert2419@kuromaku-u.org,F,1/12/99,2021,2021,ASN,ENG,MAT,970-111-6418,314-555-0189,2419.png,f,8/20/17,5/31/21,,,
2420,Odille,Janczak,ojanczak2420@example.com,Janczak2420@kuromaku-u.org,F,1/27/99,2021,2021,ASN,MAN,UND,970-111-6419,202-555-0167,2420.png,f,8/20/17,5/31/21,,,
2421,Anthia,Osgood,aosgood2421@example.com,Osgood2421@kuromaku-u.org,F,3/21/99,2021,2021,ASN,AER,UND,970-111-6420,423-555-0105,2421.png,f,8/20/17,5/31/21,,,
2422,Kliment,Snoddy,ksnoddy2422@example.org,Snoddy2422@kuromaku-u.org,M,3/12/99,2021,2021,ASN,MEC,UND,970-111-6421,317-555-0156,2422.png,f,8/20/17,5/31/21,,,
2423,Selene,Cornewell,scornewell2423@example.org,Cornewell2423@kuromaku-u.org,F,2/8/99,2021,2021,HSP,MAT,UND,970-111-6422,863-555-0111,2423.png,f,8/20/17,5/31/21,,,
2424,Meade,Robbs,mrobbs2424@example.net,Robbs2424@kuromaku-u.org,F,11/15/99,2021,2021,AFR,COM,UND,970-111-6423,646-555-0137,2424.png,f,8/20/17,5/31/21,,,
2425,Booth,Mayze,bmayze2425@example.com,Mayze2425@kuromaku-u.org,F,2/28/99,2021,2021,AFR,CHE,UND,970-111-6424,832-555-0145,2425.png,f,8/20/17,5/31/21,,,
2426,Dede,Grandisson,dgrandisson2426@example.com,Grandisson2426@kuromaku-u.org,M,11/17/99,2021,2021,AFR,COM,MAT,970-111-6425,813-555-0182,2426.png,f,8/20/17,5/31/21,,,
2427,Bili,Costy,bcosty2427@example.net,Costy2427@kuromaku-u.org,F,10/7/99,2021,2021,AFR,NUC,UND,970-111-6426,309-555-0113,2427.png,f,8/20/17,5/31/21,,,
2428,Robbie,Hubbocks,rhubbocks2428@example.com,Hubbocks2428@kuromaku-u.org,M,3/27/99,2021,2021,WHT,NUC,UND,970-111-6427,612-555-0196,2428.png,f,8/20/17,5/31/21,,,
2429,Jenelle,Isitt,jisitt2429@example.com,Isitt2429@kuromaku-u.org,M,4/20/99,2021,2021,AFR,AER,UND,970-111-6428,804-555-0106,2429.png,f,8/20/17,5/31/21,,,
2430,Abraham,Andersen,aandersen2430@example.com,Andersen2430@kuromaku-u.org,F,10/24/99,2021,2021,WHT,MAT,UND,970-111-6429,360-555-0120,2430.png,f,8/20/17,5/31/21,,,
2431,Sandye,Grandisson,sgrandisson2431@example.com,Grandisson2431@kuromaku-u.org,M,9/22/99,2021,2021,AFR,AER,UND,970-111-6430,936-555-0165,2431.png,f,8/20/17,5/31/21,,,
2432,Marlow,Vignal,mvignal2432@example.org,Vignal2432@kuromaku-u.org,M,8/4/99,2021,2021,AFR,MAN,UND,970-111-6431,832-555-0117,2432.png,f,8/20/17,5/31/21,,,
2433,Vern,Woolfitt,vwoolfitt2433@example.org,Woolfitt2433@kuromaku-u.org,M,9/5/99,2021,2021,HSP,MAT,UND,970-111-6432,818-555-0119,2433.png,f,8/20/17,5/31/21,,,
2434,Dina,Stobart,dstobart2434@example.org,Stobart2434@kuromaku-u.org,M,7/17/99,2021,2021,WHT,MAN,MEC,970-111-6433,602-555-0160,2434.png,f,8/20/17,5/31/21,,,
2435,Darby,Cooper,dcooper2435@example.org,Cooper2435@kuromaku-u.org,F,3/7/99,2021,2021,AFR,CIV,AER,970-111-6434,720-555-0155,2435.png,f,8/20/17,5/31/21,,,
2436,Dore,Ferrant,dferrant2436@example.org,Ferrant2436@kuromaku-u.org,F,3/1/99,2021,2021,ASN,ENG,UND,970-111-6435,334-555-0149,2436.png,f,8/20/17,5/31/21,,,
2437,Nona,Ponder,nponder2437@example.net,Ponder2437@kuromaku-u.org,F,5/5/99,2021,2021,ASN,CIV,UND,970-111-6436,703-555-0100,2437.png,f,8/20/17,5/31/21,,,
2438,Caldwell,Wadly,cwadly2438@example.org,Wadly2438@kuromaku-u.org,M,4/25/99,2021,2021,ASN,CIV,UND,970-111-6437,559-555-0100,2438.png,f,8/20/17,5/31/21,,,
2439,Booth,Scholcroft,bscholcroft2439@example.org,Scholcroft2439@kuromaku-u.org,F,6/6/99,2021,2021,HSP,CIV,UND,970-111-6438,435-555-0131,2439.png,f,8/20/17,5/31/21,,,
2440,Anthiathia,MacShane,amacshane2440@example.org,MacShane2440@kuromaku-u.org,M,5/17/99,2021,2021,AFR,AER,UND,970-111-6439,323-555-0124,2440.png,f,8/20/17,5/31/21,,,
2441,Anatol,Lardeur,alardeur2441@example.org,Lardeur2441@kuromaku-u.org,M,10/18/99,2021,2021,HSP,CHE,UND,970-111-6440,314-555-0122,2441.png,f,8/20/17,5/31/21,,,
2442,Katleen,Weich,kweich2442@example.net,Weich2442@kuromaku-u.org,F,9/25/99,2021,2021,AFR,MAN,CHE,970-111-6441,936-555-0159,2442.png,f,8/20/17,5/31/21,,,
2443,Winslow,Giacoppoli,wgiacoppoli2443@example.com,Giacoppoli2443@kuromaku-u.org,M,4/21/99,2021,2021,ASN,MAT,UND,970-111-6442,903-555-0143,2443.png,f,8/20/17,5/31/21,,,
2444,Lorette,Nucci,lnucci2444@example.com,Nucci2444@kuromaku-u.org,M,10/11/99,2021,2021,WHT,MAT,UND,970-111-6443,405-555-0118,2444.png,f,8/20/17,5/31/21,,,
2445,Garrek,Marden,gmarden2445@example.net,Marden2445@kuromaku-u.org,M,8/14/99,2021,2021,ASN,AER,UND,970-111-6444,202-555-0108,2445.png,f,8/20/17,5/31/21,,,
2446,Hebert,Cohrs,hcohrs2446@example.net,Cohrs2446@kuromaku-u.org,M,3/26/99,2021,2021,ASN,NUC,UND,970-111-6445,831-555-0136,2446.png,f,8/20/17,5/31/21,,,
2447,Wit,Hallock,whallock2447@example.org,Hallock2447@kuromaku-u.org,M,2/1/99,2021,2021,AFR,NUC,UND,970-111-6446,216-555-0152,2447.png,f,8/20/17,5/31/21,,,
2448,Jude,Tocque,jtocque2448@example.org,Tocque2448@kuromaku-u.org,M,1/25/99,2021,2021,ASN,MAN,AER,970-111-6447,937-555-0194,2448.png,f,8/20/17,5/31/21,,,
2449,Jeramie,Wichard,jwichard2449@example.net,Wichard2449@kuromaku-u.org,F,12/22/99,2021,2021,HSP,CHE,UND,970-111-6448,234-555-0174,2449.png,f,8/20/17,5/31/21,,,
2450,Celestyn,Ruse,cruse2450@example.net,Ruse2450@kuromaku-u.org,F,8/28/99,2021,2021,WHT,AER,UND,970-111-6449,360-555-0178,2450.png,f,8/20/17,5/31/21,,,
2451,Jenilee,Cockroft,jcockroft2451@example.org,Cockroft2451@kuromaku-u.org,F,5/24/99,2021,2021,WHT,MAT,UND,970-111-6450,770-555-0162,2451.png,f,8/20/17,5/31/21,,,
2452,Selene,Gleadhell,sgleadhell2452@example.org,Gleadhell2452@kuromaku-u.org,M,1/28/99,2021,2021,HSP,MEC,UND,970-111-6451,662-555-0131,2452.png,f,8/20/17,5/31/21,,,
2453,Catarina,Hubbocks,chubbocks2453@example.net,Hubbocks2453@kuromaku-u.org,M,10/3/99,2021,2021,AFR,CHE,NUC,970-111-6452,662-555-0134,2453.png,f,8/20/17,5/31/21,,,
2454,Reynolds,Arlidge,rarlidge2454@example.org,Arlidge2454@kuromaku-u.org,F,7/21/99,2021,2021,HSP,COM,UND,970-111-6453,803-555-0145,2454.png,f,8/20/17,5/31/21,,,
2455,Jenelle,Craine,jcraine2455@example.org,Craine2455@kuromaku-u.org,F,8/9/99,2021,2021,AFR,COM,CHE,970-111-6454,859-555-0146,2455.png,f,8/20/17,5/31/21,,,
2456,Lorri,Elwell,lelwell2456@example.com,Elwell2456@kuromaku-u.org,M,12/19/99,2021,2021,WHT,MAN,MEC,970-111-6455,330-555-0165,2456.png,f,8/20/17,5/31/21,,,
2457,Tilly,Parfett,tparfett2457@example.net,Parfett2457@kuromaku-u.org,M,1/8/99,2021,2021,AFR,CIV,MEC,970-111-6456,304-555-0153,2457.png,f,8/20/17,5/31/21,,,
2458,Regine,Milbank,rmilbank2458@example.net,Milbank2458@kuromaku-u.org,M,5/16/99,2021,2021,AFR,COM,UND,970-111-6457,718-555-0159,2458.png,f,8/20/17,5/31/21,,,
2459,Clea,Eaves,ceaves2459@example.com,Eaves2459@kuromaku-u.org,M,5/6/99,2021,2021,HSP,MAN,UND,970-111-6458,313-555-0173,2459.png,f,8/20/17,5/31/21,,,
2460,Waldo,Spooner,wspooner2460@example.com,Spooner2460@kuromaku-u.org,F,10/15/99,2021,2021,WHT,CHE,UND,970-111-6459,469-555-0163,2460.png,f,8/20/17,5/31/21,,,
2461,Adorne,Stobart,astobart2461@example.com,Stobart2461@kuromaku-u.org,F,12/21/99,2021,2021,WHT,COM,MAN,970-111-6460,214-555-0161,2461.png,f,8/20/17,5/31/21,,,
2462,Anthiathia,Chevis,achevis2462@example.org,Chevis2462@kuromaku-u.org,M,5/8/99,2021,2021,AFR,CIV,CHE,970-111-6461,573-555-0154,2462.png,f,8/20/17,5/31/21,,,
2463,Genvieve,de Tocqueville,gdetocqueville2463@example.net,de Tocqueville2463@kuromaku-u.org,F,1/23/99,2021,2021,HSP,NUC,UND,970-111-6462,334-555-0133,2463.png,f,8/20/17,5/31/21,,,
2464,Welch,Thomassin,wthomassin2464@example.org,Thomassin2464@kuromaku-u.org,F,8/23/99,2021,2021,AFR,MAT,ENG,970-111-6463,240-555-0195,2464.png,f,8/20/17,5/31/21,,,
2465,Virginie,Benaine,vbenaine2465@example.com,Benaine2465@kuromaku-u.org,M,7/2/99,2021,2021,ASN,MEC,UND,970-111-6464,202-555-0134,2465.png,f,8/20/17,5/31/21,,,
2466,Lloyd,Niessen,lniessen2466@example.org,Niessen2466@kuromaku-u.org,F,6/25/99,2021,2021,HSP,CHE,UND,970-111-6465,832-555-0166,2466.png,f,8/20/17,5/31/21,,,
2467,Dora,Sendley,dsendley2467@example.com,Sendley2467@kuromaku-u.org,F,10/14/99,2021,2021,ASN,ENG,UND,970-111-6466,404-555-0155,2467.png,f,8/20/17,5/31/21,,,
2468,Lindsey,Balchen,lbalchen2468@example.org,Balchen2468@kuromaku-u.org,F,8/7/99,2021,2021,ASN,MEC,MAN,970-111-6467,314-555-0161,2468.png,f,8/20/17,5/31/21,,,
2469,Bevon,Leydon,bleydon2469@example.net,Leydon2469@kuromaku-u.org,F,5/9/99,2021,2021,AFR,MAT,UND,970-111-6468,317-555-0143,2469.png,f,8/20/17,5/31/21,,,
2470,Carlee,Wintringham,cwintringham2470@example.net,Wintringham2470@kuromaku-u.org,F,4/18/99,2021,2021,HSP,MEC,MAT,970-111-6469,323-555-0132,2470.png,f,8/20/17,5/31/21,,,
2471,Mady,Genicke,mgenicke2471@example.org,Genicke2471@kuromaku-u.org,F,9/21/99,2021,2021,AFR,ENG,UND,970-111-6470,814-555-0182,2471.png,f,8/20/17,5/31/21,,,
2472,Gus,Geekie,ggeekie2472@example.org,Geekie2472@kuromaku-u.org,F,4/25/99,2021,2021,WHT,CHE,UND,970-111-6471,240-555-0149,2472.png,f,8/20/17,5/31/21,,,
2473,Rhody,Redier,rredier2473@example.com,Redier2473@kuromaku-u.org,M,9/11/99,2021,2021,WHT,ENG,UND,970-111-6472,512-555-0158,2473.png,f,8/20/17,5/31/21,,,
2474,Melicent,Scardifield,mscardifield2474@example.org,Scardifield2474@kuromaku-u.org,F,11/4/99,2021,2021,AFR,AER,UND,970-111-6473,662-555-0145,2474.png,f,8/20/17,5/31/21,,,
2475,Alphonse,Ketch,aketch2475@example.com,Ketch2475@kuromaku-u.org,M,2/2/99,2021,2021,HSP,CHE,ENG,970-111-6474,360-555-0174,2475.png,f,8/20/17,5/31/21,,,
2476,Rafa,Muddle,rmuddle2476@example.org,Muddle2476@kuromaku-u.org,F,11/15/99,2021,2021,HSP,CHE,UND,970-111-6475,404-555-0187,2476.png,f,8/20/17,5/31/21,,,
2477,Berty,Walsh,bwalsh2477@example.net,Walsh2477@kuromaku-u.org,F,6/16/99,2021,2021,ASN,MAN,UND,970-111-6476,248-555-0127,2477.png,f,8/20/17,5/31/21,,,
2478,Gayler,McLarens,gmclarens2478@example.org,McLarens2478@kuromaku-u.org,M,8/1/99,2021,2021,ASN,COM,UND,970-111-6477,850-555-0141,2478.png,f,8/20/17,5/31/21,,,
2479,Deonne,Parfett,dparfett2479@example.org,Parfett2479@kuromaku-u.org,F,5/16/99,2021,2021,AFR,MAT,CIV,970-111-6478,585-555-0116,2479.png,f,8/20/17,5/31/21,,,
2480,Tabbi,Opie,topie2480@example.net,Opie2480@kuromaku-u.org,F,9/4/99,2021,2021,HSP,MEC,UND,970-111-6479,330-555-0133,2480.png,f,8/20/17,5/31/21,,,
2481,Rhody,Ryles,rryles2481@example.org,Ryles2481@kuromaku-u.org,F,1/18/99,2021,2021,HSP,CHE,UND,970-111-6480,304-555-0158,2481.png,f,8/20/17,5/31/21,,,
2482,Cheryl,Stout,cstout2482@example.org,Stout2482@kuromaku-u.org,M,4/8/99,2021,2021,HSP,MAN,UND,970-111-6481,251-555-0124,2482.png,f,8/20/17,5/31/21,,,
2483,Patton,Isitt,pisitt2483@example.com,Isitt2483@kuromaku-u.org,F,11/25/99,2021,2021,WHT,NUC,UND,970-111-6482,559-555-0125,2483.png,f,8/20/17,5/31/21,,,
2484,Waldo,Scardifield,wscardifield2484@example.com,Scardifield2484@kuromaku-u.org,F,1/13/99,2021,2021,AFR,MEC,COM,970-111-6483,501-555-0157,2484.png,f,8/20/17,5/31/21,,,
2485,Averil,Agutter,aagutter2485@example.com,Agutter2485@kuromaku-u.org,M,1/4/99,2021,2021,WHT,MAN,UND,970-111-6484,817-555-0176,2485.png,f,8/20/17,5/31/21,,,
2486,Melina,MacPharlain,mmacpharlain2486@example.com,MacPharlain2486@kuromaku-u.org,M,4/10/99,2021,2021,AFR,MAT,UND,970-111-6485,513-555-0125,2486.png,f,8/20/17,5/31/21,,,
2487,Taddeusz,Klainman,tklainman2487@example.net,Klainman2487@kuromaku-u.org,F,9/8/99,2021,2021,AFR,ENG,UND,970-111-6486,248-555-0126,2487.png,f,8/20/17,5/31/21,,,
2488,Dore,Persence,dpersence2488@example.org,Persence2488@kuromaku-u.org,M,1/13/99,2021,2021,HSP,CIV,UND,970-111-6487,360-555-0145,2488.png,f,8/20/17,5/31/21,,,
2489,Pepe,Whartonby,pwhartonby2489@example.org,Whartonby2489@kuromaku-u.org,M,12/26/99,2021,2021,WHT,NUC,UND,970-111-6488,334-555-0129,2489.png,f,8/20/17,5/31/21,,,
2490,Frannie,Cram,fcram2490@example.com,Cram2490@kuromaku-u.org,M,11/19/99,2021,2021,WHT,MAN,AER,970-111-6489,864-555-0151,2490.png,f,8/20/17,5/31/21,,,
2491,Riannon,Whartonby,rwhartonby2491@example.org,Whartonby2491@kuromaku-u.org,M,12/5/99,2021,2021,HSP,NUC,MAT,970-111-6490,713-555-0144,2491.png,f,8/20/17,5/31/21,,,
2492,Georgianne,Alebrooke,galebrooke2492@example.org,Alebrooke2492@kuromaku-u.org,M,9/15/99,2021,2021,HSP,COM,CHE,970-111-6491,208-555-0187,2492.png,f,8/20/17,5/31/21,,,
2493,Arin,Buist,abuist2493@example.org,Buist2493@kuromaku-u.org,F,11/25/99,2021,2021,HSP,CIV,UND,970-111-6492,602-555-0100,2493.png,f,8/20/17,5/31/21,,,
2494,Lloyd,Wanklin,lwanklin2494@example.net,Wanklin2494@kuromaku-u.org,F,7/8/99,2021,2021,HSP,CHE,NUC,970-111-6493,816-555-0196,2494.png,f,8/20/17,5/31/21,,,
2495,Quentin,Fairbrass,qfairbrass2495@example.org,Fairbrass2495@kuromaku-u.org,M,8/13/99,2021,2021,AFR,ENG,UND,970-111-6494,713-555-0146,2495.png,f,8/20/17,5/31/21,,,
2496,Dexter,Peedell,dpeedell2496@example.net,Peedell2496@kuromaku-u.org,F,3/6/99,2021,2021,HSP,ENG,UND,970-111-6495,704-555-0129,2496.png,f,8/20/17,5/31/21,,,
2497,Jacinta,Hubbocks,jhubbocks2497@example.com,Hubbocks2497@kuromaku-u.org,M,7/27/99,2021,2021,AFR,COM,UND,970-111-6496,913-555-0132,2497.png,f,8/20/17,5/31/21,,,
2498,Britney,Nurcombe,bnurcombe2498@example.org,Nurcombe2498@kuromaku-u.org,M,11/19/99,2021,2021,AFR,CHE,ENG,970-111-6497,325-555-0105,2498.png,f,8/20/17,5/31/21,,,
2499,Bernarr,Sevitt,bsevitt2499@example.org,Sevitt2499@kuromaku-u.org,M,11/23/99,2021,2021,WHT,MAT,UND,970-111-6498,312-555-0177,2499.png,f,8/20/17,5/31/21,,,
2500,Ivar,Mauser,imauser2500@example.net,Mauser2500@kuromaku-u.org,M,9/26/99,2021,2021,WHT,MAT,MAN,970-111-6499,706-555-0103,2500.png,f,8/20/17,5/31/21,,,
2501,Judith,Hardy-Piggin,jhardypiggin2501@example.net,Hardy-Piggin2501@kuromaku-u.org,F,3/7/00,2022,2022,WHT,CHE,UND,970-111-6500,815-555-0100,2501.png,f,8/20/18,5/31/22,,,
2502,Gretel,Domelow,gdomelow2502@example.net,Domelow2502@kuromaku-u.org,F,7/3/00,2022,2022,WHT,NUC,UND,970-111-6501,303-555-0113,2502.png,f,8/20/18,5/31/22,,,
2503,Sal,Drew-Clifton,sdrewclifton2503@example.org,Drew-Clifton2503@kuromaku-u.org,F,5/11/00,2022,2022,HSP,AER,UND,970-111-6502,478-555-0131,2503.png,f,8/20/18,5/31/22,,,
2504,Legra,Kerrich,lkerrich2504@example.net,Kerrich2504@kuromaku-u.org,M,11/6/00,2022,2022,AFR,CHE,MEC,970-111-6503,504-555-0177,2504.png,f,8/20/18,5/31/22,,,
2505,Rainer,Searchwell,rsearchwell2505@example.org,Searchwell2505@kuromaku-u.org,M,5/9/00,2022,2022,ASN,CHE,UND,970-111-6504,719-555-0120,2505.png,f,8/20/18,5/31/22,,,
2506,Andra,Desaur,adesaur2506@example.com,Desaur2506@kuromaku-u.org,F,6/24/00,2022,2022,ASN,MAN,UND,970-111-6505,412-555-0132,2506.png,f,8/20/18,5/31/22,,,
2507,Berty,Devorill,bdevorill2507@example.com,Devorill2507@kuromaku-u.org,F,3/20/00,2022,2022,ASN,COM,UND,970-111-6506,757-555-0108,2507.png,f,8/20/18,5/31/22,,,
2508,Stu,Trembath,strembath2508@example.com,Trembath2508@kuromaku-u.org,M,1/5/00,2022,2022,AFR,ENG,UND,970-111-6507,334-555-0153,2508.png,f,8/20/18,5/31/22,,,
2509,Rainer,Zellmer,rzellmer2509@example.org,Zellmer2509@kuromaku-u.org,M,10/19/00,2022,2022,WHT,CHE,UND,970-111-6508,972-555-0169,2509.png,f,8/20/18,5/31/22,,,
2510,Padgett,McFarland,pmcfarland2510@example.net,McFarland2510@kuromaku-u.org,M,5/9/00,2022,2022,WHT,MEC,UND,970-111-6509,317-555-0191,2510.png,f,8/20/18,5/31/22,,,
2511,Nikolaos,Berney,nberney2511@example.org,Berney2511@kuromaku-u.org,M,12/28/00,2022,2022,WHT,CIV,MAN,970-111-6510,937-555-0153,2511.png,f,8/20/18,5/31/22,,,
2512,Edeline,Braga,ebraga2512@example.com,Braga2512@kuromaku-u.org,F,4/22/00,2022,2022,ASN,MAT,COM,970-111-6511,810-555-0159,2512.png,f,8/20/18,5/31/22,,,
2513,Amabelle,Giggie,agiggie2513@example.org,Giggie2513@kuromaku-u.org,F,8/19/00,2022,2022,WHT,MAN,UND,970-111-6512,862-555-0136,2513.png,f,8/20/18,5/31/22,,,
2514,Denny,Hallum,dhallum2514@example.com,Hallum2514@kuromaku-u.org,M,7/23/00,2022,2022,ASN,MAT,UND,970-111-6513,412-555-0147,2514.png,f,8/20/18,5/31/22,,,
2515,Jack,Duffy,jduffy2515@example.com,Duffy2515@kuromaku-u.org,M,3/15/00,2022,2022,HSP,NUC,ENG,970-111-6514,915-555-0108,2515.png,f,8/20/18,5/31/22,,,
2516,Irvin,Peddar,ipeddar2516@example.com,Peddar2516@kuromaku-u.org,F,7/25/00,2022,2022,AFR,COM,UND,970-111-6515,210-555-0166,2516.png,f,8/20/18,5/31/22,,,
2517,Jackson,Danilchenko,jdanilchenko2517@example.com,Danilchenko2517@kuromaku-u.org,M,4/14/00,2022,2022,HSP,ENG,UND,970-111-6516,260-555-0183,2517.png,f,8/20/18,5/31/22,,,
2518,Carlyn,Milbank,cmilbank2518@example.org,Milbank2518@kuromaku-u.org,F,4/8/00,2022,2022,ASN,MEC,COM,970-111-6517,904-555-0100,2518.png,f,8/20/18,5/31/22,,,
2519,Stanislaus,Monnoyer,smonnoyer2519@example.com,Monnoyer2519@kuromaku-u.org,M,12/25/00,2022,2022,WHT,ENG,UND,970-111-6518,202-555-0191,2519.png,f,8/20/18,5/31/22,,,
2520,Clotilda,Macvain,cmacvain2520@example.org,Macvain2520@kuromaku-u.org,M,6/12/00,2022,2022,HSP,NUC,UND,970-111-6519,662-555-0151,2520.png,f,8/20/18,5/31/22,,,
2521,Amble,Nurcombe,anurcombe2521@example.org,Nurcombe2521@kuromaku-u.org,F,1/26/00,2022,2022,HSP,AER,UND,970-111-6520,267-555-0183,2521.png,f,8/20/18,5/31/22,,,
2522,Pippa,Hinrich,phinrich2522@example.com,Hinrich2522@kuromaku-u.org,F,6/7/00,2022,2022,AFR,NUC,UND,970-111-6521,415-555-0100,2522.png,f,8/20/18,5/31/22,,,
2523,Demetria,De Fraine,ddefraine2523@example.net,De Fraine2523@kuromaku-u.org,F,4/28/00,2022,2022,AFR,MAN,AER,970-111-6522,913-555-0136,2523.png,f,8/20/18,5/31/22,,,
2524,Alva,Knight,aknight2524@example.com,Knight2524@kuromaku-u.org,F,12/6/00,2022,2022,WHT,CHE,CIV,970-111-6523,309-555-0104,2524.png,f,8/20/18,5/31/22,,,
2525,Alidia,Ridewood,aridewood2525@example.com,Ridewood2525@kuromaku-u.org,M,12/14/00,2022,2022,WHT,COM,UND,970-111-6524,239-555-0123,2525.png,f,8/20/18,5/31/22,,,
2526,Miltie,Dogerty,mdogerty2526@example.org,Dogerty2526@kuromaku-u.org,M,12/7/00,2022,2022,AFR,NUC,UND,970-111-6525,805-555-0198,2526.png,f,8/20/18,5/31/22,,,
2527,Kara-lynn,Fenty,kfenty2527@example.net,Fenty2527@kuromaku-u.org,F,12/6/00,2022,2022,AFR,ENG,CHE,970-111-6526,203-555-0136,2527.png,f,8/20/18,5/31/22,,,
2528,Maurits,Sucre,msucre2528@example.net,Sucre2528@kuromaku-u.org,F,10/22/00,2022,2022,ASN,COM,UND,970-111-6527,360-555-0161,2528.png,f,8/20/18,5/31/22,,,
2529,Glennie,Oldaker,goldaker2529@example.org,Oldaker2529@kuromaku-u.org,F,9/3/00,2022,2022,WHT,CIV,UND,970-111-6528,862-555-0186,2529.png,f,8/20/18,5/31/22,,,
2530,Gabbie,Bussens,gbussens2530@example.com,Bussens2530@kuromaku-u.org,M,3/13/00,2022,2022,ASN,MAT,UND,970-111-6529,312-555-0122,2530.png,f,8/20/18,5/31/22,,,
2531,Korie,Ridde,kridde2531@example.com,Ridde2531@kuromaku-u.org,M,9/10/00,2022,2022,AFR,MAN,UND,970-111-6530,832-555-0119,2531.png,f,8/20/18,5/31/22,,,
2532,Tybalt,Nials,tnials2532@example.com,Nials2532@kuromaku-u.org,M,3/3/00,2022,2022,WHT,ENG,NUC,970-111-6531,850-555-0192,2532.png,f,8/20/18,5/31/22,,,
2533,Pippa,Linklater,plinklater2533@example.net,Linklater2533@kuromaku-u.org,M,7/13/00,2022,2022,AFR,CHE,COM,970-111-6532,503-555-0186,2533.png,f,8/20/18,5/31/22,,,
2534,Baron,Sherebrooke,bsherebrooke2534@example.net,Sherebrooke2534@kuromaku-u.org,F,5/1/00,2022,2022,WHT,CHE,UND,970-111-6533,601-555-0155,2534.png,f,8/20/18,5/31/22,,,
2535,Boris,Dawtrey,bdawtrey2535@example.com,Dawtrey2535@kuromaku-u.org,F,9/7/00,2022,2022,AFR,CHE,UND,970-111-6534,704-555-0151,2535.png,f,8/20/18,5/31/22,,,
2536,Anthony,Feakins,afeakins2536@example.org,Feakins2536@kuromaku-u.org,F,3/5/00,2022,2022,ASN,MAT,NUC,970-111-6535,202-555-0178,2536.png,f,8/20/18,5/31/22,,,
2537,Edgar,Kyme,ekyme2537@example.net,Kyme2537@kuromaku-u.org,F,3/1/00,2022,2022,AFR,CHE,UND,970-111-6536,202-555-0155,2537.png,f,8/20/18,5/31/22,,,
2538,Jack,Achurch,jachurch2538@example.com,Achurch2538@kuromaku-u.org,M,1/3/00,2022,2022,ASN,MAN,UND,970-111-6537,412-555-0122,2538.png,f,8/20/18,5/31/22,,,
2539,Katleen,Leteurtre,kleteurtre2539@example.com,Leteurtre2539@kuromaku-u.org,M,10/17/00,2022,2022,HSP,COM,UND,970-111-6538,408-555-0108,2539.png,f,8/20/18,5/31/22,,,
2540,Ava,Wolver,awolver2540@example.com,Wolver2540@kuromaku-u.org,M,6/19/00,2022,2022,WHT,NUC,UND,970-111-6539,913-555-0199,2540.png,f,8/20/18,5/31/22,,,
2541,May,Macak,mmacak2541@example.net,Macak2541@kuromaku-u.org,M,3/17/00,2022,2022,ASN,CIV,UND,970-111-6540,813-555-0134,2541.png,f,8/20/18,5/31/22,,,
2542,Bryon,Piddock,bpiddock2542@example.org,Piddock2542@kuromaku-u.org,M,6/3/00,2022,2022,ASN,NUC,UND,970-111-6541,847-555-0188,2542.png,f,8/20/18,5/31/22,,,
2543,Myrna,Cleaves,mcleaves2543@example.net,Cleaves2543@kuromaku-u.org,F,8/11/00,2022,2022,AFR,MAN,UND,970-111-6542,952-555-0175,2543.png,f,8/20/18,5/31/22,,,
2544,Odey,Jimes,ojimes2544@example.com,Jimes2544@kuromaku-u.org,F,5/5/00,2022,2022,ASN,CIV,UND,970-111-6543,217-555-0112,2544.png,f,8/20/18,5/31/22,,,
2545,Prent,Redier,predier2545@example.net,Redier2545@kuromaku-u.org,M,12/16/00,2022,2022,WHT,CHE,UND,970-111-6544,334-555-0119,2545.png,f,8/20/18,5/31/22,,,
2546,Nat,Cadagan,ncadagan2546@example.org,Cadagan2546@kuromaku-u.org,M,7/17/00,2022,2022,HSP,NUC,UND,970-111-6545,804-555-0116,2546.png,f,8/20/18,5/31/22,,,
2547,Tito,Cawood,tcawood2547@example.com,Cawood2547@kuromaku-u.org,F,7/1/00,2022,2022,AFR,NUC,UND,970-111-6546,512-555-0154,2547.png,f,8/20/18,5/31/22,,,
2548,Oralee,Redier,oredier2548@example.org,Redier2548@kuromaku-u.org,F,7/19/00,2022,2022,ASN,COM,UND,970-111-6547,402-555-0146,2548.png,f,8/20/18,5/31/22,,,
2549,Noelle,Sannes,nsannes2549@example.net,Sannes2549@kuromaku-u.org,F,5/14/00,2022,2022,HSP,MAN,UND,970-111-6548,785-555-0109,2549.png,f,8/20/18,5/31/22,,,
2550,Andros,Fleischmann,afleischmann2550@example.net,Fleischmann2550@kuromaku-u.org,M,3/1/00,2022,2022,ASN,AER,UND,970-111-6549,434-555-0135,2550.png,f,8/20/18,5/31/22,,,
2551,Jeramie,Clewer,jclewer2551@example.com,Clewer2551@kuromaku-u.org,F,6/14/00,2022,2022,AFR,AER,MAN,970-111-6550,706-555-0169,2551.png,f,8/20/18,5/31/22,,,
2552,Travus,Kochel,tkochel2552@example.net,Kochel2552@kuromaku-u.org,M,11/6/00,2022,2022,ASN,AER,UND,970-111-6551,901-555-0135,2552.png,f,8/20/18,5/31/22,,,
2553,Guendolen,Pattie,gpattie2553@example.com,Pattie2553@kuromaku-u.org,M,2/18/00,2022,2022,WHT,CHE,UND,970-111-6552,608-555-0103,2553.png,f,8/20/18,5/31/22,,,
2554,Griffie,Sighart,gsighart2554@example.net,Sighart2554@kuromaku-u.org,F,3/28/00,2022,2022,HSP,COM,UND,970-111-6553,661-555-0169,2554.png,f,8/20/18,5/31/22,,,
2555,Paloma,Shenton,pshenton2555@example.com,Shenton2555@kuromaku-u.org,F,1/23/00,2022,2022,ASN,NUC,UND,970-111-6554,330-555-0176,2555.png,f,8/20/18,5/31/22,,,
2556,Bernardine,Hillyatt,bhillyatt2556@example.com,Hillyatt2556@kuromaku-u.org,M,3/27/00,2022,2022,AFR,AER,UND,970-111-6555,952-555-0113,2556.png,f,8/20/18,5/31/22,,,
2557,Juan,Ellis,jellis2557@example.net,Ellis2557@kuromaku-u.org,F,3/18/00,2022,2022,HSP,MAT,UND,970-111-6556,203-555-0190,2557.png,f,8/20/18,5/31/22,,,
2558,Renie,Crutchfield,rcrutchfield2558@example.org,Crutchfield2558@kuromaku-u.org,F,12/20/00,2022,2022,AFR,NUC,UND,970-111-6557,818-555-0118,2558.png,f,8/20/18,5/31/22,,,
2559,Raeann,Joseff,rjoseff2559@example.net,Joseff2559@kuromaku-u.org,F,12/15/00,2022,2022,WHT,AER,NUC,970-111-6558,202-555-0141,2559.png,f,8/20/18,5/31/22,,,
2560,Lorin,Whartonby,lwhartonby2560@example.com,Whartonby2560@kuromaku-u.org,F,5/27/00,2022,2022,ASN,MAT,UND,970-111-6559,309-555-0120,2560.png,f,8/20/18,5/31/22,,,
2561,Melina,Warne,mwarne2561@example.net,Warne2561@kuromaku-u.org,F,11/3/00,2022,2022,ASN,AER,UND,970-111-6560,281-555-0156,2561.png,f,8/20/18,5/31/22,,,
2562,Anthiathia,Colliar,acolliar2562@example.net,Colliar2562@kuromaku-u.org,F,10/6/00,2022,2022,WHT,AER,UND,970-111-6561,212-555-0134,2562.png,f,8/20/18,5/31/22,,,
2563,Harriette,Shemmans,hshemmans2563@example.org,Shemmans2563@kuromaku-u.org,M,2/20/00,2022,2022,HSP,NUC,CIV,970-111-6562,304-555-0134,2563.png,f,8/20/18,5/31/22,,,
2564,Mendy,Kondrat,mkondrat2564@example.net,Kondrat2564@kuromaku-u.org,F,5/20/00,2022,2022,ASN,COM,UND,970-111-6563,304-555-0161,2564.png,f,8/20/18,5/31/22,,,
2565,Papageno,Opie,popie2565@example.net,Opie2565@kuromaku-u.org,M,10/28/00,2022,2022,HSP,ENG,UND,970-111-6564,510-555-0140,2565.png,f,8/20/18,5/31/22,,,
2566,Elias,Scandred,escandred2566@example.org,Scandred2566@kuromaku-u.org,M,11/13/00,2022,2022,HSP,MAN,UND,970-111-6565,646-555-0119,2566.png,f,8/20/18,5/31/22,,,
2567,Consalve,Aukland,caukland2567@example.com,Aukland2567@kuromaku-u.org,F,1/3/00,2022,2022,AFR,MAT,UND,970-111-6566,626-555-0155,2567.png,f,8/20/18,5/31/22,,,
2568,Baron,Vyvyan,bvyvyan2568@example.org,Vyvyan2568@kuromaku-u.org,F,9/16/00,2022,2022,ASN,AER,UND,970-111-6567,520-555-0146,2568.png,f,8/20/18,5/31/22,,,
2569,Melvyn,Ridde,mridde2569@example.com,Ridde2569@kuromaku-u.org,M,2/22/00,2022,2022,ASN,CIV,UND,970-111-6568,650-555-0175,2569.png,f,8/20/18,5/31/22,,,
2570,Winslow,McMurthy,wmcmurthy2570@example.com,McMurthy2570@kuromaku-u.org,M,12/4/00,2022,2022,HSP,CHE,UND,970-111-6569,512-555-0145,2570.png,f,8/20/18,5/31/22,,,
2571,Mario,Blankhorn,mblankhorn2571@example.net,Blankhorn2571@kuromaku-u.org,F,8/11/00,2022,2022,HSP,NUC,ENG,970-111-6570,501-555-0139,2571.png,f,8/20/18,5/31/22,,,
2572,Bernadette,Waadenburg,bwaadenburg2572@example.org,Waadenburg2572@kuromaku-u.org,M,9/9/00,2022,2022,HSP,CIV,MAN,970-111-6571,215-555-0116,2572.png,f,8/20/18,5/31/22,,,
2573,Shalna,Monnoyer,smonnoyer2573@example.com,Monnoyer2573@kuromaku-u.org,M,4/18/00,2022,2022,HSP,COM,UND,970-111-6572,313-555-0167,2573.png,f,8/20/18,5/31/22,,,
2574,Hubey,Raymond,hraymond2574@example.com,Raymond2574@kuromaku-u.org,M,5/23/00,2022,2022,HSP,CHE,UND,970-111-6573,559-555-0177,2574.png,f,8/20/18,5/31/22,,,
2575,Cobbie,Pomroy,cpomroy2575@example.net,Pomroy2575@kuromaku-u.org,M,12/28/00,2022,2022,WHT,MAT,UND,970-111-6574,734-555-0177,2575.png,f,8/20/18,5/31/22,,,
2576,Susan,Dyde,sdyde2576@example.net,Dyde2576@kuromaku-u.org,F,11/17/00,2022,2022,AFR,MEC,UND,970-111-6575,608-555-0133,2576.png,f,8/20/18,5/31/22,,,
2577,Dore,Bolton,dbolton2577@example.net,Bolton2577@kuromaku-u.org,F,6/17/00,2022,2022,ASN,AER,UND,970-111-6576,971-555-0103,2577.png,f,8/20/18,5/31/22,,,
2578,Madelina,Demageard,mdemageard2578@example.com,Demageard2578@kuromaku-u.org,M,2/3/00,2022,2022,HSP,CHE,UND,970-111-6577,682-555-0169,2578.png,f,8/20/18,5/31/22,,,
2579,Catarina,Philipsen,cphilipsen2579@example.org,Philipsen2579@kuromaku-u.org,F,3/11/00,2022,2022,ASN,NUC,UND,970-111-6578,903-555-0182,2579.png,f,8/20/18,5/31/22,,,
2580,Horst,Cesco,hcesco2580@example.com,Cesco2580@kuromaku-u.org,M,8/14/00,2022,2022,HSP,CIV,UND,970-111-6579,727-555-0198,2580.png,f,8/20/18,5/31/22,,,
2581,Wynn,Warlow,wwarlow2581@example.org,Warlow2581@kuromaku-u.org,F,1/23/00,2022,2022,ASN,COM,NUC,970-111-6580,914-555-0148,2581.png,f,8/20/18,5/31/22,,,
2582,Rafa,Brompton,rbrompton2582@example.com,Brompton2582@kuromaku-u.org,M,1/24/00,2022,2022,AFR,MAT,COM,970-111-6581,786-555-0168,2582.png,f,8/20/18,5/31/22,,,
2583,Mile,Capel,mcapel2583@example.org,Capel2583@kuromaku-u.org,M,12/23/00,2022,2022,HSP,NUC,UND,970-111-6582,405-555-0144,2583.png,f,8/20/18,5/31/22,,,
2584,Bernardo,Brewood,bbrewood2584@example.org,Brewood2584@kuromaku-u.org,F,1/13/00,2022,2022,ASN,MEC,CIV,970-111-6583,717-555-0146,2584.png,f,8/20/18,5/31/22,,,
2585,Godfrey,Enderwick,genderwick2585@example.com,Enderwick2585@kuromaku-u.org,M,11/27/00,2022,2022,HSP,COM,UND,970-111-6584,916-555-0128,2585.png,f,8/20/18,5/31/22,,,
2586,Caldwell,Barniss,cbarniss2586@example.org,Barniss2586@kuromaku-u.org,F,10/9/00,2022,2022,ASN,MAN,UND,970-111-6585,205-555-0166,2586.png,f,8/20/18,5/31/22,,,
2587,Michele,Breese,mbreese2587@example.org,Breese2587@kuromaku-u.org,F,1/15/00,2022,2022,WHT,MAN,UND,970-111-6586,804-555-0179,2587.png,f,8/20/18,5/31/22,,,
2588,Urbano,Chark,uchark2588@example.net,Chark2588@kuromaku-u.org,F,2/4/00,2022,2022,ASN,NUC,UND,970-111-6587,210-555-0122,2588.png,f,8/20/18,5/31/22,,,
2589,Pepillo,Tomblings,ptomblings2589@example.org,Tomblings2589@kuromaku-u.org,F,10/24/00,2022,2022,HSP,COM,CHE,970-111-6588,585-555-0104,2589.png,f,8/20/18,5/31/22,,,
2590,Tally,Dodell,tdodell2590@example.net,Dodell2590@kuromaku-u.org,F,7/1/00,2022,2022,HSP,NUC,UND,970-111-6589,202-555-0114,2590.png,f,8/20/18,5/31/22,,,
2591,Celine,Robbert,crobbert2591@example.net,Robbert2591@kuromaku-u.org,F,6/12/00,2022,2022,ASN,NUC,MAT,970-111-6590,706-555-0129,2591.png,f,8/20/18,5/31/22,,,
2592,Tommie,Ketch,tketch2592@example.org,Ketch2592@kuromaku-u.org,F,8/20/00,2022,2022,ASN,ENG,CHE,970-111-6591,972-555-0164,2592.png,f,8/20/18,5/31/22,,,
2593,Goldia,Whitehorne,gwhitehorne2593@example.net,Whitehorne2593@kuromaku-u.org,F,11/9/00,2022,2022,WHT,ENG,UND,970-111-6592,801-555-0115,2593.png,f,8/20/18,5/31/22,,,
2594,Margaretta,Enticott,menticott2594@example.com,Enticott2594@kuromaku-u.org,M,11/15/00,2022,2022,ASN,AER,UND,970-111-6593,415-555-0111,2594.png,f,8/20/18,5/31/22,,,
2595,Vinnie,Blankhorn,vblankhorn2595@example.net,Blankhorn2595@kuromaku-u.org,M,4/23/00,2022,2022,AFR,NUC,UND,970-111-6594,570-555-0149,2595.png,f,8/20/18,5/31/22,,,
2596,Coretta,Skpsey,cskpsey2596@example.com,Skpsey2596@kuromaku-u.org,M,1/9/00,2022,2022,AFR,NUC,CIV,970-111-6595,570-555-0185,2596.png,f,8/20/18,5/31/22,,,
2597,Alisun,Kerrigan,akerrigan2597@example.org,Kerrigan2597@kuromaku-u.org,M,3/15/00,2022,2022,AFR,ENG,UND,970-111-6596,202-555-0190,2597.png,f,8/20/18,5/31/22,,,
2598,Job,Bestwerthick,jbestwerthick2598@example.net,Bestwerthick2598@kuromaku-u.org,M,5/2/00,2022,2022,AFR,NUC,UND,970-111-6597,217-555-0134,2598.png,f,8/20/18,5/31/22,,,
2599,Mead,Fliege,mfliege2599@example.org,Fliege2599@kuromaku-u.org,M,7/19/00,2022,2022,ASN,NUC,UND,970-111-6598,786-555-0120,2599.png,f,8/20/18,5/31/22,,,
2600,Hal,Jee,hjee2600@example.org,Jee2600@kuromaku-u.org,M,11/1/00,2022,2022,AFR,MAT,CHE,970-111-6599,503-555-0134,2600.png,f,8/20/18,5/31/22,,,
2601,Penelope,Benaine,pbenaine2601@example.com,Benaine2601@kuromaku-u.org,F,3/6/00,2022,2022,HSP,MAN,UND,970-111-6600,915-555-0176,2601.png,f,8/20/18,5/31/22,,,
2602,Brandon,Scholcroft,bscholcroft2602@example.com,Scholcroft2602@kuromaku-u.org,F,1/14/00,2022,2022,ASN,CIV,UND,970-111-6601,253-555-0124,2602.png,f,8/20/18,5/31/22,,,
2603,Sallyann,Cornthwaite,scornthwaite2603@example.com,Cornthwaite2603@kuromaku-u.org,F,12/26/00,2022,2022,ASN,COM,ENG,970-111-6602,516-555-0152,2603.png,f,8/20/18,5/31/22,,,
2604,Hebert,Januszkiewicz,hjanuszkiewicz2604@example.net,Januszkiewicz2604@kuromaku-u.org,M,10/5/00,2022,2022,WHT,AER,UND,970-111-6603,754-555-0173,2604.png,f,8/20/18,5/31/22,,,
2605,Aeriel,Ganning,aganning2605@example.net,Ganning2605@kuromaku-u.org,M,6/2/00,2022,2022,AFR,ENG,UND,970-111-6604,713-555-0183,2605.png,f,8/20/18,5/31/22,,,
2606,Leena,Roset,lroset2606@example.net,Roset2606@kuromaku-u.org,M,9/3/00,2022,2022,WHT,MEC,UND,970-111-6605,404-555-0133,2606.png,f,8/20/18,5/31/22,,,
2607,Kalindi,Nafzger,knafzger2607@example.com,Nafzger2607@kuromaku-u.org,F,1/22/00,2022,2022,HSP,CHE,UND,970-111-6606,423-555-0178,2607.png,f,8/20/18,5/31/22,,,
2608,Urbano,Satcher,usatcher2608@example.org,Satcher2608@kuromaku-u.org,F,9/17/00,2022,2022,AFR,NUC,UND,970-111-6607,651-555-0176,2608.png,f,8/20/18,5/31/22,,,
2609,Rock,Fannon,rfannon2609@example.org,Fannon2609@kuromaku-u.org,F,3/23/00,2022,2022,ASN,AER,MAN,970-111-6608,616-555-0199,2609.png,f,8/20/18,5/31/22,,,
2610,Stefano,Judson,sjudson2610@example.com,Judson2610@kuromaku-u.org,F,7/10/00,2022,2022,ASN,MAT,UND,970-111-6609,501-555-0163,2610.png,f,8/20/18,5/31/22,,,
2611,Palmer,Dudson,pdudson2611@example.org,Dudson2611@kuromaku-u.org,F,6/25/00,2022,2022,AFR,AER,UND,970-111-6610,724-555-0183,2611.png,f,8/20/18,5/31/22,,,
2612,Mattie,Flageul,mflageul2612@example.net,Flageul2612@kuromaku-u.org,F,8/26/00,2022,2022,AFR,MAN,UND,970-111-6611,262-555-0108,2612.png,f,8/20/18,5/31/22,,,
2613,Raviv,Rouf,rrouf2613@example.net,Rouf2613@kuromaku-u.org,F,9/7/00,2022,2022,ASN,ENG,MAN,970-111-6612,214-555-0170,2613.png,f,8/20/18,5/31/22,,,
2614,Sauncho,Giacaponi,sgiacaponi2614@example.com,Giacaponi2614@kuromaku-u.org,F,5/24/00,2022,2022,ASN,MAT,AER,970-111-6613,804-555-0108,2614.png,f,8/20/18,5/31/22,,,
2615,Simeon,Denisot,sdenisot2615@example.net,Denisot2615@kuromaku-u.org,M,1/21/00,2022,2022,AFR,ENG,UND,970-111-6614,508-555-0117,2615.png,f,8/20/18,5/31/22,,,
2616,Bryon,Heineke,bheineke2616@example.net,Heineke2616@kuromaku-u.org,F,11/25/00,2022,2022,AFR,CIV,UND,970-111-6615,305-555-0174,2616.png,f,8/20/18,5/31/22,,,
2617,Federico,Swainger,fswainger2617@example.com,Swainger2617@kuromaku-u.org,F,9/16/00,2022,2022,ASN,MAT,ENG,970-111-6616,561-555-0110,2617.png,f,8/20/18,5/31/22,,,
2618,Harmony,Farlam,hfarlam2618@example.com,Farlam2618@kuromaku-u.org,M,8/27/00,2022,2022,WHT,AER,UND,970-111-6617,413-555-0165,2618.png,f,8/20/18,5/31/22,,,
2619,Worthington,Matteris,wmatteris2619@example.net,Matteris2619@kuromaku-u.org,M,2/15/00,2022,2022,WHT,MAT,UND,970-111-6618,214-555-0109,2619.png,f,8/20/18,5/31/22,,,
2620,Weber,Hush,whush2620@example.com,Hush2620@kuromaku-u.org,M,11/21/00,2022,2022,AFR,CHE,UND,970-111-6619,914-555-0187,2620.png,f,8/20/18,5/31/22,,,
2621,Jacobo,Whartonby,jwhartonby2621@example.org,Whartonby2621@kuromaku-u.org,M,8/4/00,2022,2022,HSP,ENG,UND,970-111-6620,908-555-0199,2621.png,f,8/20/18,5/31/22,,,
2622,Janean,Searchwell,jsearchwell2622@example.org,Searchwell2622@kuromaku-u.org,M,9/18/00,2022,2022,ASN,CHE,UND,970-111-6621,682-555-0153,2622.png,f,8/20/18,5/31/22,,,
2623,Winifield,Shemmans,wshemmans2623@example.com,Shemmans2623@kuromaku-u.org,M,6/23/00,2022,2022,ASN,NUC,UND,970-111-6622,502-555-0180,2623.png,f,8/20/18,5/31/22,,,
2624,Yankee,Warlow,ywarlow2624@example.net,Warlow2624@kuromaku-u.org,F,9/21/00,2022,2022,AFR,NUC,AER,970-111-6623,402-555-0141,2624.png,f,8/20/18,5/31/22,,,
2625,Dorelia,Roset,droset2625@example.org,Roset2625@kuromaku-u.org,F,2/20/00,2022,2022,WHT,MAT,UND,970-111-6624,309-555-0171,2625.png,f,8/20/18,5/31/22,,,
2626,Giulietta,Menhci,gmenhci2626@example.com,Menhci2626@kuromaku-u.org,F,6/2/00,2022,2022,WHT,MAN,UND,970-111-6625,646-555-0116,2626.png,f,8/20/18,5/31/22,,,
2627,Kearney,Syvret,ksyvret2627@example.com,Syvret2627@kuromaku-u.org,F,2/14/00,2022,2022,WHT,CIV,UND,970-111-6626,913-555-0173,2627.png,f,8/20/18,5/31/22,,,
2628,Beilul,Dowsett,bdowsett2628@example.net,Dowsett2628@kuromaku-u.org,M,3/26/00,2022,2022,ASN,CIV,UND,970-111-6627,817-555-0126,2628.png,f,8/20/18,5/31/22,,,
2629,Toni,Windebank,twindebank2629@example.net,Windebank2629@kuromaku-u.org,F,6/2/00,2022,2022,HSP,AER,ENG,970-111-6628,865-555-0136,2629.png,f,8/20/18,5/31/22,,,
2630,Waldo,Tomes,wtomes2630@example.org,Tomes2630@kuromaku-u.org,F,6/3/00,2022,2022,AFR,NUC,UND,970-111-6629,571-555-0139,2630.png,f,8/20/18,5/31/22,,,
2631,Elias,Longstreeth,elongstreeth2631@example.net,Longstreeth2631@kuromaku-u.org,M,10/11/00,2022,2022,AFR,COM,UND,970-111-6630,913-555-0115,2631.png,f,8/20/18,5/31/22,,,
2632,Yurik,Doumenc,ydoumenc2632@example.com,Doumenc2632@kuromaku-u.org,M,4/18/00,2022,2022,ASN,NUC,UND,970-111-6631,202-555-0196,2632.png,f,8/20/18,5/31/22,,,
2633,Ailbert,Gelling,agelling2633@example.com,Gelling2633@kuromaku-u.org,F,8/7/00,2022,2022,ASN,NUC,ENG,970-111-6632,256-555-0161,2633.png,f,8/20/18,5/31/22,,,
2634,Caitlin,Dobinson,cdobinson2634@example.com,Dobinson2634@kuromaku-u.org,M,8/11/00,2022,2022,ASN,ENG,UND,970-111-6633,517-555-0111,2634.png,f,8/20/18,5/31/22,,,
2635,Lanny,Van der Velde,lvandervelde2635@example.net,Van der Velde2635@kuromaku-u.org,M,3/7/00,2022,2022,WHT,CIV,NUC,970-111-6634,850-555-0109,2635.png,f,8/20/18,5/31/22,,,
2636,Tristam,Longstreeth,tlongstreeth2636@example.net,Longstreeth2636@kuromaku-u.org,F,6/22/00,2022,2022,ASN,CHE,UND,970-111-6635,510-555-0103,2636.png,f,8/20/18,5/31/22,,,
2637,Lionello,Isitt,lisitt2637@example.com,Isitt2637@kuromaku-u.org,F,4/21/00,2022,2022,WHT,MAT,CIV,970-111-6636,813-555-0170,2637.png,f,8/20/18,5/31/22,,,
2638,Benjy,Whorall,bwhorall2638@example.org,Whorall2638@kuromaku-u.org,M,12/13/00,2022,2022,ASN,NUC,UND,970-111-6637,239-555-0110,2638.png,f,8/20/18,5/31/22,,,
2639,Tilly,Toquet,ttoquet2639@example.org,Toquet2639@kuromaku-u.org,F,11/11/00,2022,2022,ASN,NUC,UND,970-111-6638,212-555-0101,2639.png,f,8/20/18,5/31/22,,,
2640,Kania,Bracegirdle,kbracegirdle2640@example.org,Bracegirdle2640@kuromaku-u.org,F,8/25/00,2022,2022,WHT,MAN,COM,970-111-6639,802-555-0190,2640.png,f,8/20/18,5/31/22,,,
2641,Arden,Wortman,awortman2641@example.net,Wortman2641@kuromaku-u.org,F,9/25/00,2022,2022,HSP,AER,UND,970-111-6640,818-555-0149,2641.png,f,8/20/18,5/31/22,,,
2642,Stanford,Daughtry,sdaughtry2642@example.com,Daughtry2642@kuromaku-u.org,M,11/15/00,2022,2022,ASN,COM,UND,970-111-6641,941-555-0142,2642.png,f,8/20/18,5/31/22,,,
2643,Glory,Bussens,gbussens2643@example.org,Bussens2643@kuromaku-u.org,F,5/18/00,2022,2022,WHT,CHE,UND,970-111-6642,323-555-0110,2643.png,f,8/20/18,5/31/22,,,
2644,Hubey,Southers,hsouthers2644@example.com,Southers2644@kuromaku-u.org,F,2/2/00,2022,2022,HSP,AER,UND,970-111-6643,706-555-0133,2644.png,f,8/20/18,5/31/22,,,
2645,Sandye,Opie,sopie2645@example.net,Opie2645@kuromaku-u.org,F,8/12/00,2022,2022,ASN,ENG,UND,970-111-6644,937-555-0148,2645.png,f,8/20/18,5/31/22,,,
2646,Beckie,Andrieu,bandrieu2646@example.net,Andrieu2646@kuromaku-u.org,F,4/6/00,2022,2022,WHT,AER,ENG,970-111-6645,925-555-0153,2646.png,f,8/20/18,5/31/22,,,
2647,Margi,Swainger,mswainger2647@example.org,Swainger2647@kuromaku-u.org,M,10/5/00,2022,2022,AFR,MAT,UND,970-111-6646,678-555-0101,2647.png,f,8/20/18,5/31/22,,,
2648,Stearn,Venditto,svenditto2648@example.org,Venditto2648@kuromaku-u.org,F,3/15/00,2022,2022,HSP,MAT,UND,970-111-6647,812-555-0185,2648.png,f,8/20/18,5/31/22,,,
2649,Nona,Brightwell,nbrightwell2649@example.net,Brightwell2649@kuromaku-u.org,M,9/7/00,2022,2022,HSP,NUC,UND,970-111-6648,512-555-0161,2649.png,f,8/20/18,5/31/22,,,
2650,Rock,Langthorne,rlangthorne2650@example.net,Langthorne2650@kuromaku-u.org,M,8/10/00,2022,2022,HSP,MEC,UND,970-111-6649,513-555-0152,2650.png,f,8/20/18,5/31/22,,,
2651,Lindsey,Rennix,lrennix2651@example.com,Rennix2651@kuromaku-u.org,M,7/17/00,2022,2022,WHT,MAT,UND,970-111-6650,251-555-0152,2651.png,f,8/20/18,5/31/22,,,
2652,Lloyd,Hughland,lhughland2652@example.org,Hughland2652@kuromaku-u.org,M,10/26/00,2022,2022,WHT,CIV,UND,970-111-6651,562-555-0166,2652.png,f,8/20/18,5/31/22,,,
2653,Leonanie,Fessby,lfessby2653@example.org,Fessby2653@kuromaku-u.org,M,9/11/00,2022,2022,HSP,ENG,UND,970-111-6652,478-555-0136,2653.png,f,8/20/18,5/31/22,,,
2654,Beau,Stout,bstout2654@example.com,Stout2654@kuromaku-u.org,M,9/9/00,2022,2022,WHT,COM,ENG,970-111-6653,559-555-0162,2654.png,f,8/20/18,5/31/22,,,
2655,Essie,Wolver,ewolver2655@example.org,Wolver2655@kuromaku-u.org,M,11/20/00,2022,2022,HSP,AER,MAN,970-111-6654,414-555-0180,2655.png,f,8/20/18,5/31/22,,,
2656,Anthiathia,Cheyne,acheyne2656@example.com,Cheyne2656@kuromaku-u.org,M,10/18/00,2022,2022,HSP,COM,UND,970-111-6655,305-555-0164,2656.png,f,8/20/18,5/31/22,,,
2657,Bastian,Knight,bknight2657@example.org,Knight2657@kuromaku-u.org,F,7/27/00,2022,2022,ASN,NUC,UND,970-111-6656,714-555-0138,2657.png,f,8/20/18,5/31/22,,,
2658,Allegra,Livingston,alivingston2658@example.com,Livingston2658@kuromaku-u.org,F,9/10/00,2022,2022,AFR,AER,UND,970-111-6657,202-555-0102,2658.png,f,8/20/18,5/31/22,,,
2659,Silvan,Rustich,srustich2659@example.org,Rustich2659@kuromaku-u.org,M,6/7/00,2022,2022,AFR,MAT,UND,970-111-6658,859-555-0102,2659.png,f,8/20/18,5/31/22,,,
2660,Lona,Truett,ltruett2660@example.com,Truett2660@kuromaku-u.org,M,1/11/00,2022,2022,WHT,CIV,UND,970-111-6659,318-555-0173,2660.png,f,8/20/18,5/31/22,,,
2661,Naoma,Spaice,nspaice2661@example.net,Spaice2661@kuromaku-u.org,M,12/12/00,2022,2022,WHT,ENG,AER,970-111-6660,312-555-0190,2661.png,f,8/20/18,5/31/22,,,
2662,Gretel,Olivia,golivia2662@example.org,Olivia2662@kuromaku-u.org,M,7/13/00,2022,2022,AFR,MAN,UND,970-111-6661,415-555-0191,2662.png,f,8/20/18,5/31/22,,,
2663,Lem,Tomes,ltomes2663@example.net,Tomes2663@kuromaku-u.org,M,12/25/00,2022,2022,ASN,MAT,UND,970-111-6662,954-555-0180,2663.png,f,8/20/18,5/31/22,,,
2664,Paquito,Casiroli,pcasiroli2664@example.com,Casiroli2664@kuromaku-u.org,M,1/9/00,2022,2022,ASN,AER,UND,970-111-6663,402-555-0108,2664.png,f,8/20/18,5/31/22,,,
2665,Yasmin,Volante,yvolante2665@example.net,Volante2665@kuromaku-u.org,M,9/19/00,2022,2022,HSP,CIV,MAN,970-111-6664,701-555-0175,2665.png,f,8/20/18,5/31/22,,,
2666,Arlette,Quarlis,aquarlis2666@example.org,Quarlis2666@kuromaku-u.org,F,5/22/00,2022,2022,AFR,COM,UND,970-111-6665,206-555-0139,2666.png,f,8/20/18,5/31/22,,,
2667,Bevon,Benting,bbenting2667@example.org,Benting2667@kuromaku-u.org,M,10/7/00,2022,2022,HSP,MAT,UND,970-111-6666,412-555-0103,2667.png,f,8/20/18,5/31/22,,,
2668,Feodor,Clewer,fclewer2668@example.org,Clewer2668@kuromaku-u.org,M,2/1/00,2022,2022,WHT,COM,MAT,970-111-6667,907-555-0140,2668.png,f,8/20/18,5/31/22,,,
2669,Charlena,Jacobowicz,cjacobowicz2669@example.net,Jacobowicz2669@kuromaku-u.org,M,4/27/00,2022,2022,HSP,MAT,UND,970-111-6668,215-555-0179,2669.png,f,8/20/18,5/31/22,,,
2670,Wendye,Sperski,wsperski2670@example.com,Sperski2670@kuromaku-u.org,F,12/5/00,2022,2022,ASN,MAN,UND,970-111-6669,203-555-0156,2670.png,f,8/20/18,5/31/22,,,
2671,Palmer,Corwood,pcorwood2671@example.com,Corwood2671@kuromaku-u.org,M,9/14/00,2022,2022,ASN,NUC,UND,970-111-6670,405-555-0199,2671.png,f,8/20/18,5/31/22,,,
2672,Burr,Djekovic,bdjekovic2672@example.net,Djekovic2672@kuromaku-u.org,F,1/17/00,2022,2022,HSP,NUC,MAT,970-111-6671,202-555-0159,2672.png,f,8/20/18,5/31/22,,,
2673,Janessa,Bouette,jbouette2673@example.net,Bouette2673@kuromaku-u.org,M,3/25/00,2022,2022,WHT,COM,UND,970-111-6672,609-555-0171,2673.png,f,8/20/18,5/31/22,,,
2674,Georgetta,Sivior,gsivior2674@example.org,Sivior2674@kuromaku-u.org,M,5/25/00,2022,2022,ASN,CIV,UND,970-111-6673,718-555-0132,2674.png,f,8/20/18,5/31/22,,,
2675,Beilul,Sporle,bsporle2675@example.org,Sporle2675@kuromaku-u.org,M,11/23/00,2022,2022,HSP,COM,UND,970-111-6674,815-555-0191,2675.png,f,8/20/18,5/31/22,,,
2676,Kania,Spooner,kspooner2676@example.org,Spooner2676@kuromaku-u.org,F,12/25/00,2022,2022,ASN,CHE,MAT,970-111-6675,360-555-0180,2676.png,f,8/20/18,5/31/22,,,
2677,Becki,Tetlow,btetlow2677@example.net,Tetlow2677@kuromaku-u.org,F,1/18/00,2022,2022,WHT,AER,MAT,970-111-6676,413-555-0188,2677.png,f,8/20/18,5/31/22,,,
2678,Millisent,Jepson,mjepson2678@example.org,Jepson2678@kuromaku-u.org,F,9/16/00,2022,2022,WHT,ENG,UND,970-111-6677,254-555-0184,2678.png,f,8/20/18,5/31/22,,,
2679,Virginie,Czajka,vczajka2679@example.com,Czajka2679@kuromaku-u.org,M,7/6/00,2022,2022,ASN,NUC,UND,970-111-6678,253-555-0151,2679.png,f,8/20/18,5/31/22,,,
2680,Shanon,Kristufek,skristufek2680@example.net,Kristufek2680@kuromaku-u.org,M,9/21/00,2022,2022,HSP,NUC,UND,970-111-6679,813-555-0174,2680.png,f,8/20/18,5/31/22,,,
2681,Toni,Hudd,thudd2681@example.net,Hudd2681@kuromaku-u.org,F,6/17/00,2022,2022,HSP,MAT,UND,970-111-6680,786-555-0190,2681.png,f,8/20/18,5/31/22,,,
2682,Terry,Fleischmann,tfleischmann2682@example.net,Fleischmann2682@kuromaku-u.org,F,1/16/00,2022,2022,HSP,CIV,UND,970-111-6681,706-555-0149,2682.png,f,8/20/18,5/31/22,,,
2683,Rachelle,Trice,rtrice2683@example.net,Trice2683@kuromaku-u.org,F,8/27/00,2022,2022,ASN,CHE,UND,970-111-6682,928-555-0141,2683.png,f,8/20/18,5/31/22,,,
2684,Etan,Dawltrey,edawltrey2684@example.net,Dawltrey2684@kuromaku-u.org,F,5/15/00,2022,2022,ASN,MAN,UND,970-111-6683,816-555-0144,2684.png,f,8/20/18,5/31/22,,,
2685,Kara-lynn,Giggie,kgiggie2685@example.net,Giggie2685@kuromaku-u.org,M,2/21/00,2022,2022,HSP,CIV,COM,970-111-6684,412-555-0140,2685.png,f,8/20/18,5/31/22,,,
2686,Ros,Kalisch,rkalisch2686@example.com,Kalisch2686@kuromaku-u.org,M,4/18/00,2022,2022,HSP,MAN,UND,970-111-6685,208-555-0158,2686.png,f,8/20/18,5/31/22,,,
2687,Wynn,Sevitt,wsevitt2687@example.org,Sevitt2687@kuromaku-u.org,F,11/28/00,2022,2022,HSP,MAT,UND,970-111-6686,201-555-0165,2687.png,f,8/20/18,5/31/22,,,
2688,Moria,O'Fallowne,mofallowne2688@example.org,O'Fallowne2688@kuromaku-u.org,M,7/16/00,2022,2022,ASN,CHE,UND,970-111-6687,808-555-0112,2688.png,f,8/20/18,5/31/22,,,
2689,Padgett,Fannon,pfannon2689@example.org,Fannon2689@kuromaku-u.org,F,12/25/00,2022,2022,ASN,CHE,UND,970-111-6688,909-555-0185,2689.png,f,8/20/18,5/31/22,,,
2690,Ansel,Hagland,ahagland2690@example.com,Hagland2690@kuromaku-u.org,F,9/5/00,2022,2022,AFR,MEC,UND,970-111-6689,914-555-0130,2690.png,f,8/20/18,5/31/22,,,
2691,Lishe,Dudson,ldudson2691@example.org,Dudson2691@kuromaku-u.org,F,3/26/00,2022,2022,WHT,CIV,UND,970-111-6690,408-555-0184,2691.png,f,8/20/18,5/31/22,,,
2692,Vail,Yarnold,vyarnold2692@example.net,Yarnold2692@kuromaku-u.org,F,9/17/00,2022,2022,HSP,MAT,MAN,970-111-6691,505-555-0184,2692.png,f,8/20/18,5/31/22,,,
2693,Rodge,Mallabon,rmallabon2693@example.com,Mallabon2693@kuromaku-u.org,M,3/27/00,2022,2022,HSP,MAN,UND,970-111-6692,757-555-0113,2693.png,f,8/20/18,5/31/22,,,
2694,Farley,Stout,fstout2694@example.com,Stout2694@kuromaku-u.org,F,8/3/00,2022,2022,ASN,ENG,UND,970-111-6693,810-555-0187,2694.png,f,8/20/18,5/31/22,,,
2695,Annelise,Cundy,acundy2695@example.com,Cundy2695@kuromaku-u.org,M,10/28/00,2022,2022,AFR,ENG,UND,970-111-6694,313-555-0137,2695.png,f,8/20/18,5/31/22,,,
2696,Consalve,Kording,ckording2696@example.net,Kording2696@kuromaku-u.org,F,9/10/00,2022,2022,HSP,CIV,UND,970-111-6695,559-555-0159,2696.png,f,8/20/18,5/31/22,,,
2697,Haley,Skowcraft,hskowcraft2697@example.net,Skowcraft2697@kuromaku-u.org,M,5/26/00,2022,2022,AFR,COM,UND,970-111-6696,303-555-0163,2697.png,f,8/20/18,5/31/22,,,
2698,Emanuel,Rustich,erustich2698@example.org,Rustich2698@kuromaku-u.org,F,2/26/00,2022,2022,ASN,AER,COM,970-111-6697,775-555-0138,2698.png,f,8/20/18,5/31/22,,,
2699,Alphonse,McKimmie,amckimmie2699@example.com,McKimmie2699@kuromaku-u.org,M,5/28/00,2022,2022,WHT,AER,MAT,970-111-6698,313-555-0146,2699.png,f,8/20/18,5/31/22,,,
2700,Galvan,Breese,gbreese2700@example.org,Breese2700@kuromaku-u.org,F,9/25/00,2022,2022,AFR,NUC,MEC,970-111-6699,269-555-0186,2700.png,f,8/20/18,5/31/22,,,
2701,Brnaby,Jee,bjee2701@example.net,Jee2701@kuromaku-u.org,F,7/23/00,2022,2022,ASN,ENG,UND,970-111-6700,312-555-0193,2701.png,f,8/20/18,5/31/22,,,
2702,Olivette,Meriguet,omeriguet2702@example.org,Meriguet2702@kuromaku-u.org,F,10/14/00,2022,2022,AFR,CHE,UND,970-111-6701,719-555-0180,2702.png,f,8/20/18,5/31/22,,,
2703,Isobel,Crady,icrady2703@example.com,Crady2703@kuromaku-u.org,F,8/9/00,2022,2022,AFR,ENG,UND,970-111-6702,785-555-0120,2703.png,f,8/20/18,5/31/22,,,
2704,Lurlene,Buttfield,lbuttfield2704@example.org,Buttfield2704@kuromaku-u.org,F,6/9/00,2022,2022,WHT,CHE,UND,970-111-6703,713-555-0166,2704.png,f,8/20/18,5/31/22,,,
2705,Sal,Pemble,spemble2705@example.com,Pemble2705@kuromaku-u.org,F,11/4/00,2022,2022,AFR,MAN,UND,970-111-6704,309-555-0105,2705.png,f,8/20/18,5/31/22,,,
2706,Terry,Tolomio,ttolomio2706@example.org,Tolomio2706@kuromaku-u.org,F,10/9/00,2022,2022,AFR,ENG,UND,970-111-6705,810-555-0143,2706.png,f,8/20/18,5/31/22,,,
2707,Happy,Pedgrift,hpedgrift2707@example.net,Pedgrift2707@kuromaku-u.org,M,10/7/00,2022,2022,HSP,MEC,UND,970-111-6706,859-555-0160,2707.png,f,8/20/18,5/31/22,,,
2708,Carling,Agg,cagg2708@example.com,Agg2708@kuromaku-u.org,M,11/19/00,2022,2022,AFR,ENG,UND,970-111-6707,210-555-0151,2708.png,f,8/20/18,5/31/22,,,
2709,Anjanette,Boards,aboards2709@example.org,Boards2709@kuromaku-u.org,F,6/10/00,2022,2022,ASN,AER,UND,970-111-6708,321-555-0171,2709.png,f,8/20/18,5/31/22,,,
2710,Mariette,Alyukin,malyukin2710@example.org,Alyukin2710@kuromaku-u.org,F,4/14/00,2022,2022,WHT,NUC,MAT,970-111-6709,210-555-0104,2710.png,f,8/20/18,5/31/22,,,
2711,Rourke,Phippin,rphippin2711@example.com,Phippin2711@kuromaku-u.org,F,1/19/00,2022,2022,AFR,NUC,UND,970-111-6710,786-555-0121,2711.png,f,8/20/18,5/31/22,,,
2712,Griz,Fearnyough,gfearnyough2712@example.com,Fearnyough2712@kuromaku-u.org,F,12/2/00,2022,2022,AFR,MEC,UND,970-111-6711,301-555-0192,2712.png,f,8/20/18,5/31/22,,,
2713,Guendolen,Iannello,giannello2713@example.net,Iannello2713@kuromaku-u.org,F,11/2/00,2022,2022,AFR,ENG,UND,970-111-6712,215-555-0155,2713.png,f,8/20/18,5/31/22,,,
2714,Meade,Peyes,mpeyes2714@example.net,Peyes2714@kuromaku-u.org,F,1/22/00,2022,2022,HSP,MEC,UND,970-111-6713,251-555-0127,2714.png,f,8/20/18,5/31/22,,,
2715,Lindsey,Trout,ltrout2715@example.org,Trout2715@kuromaku-u.org,M,7/21/00,2022,2022,HSP,MAN,UND,970-111-6714,304-555-0143,2715.png,f,8/20/18,5/31/22,,,
2716,Dulce,Egdale,degdale2716@example.net,Egdale2716@kuromaku-u.org,M,1/17/00,2022,2022,WHT,AER,UND,970-111-6715,772-555-0110,2716.png,f,8/20/18,5/31/22,,,
2717,Antoni,Hinrich,ahinrich2717@example.net,Hinrich2717@kuromaku-u.org,M,3/3/00,2022,2022,ASN,CHE,MAT,970-111-6716,734-555-0137,2717.png,f,8/20/18,5/31/22,,,
2718,Georgia,Reeday,greeday2718@example.org,Reeday2718@kuromaku-u.org,F,10/24/00,2022,2022,HSP,MAN,UND,970-111-6717,202-555-0168,2718.png,f,8/20/18,5/31/22,,,
2719,Isak,Bortolotti,ibortolotti2719@example.com,Bortolotti2719@kuromaku-u.org,M,1/26/00,2022,2022,HSP,MAN,UND,970-111-6718,716-555-0123,2719.png,f,8/20/18,5/31/22,,,
2720,Bel,Chevis,bchevis2720@example.com,Chevis2720@kuromaku-u.org,M,4/23/00,2022,2022,HSP,NUC,UND,970-111-6719,813-555-0159,2720.png,f,8/20/18,5/31/22,,,
2721,Renie,Bryce,rbryce2721@example.net,Bryce2721@kuromaku-u.org,M,11/11/00,2022,2022,HSP,CHE,UND,970-111-6720,412-555-0176,2721.png,f,8/20/18,5/31/22,,,
2722,Rosalind,Blackleech,rblackleech2722@example.net,Blackleech2722@kuromaku-u.org,F,10/25/00,2022,2022,ASN,MAN,UND,970-111-6721,205-555-0194,2722.png,f,8/20/18,5/31/22,,,
2723,Rosalind,Casewell,rcasewell2723@example.com,Casewell2723@kuromaku-u.org,M,8/21/00,2022,2022,WHT,ENG,UND,970-111-6722,801-555-0113,2723.png,f,8/20/18,5/31/22,,,
2724,Averil,Armall,aarmall2724@example.net,Armall2724@kuromaku-u.org,F,3/28/00,2022,2022,WHT,MAN,UND,970-111-6723,202-555-0164,2724.png,f,8/20/18,5/31/22,,,
2725,Michele,Hudd,mhudd2725@example.com,Hudd2725@kuromaku-u.org,M,12/23/00,2022,2022,HSP,AER,UND,970-111-6724,920-555-0138,2725.png,f,8/20/18,5/31/22,,,
2726,Weber,Blackleech,wblackleech2726@example.net,Blackleech2726@kuromaku-u.org,M,8/19/00,2022,2022,HSP,AER,UND,970-111-6725,815-555-0111,2726.png,f,8/20/18,5/31/22,,,
2727,Griswold,Peedell,gpeedell2727@example.net,Peedell2727@kuromaku-u.org,F,8/8/00,2022,2022,HSP,COM,UND,970-111-6726,801-555-0174,2727.png,f,8/20/18,5/31/22,,,
2728,Henrieta,Pattie,hpattie2728@example.net,Pattie2728@kuromaku-u.org,F,2/12/00,2022,2022,WHT,AER,UND,970-111-6727,713-555-0185,2728.png,f,8/20/18,5/31/22,,,
2729,Tristan,Waistall,twaistall2729@example.org,Waistall2729@kuromaku-u.org,M,3/23/00,2022,2022,WHT,NUC,UND,970-111-6728,314-555-0133,2729.png,f,8/20/18,5/31/22,,,
2730,Clay,Ketch,cketch2730@example.org,Ketch2730@kuromaku-u.org,M,1/27/00,2022,2022,AFR,MAN,UND,970-111-6729,757-555-0159,2730.png,f,8/20/18,5/31/22,,,
2731,Vania,Sinton,vsinton2731@example.org,Sinton2731@kuromaku-u.org,M,9/25/00,2022,2022,ASN,AER,UND,970-111-6730,314-555-0176,2731.png,f,8/20/18,5/31/22,,,
2732,Urbano,Foulis,ufoulis2732@example.net,Foulis2732@kuromaku-u.org,F,9/19/00,2022,2022,HSP,NUC,UND,970-111-6731,314-555-0191,2732.png,f,8/20/18,5/31/22,,,
2733,Emylee,Jimes,ejimes2733@example.net,Jimes2733@kuromaku-u.org,M,10/16/00,2022,2022,HSP,MAN,UND,970-111-6732,314-555-0100,2733.png,f,8/20/18,5/31/22,,,
2734,Vilma,Biasioni,vbiasioni2734@example.org,Biasioni2734@kuromaku-u.org,F,8/6/00,2022,2022,HSP,CHE,UND,970-111-6733,202-555-0132,2734.png,f,8/20/18,5/31/22,,,
2735,Averil,Meth,ameth2735@example.org,Meth2735@kuromaku-u.org,F,7/25/00,2022,2022,HSP,NUC,CIV,970-111-6734,682-555-0176,2735.png,f,8/20/18,5/31/22,,,
2736,Maryanna,Vezey,mvezey2736@example.org,Vezey2736@kuromaku-u.org,F,8/19/00,2022,2022,WHT,AER,UND,970-111-6735,804-555-0190,2736.png,f,8/20/18,5/31/22,,,
2737,Bibbye,Benting,bbenting2737@example.com,Benting2737@kuromaku-u.org,F,2/11/00,2022,2022,WHT,MEC,UND,970-111-6736,615-555-0131,2737.png,f,8/20/18,5/31/22,,,
2738,Wolfy,Matteris,wmatteris2738@example.net,Matteris2738@kuromaku-u.org,M,2/18/00,2022,2022,ASN,CIV,UND,970-111-6737,952-555-0164,2738.png,f,8/20/18,5/31/22,,,
2739,Clay,Isitt,cisitt2739@example.org,Isitt2739@kuromaku-u.org,F,2/2/00,2022,2022,HSP,MAN,UND,970-111-6738,253-555-0148,2739.png,f,8/20/18,5/31/22,,,
2740,Reggy,Dahlbom,rdahlbom2740@example.net,Dahlbom2740@kuromaku-u.org,F,12/24/00,2022,2022,WHT,CHE,UND,970-111-6739,314-555-0124,2740.png,f,8/20/18,5/31/22,,,
2741,Urbano,Truett,utruett2741@example.org,Truett2741@kuromaku-u.org,F,5/3/00,2022,2022,AFR,NUC,UND,970-111-6740,201-555-0112,2741.png,f,8/20/18,5/31/22,,,
2742,Karry,Stobart,kstobart2742@example.net,Stobart2742@kuromaku-u.org,F,3/21/00,2022,2022,HSP,CIV,UND,970-111-6741,214-555-0130,2742.png,f,8/20/18,5/31/22,,,
2743,Harris,Cust,hcust2743@example.com,Cust2743@kuromaku-u.org,F,5/12/00,2022,2022,AFR,AER,UND,970-111-6742,904-555-0162,2743.png,f,8/20/18,5/31/22,,,
2744,Ruth,Joney,rjoney2744@example.org,Joney2744@kuromaku-u.org,M,7/27/00,2022,2022,ASN,COM,UND,970-111-6743,847-555-0119,2744.png,f,8/20/18,5/31/22,,,
2745,Melina,Ciccarello,mciccarello2745@example.com,Ciccarello2745@kuromaku-u.org,M,8/24/00,2022,2022,HSP,CHE,UND,970-111-6744,202-555-0160,2745.png,f,8/20/18,5/31/22,,,
2746,Verne,Froome,vfroome2746@example.com,Froome2746@kuromaku-u.org,M,1/26/00,2022,2022,HSP,MAN,UND,970-111-6745,812-555-0176,2746.png,f,8/20/18,5/31/22,,,
2747,Chloe,Able,cable2747@example.com,Able2747@kuromaku-u.org,M,1/19/00,2022,2022,ASN,AER,UND,970-111-6746,203-555-0140,2747.png,f,8/20/18,5/31/22,,,
2748,Rafe,Braam,rbraam2748@example.com,Braam2748@kuromaku-u.org,F,9/24/00,2022,2022,ASN,CIV,UND,970-111-6747,913-555-0177,2748.png,f,8/20/18,5/31/22,,,
2749,Isak,Rutter,irutter2749@example.com,Rutter2749@kuromaku-u.org,F,4/5/00,2022,2022,WHT,MEC,UND,970-111-6748,225-555-0174,2749.png,f,8/20/18,5/31/22,,,
2750,Elke,Boat,eboat2750@example.org,Boat2750@kuromaku-u.org,M,12/5/00,2022,2022,WHT,NUC,CHE,970-111-6749,818-555-0153,2750.png,f,8/20/18,5/31/22,,,
2751,Jae,Gras,jgras2751@example.net,Gras2751@kuromaku-u.org,M,12/21/01,2023,2023,WHT,NUC,COM,970-111-6750,304-555-0148,2751.png,f,8/20/19,5/31/23,,,
2752,Isak,Ciccarello,iciccarello2752@example.org,Ciccarello2752@kuromaku-u.org,F,12/5/01,2023,2023,ASN,CIV,UND,970-111-6751,479-555-0162,2752.png,f,8/20/19,5/31/23,,,
2753,Brandon,Ackermann,backermann2753@example.net,Ackermann2753@kuromaku-u.org,F,10/24/01,2023,2023,ASN,ENG,MAT,970-111-6752,805-555-0146,2753.png,f,8/20/19,5/31/23,,,
2754,Maude,Wanklin,mwanklin2754@example.com,Wanklin2754@kuromaku-u.org,M,4/24/01,2023,2023,ASN,MEC,NUC,970-111-6753,719-555-0121,2754.png,f,8/20/19,5/31/23,,,
2755,Vanni,Biasioni,vbiasioni2755@example.net,Biasioni2755@kuromaku-u.org,F,8/21/01,2023,2023,AFR,CHE,NUC,970-111-6754,203-555-0170,2755.png,f,8/20/19,5/31/23,,,
2756,Winfield,Wichard,wwichard2756@example.org,Wichard2756@kuromaku-u.org,M,4/18/01,2023,2023,HSP,NUC,UND,970-111-6755,202-555-0144,2756.png,f,8/20/19,5/31/23,,,
2757,Orazio,Grebner,ogrebner2757@example.net,Grebner2757@kuromaku-u.org,M,3/15/01,2023,2023,ASN,AER,UND,970-111-6756,502-555-0195,2757.png,f,8/20/19,5/31/23,,,
2758,Leshia,Ahmad,lahmad2758@example.com,Ahmad2758@kuromaku-u.org,F,7/24/01,2023,2023,ASN,CIV,UND,970-111-6757,716-555-0161,2758.png,f,8/20/19,5/31/23,,,
2759,Terrye,Zorzoni,tzorzoni2759@example.org,Zorzoni2759@kuromaku-u.org,F,5/8/01,2023,2023,WHT,MEC,MAN,970-111-6758,908-555-0180,2759.png,f,8/20/19,5/31/23,,,
2760,Hilary,Inge,hinge2760@example.com,Inge2760@kuromaku-u.org,F,4/25/01,2023,2023,HSP,CHE,UND,970-111-6759,502-555-0194,2760.png,f,8/20/19,5/31/23,,,
2761,Billye,Oughtright,boughtright2761@example.com,Oughtright2761@kuromaku-u.org,M,7/19/01,2023,2023,HSP,ENG,UND,970-111-6760,817-555-0138,2761.png,f,8/20/19,5/31/23,,,
2762,Ken,Jutson,kjutson2762@example.org,Jutson2762@kuromaku-u.org,F,7/19/01,2023,2023,AFR,MAT,CHE,970-111-6761,860-555-0129,2762.png,f,8/20/19,5/31/23,,,
2763,Solly,Moakes,smoakes2763@example.net,Moakes2763@kuromaku-u.org,F,2/8/01,2023,2023,ASN,ENG,UND,970-111-6762,419-555-0196,2763.png,f,8/20/19,5/31/23,,,
2764,Franny,Pirnie,fpirnie2764@example.org,Pirnie2764@kuromaku-u.org,F,1/25/01,2023,2023,WHT,AER,UND,970-111-6763,859-555-0156,2764.png,f,8/20/19,5/31/23,,,
2765,Muffin,Farrant,mfarrant2765@example.org,Farrant2765@kuromaku-u.org,M,6/23/01,2023,2023,WHT,ENG,UND,970-111-6764,314-555-0130,2765.png,f,8/20/19,5/31/23,,,
2766,Micky,Aukland,maukland2766@example.net,Aukland2766@kuromaku-u.org,M,8/19/01,2023,2023,ASN,MAT,UND,970-111-6765,816-555-0114,2766.png,f,8/20/19,5/31/23,,,
2767,Issi,Curado,icurado2767@example.net,Curado2767@kuromaku-u.org,M,4/23/01,2023,2023,AFR,MAT,NUC,970-111-6766,406-555-0185,2767.png,f,8/20/19,5/31/23,,,
2768,Frederik,Cloy,fcloy2768@example.org,Cloy2768@kuromaku-u.org,M,11/27/01,2023,2023,AFR,MAN,MAT,970-111-6767,217-555-0107,2768.png,f,8/20/19,5/31/23,,,
2769,Stewart,Caldero,scaldero2769@example.com,Caldero2769@kuromaku-u.org,M,6/10/01,2023,2023,HSP,AER,MEC,970-111-6768,202-555-0157,2769.png,f,8/20/19,5/31/23,,,
2770,Martie,Lakenton,mlakenton2770@example.org,Lakenton2770@kuromaku-u.org,M,9/13/01,2023,2023,HSP,MAT,MEC,970-111-6769,314-555-0199,2770.png,f,8/20/19,5/31/23,,,
2771,Garrek,Sporle,gsporle2771@example.net,Sporle2771@kuromaku-u.org,F,4/6/01,2023,2023,WHT,CIV,UND,970-111-6770,971-555-0123,2771.png,f,8/20/19,5/31/23,,,
2772,Shurlocke,Temby,stemby2772@example.net,Temby2772@kuromaku-u.org,F,11/24/01,2023,2023,WHT,ENG,AER,970-111-6771,331-555-0176,2772.png,f,8/20/19,5/31/23,,,
2773,Corey,Bonnett,cbonnett2773@example.net,Bonnett2773@kuromaku-u.org,F,11/5/01,2023,2023,AFR,NUC,UND,970-111-6772,971-555-0170,2773.png,f,8/20/19,5/31/23,,,
2774,Gillian,Matteris,gmatteris2774@example.org,Matteris2774@kuromaku-u.org,M,7/17/01,2023,2023,ASN,MEC,UND,970-111-6773,309-555-0195,2774.png,f,8/20/19,5/31/23,,,
2775,Jenn,Nucci,jnucci2775@example.net,Nucci2775@kuromaku-u.org,M,11/27/01,2023,2023,HSP,NUC,UND,970-111-6774,918-555-0102,2775.png,f,8/20/19,5/31/23,,,
2776,Roldan,Cholerton,rcholerton2776@example.com,Cholerton2776@kuromaku-u.org,F,9/19/01,2023,2023,WHT,NUC,CHE,970-111-6775,217-555-0159,2776.png,f,8/20/19,5/31/23,,,
2777,Kaylee,Houlson,khoulson2777@example.org,Houlson2777@kuromaku-u.org,F,2/9/01,2023,2023,AFR,CHE,AER,970-111-6776,561-555-0194,2777.png,f,8/20/19,5/31/23,,,
2778,Beau,Fenge,bfenge2778@example.net,Fenge2778@kuromaku-u.org,M,11/5/01,2023,2023,HSP,CHE,UND,970-111-6777,203-555-0191,2778.png,f,8/20/19,5/31/23,,,
2779,Rosalind,Ivic,rivic2779@example.org,Ivic2779@kuromaku-u.org,F,3/9/01,2023,2023,ASN,ENG,UND,970-111-6778,512-555-0196,2779.png,f,8/20/19,5/31/23,,,
2780,Graig,Niessen,gniessen2780@example.org,Niessen2780@kuromaku-u.org,M,9/10/01,2023,2023,WHT,AER,UND,970-111-6779,612-555-0189,2780.png,f,8/20/19,5/31/23,,,
2781,Vern,Fenich,vfenich2781@example.org,Fenich2781@kuromaku-u.org,M,10/12/01,2023,2023,HSP,NUC,UND,970-111-6780,419-555-0108,2781.png,f,8/20/19,5/31/23,,,
2782,Pepillo,Knapper,pknapper2782@example.com,Knapper2782@kuromaku-u.org,M,10/16/01,2023,2023,HSP,NUC,UND,970-111-6781,309-555-0191,2782.png,f,8/20/19,5/31/23,,,
2783,Lavinia,Bartoletti,lbartoletti2783@example.net,Bartoletti2783@kuromaku-u.org,M,9/28/01,2023,2023,ASN,MAN,CIV,970-111-6782,240-555-0120,2783.png,f,8/20/19,5/31/23,,,
2784,Riobard,Zorzutti,rzorzutti2784@example.net,Zorzutti2784@kuromaku-u.org,F,9/8/01,2023,2023,WHT,MAN,UND,970-111-6783,562-555-0138,2784.png,f,8/20/19,5/31/23,,,
2785,Sigismundo,Tetlow,stetlow2785@example.org,Tetlow2785@kuromaku-u.org,M,2/26/01,2023,2023,WHT,ENG,NUC,970-111-6784,603-555-0107,2785.png,f,8/20/19,5/31/23,,,
2786,Danyelle,Shenton,dshenton2786@example.org,Shenton2786@kuromaku-u.org,M,9/22/01,2023,2023,HSP,COM,CIV,970-111-6785,501-555-0102,2786.png,f,8/20/19,5/31/23,,,
2787,Brenda,Brunnstein,bbrunnstein2787@example.net,Brunnstein2787@kuromaku-u.org,F,7/18/01,2023,2023,HSP,COM,UND,970-111-6786,818-555-0169,2787.png,f,8/20/19,5/31/23,,,
2788,Arny,Audley,aaudley2788@example.org,Audley2788@kuromaku-u.org,M,9/22/01,2023,2023,ASN,NUC,UND,970-111-6787,513-555-0130,2788.png,f,8/20/19,5/31/23,,,
2789,Galvan,Arbon,garbon2789@example.net,Arbon2789@kuromaku-u.org,M,6/13/01,2023,2023,WHT,MAT,UND,970-111-6788,916-555-0113,2789.png,f,8/20/19,5/31/23,,,
2790,Catlin,Peddar,cpeddar2790@example.com,Peddar2790@kuromaku-u.org,M,3/25/01,2023,2023,AFR,ENG,UND,970-111-6789,205-555-0169,2790.png,f,8/20/19,5/31/23,,,
2791,Osbourne,Litherland,olitherland2791@example.net,Litherland2791@kuromaku-u.org,F,12/14/01,2023,2023,WHT,MAT,UND,970-111-6790,850-555-0154,2791.png,f,8/20/19,5/31/23,,,
2792,Jenn,Pinnere,jpinnere2792@example.com,Pinnere2792@kuromaku-u.org,M,3/8/01,2023,2023,ASN,MAT,NUC,970-111-6791,201-555-0170,2792.png,f,8/20/19,5/31/23,,,
2793,Tristam,Strike,tstrike2793@example.org,Strike2793@kuromaku-u.org,M,8/16/01,2023,2023,WHT,MEC,UND,970-111-6792,706-555-0111,2793.png,f,8/20/19,5/31/23,,,
2794,Osbourne,Sannes,osannes2794@example.org,Sannes2794@kuromaku-u.org,M,1/25/01,2023,2023,AFR,ENG,UND,970-111-6793,913-555-0100,2794.png,f,8/20/19,5/31/23,,,
2795,Andree,Tolmie,atolmie2795@example.com,Tolmie2795@kuromaku-u.org,F,12/25/01,2023,2023,AFR,MAT,UND,970-111-6794,661-555-0153,2795.png,f,8/20/19,5/31/23,,,
2796,Kalvin,Torres,ktorres2796@example.com,Torres2796@kuromaku-u.org,F,2/23/01,2023,2023,ASN,NUC,UND,970-111-6795,701-555-0114,2796.png,f,8/20/19,5/31/23,,,
2797,Anjela,Whartonby,awhartonby2797@example.com,Whartonby2797@kuromaku-u.org,F,12/25/01,2023,2023,WHT,CHE,UND,970-111-6796,206-555-0123,2797.png,f,8/20/19,5/31/23,,,
2798,Toni,McLarens,tmclarens2798@example.com,McLarens2798@kuromaku-u.org,M,6/5/01,2023,2023,HSP,MEC,UND,970-111-6797,910-555-0173,2798.png,f,8/20/19,5/31/23,,,
2799,Carmelia,Nurcombe,cnurcombe2799@example.org,Nurcombe2799@kuromaku-u.org,F,5/23/01,2023,2023,ASN,MEC,MAN,970-111-6798,205-555-0125,2799.png,f,8/20/19,5/31/23,,,
2800,Editha,Stodit,estodit2800@example.net,Stodit2800@kuromaku-u.org,F,8/17/01,2023,2023,AFR,NUC,UND,970-111-6799,913-555-0184,2800.png,f,8/20/19,5/31/23,,,
2801,Antonie,Cleobury,acleobury2801@example.org,Cleobury2801@kuromaku-u.org,M,1/26/01,2023,2023,ASN,MAT,MEC,970-111-6800,317-555-0131,2801.png,f,8/20/19,5/31/23,,,
2802,Case,Skitteral,cskitteral2802@example.org,Skitteral2802@kuromaku-u.org,M,4/11/01,2023,2023,WHT,MEC,MAN,970-111-6801,859-555-0137,2802.png,f,8/20/19,5/31/23,,,
2803,Sigismundo,Harrismith,sharrismith2803@example.org,Harrismith2803@kuromaku-u.org,M,1/13/01,2023,2023,ASN,MAT,MEC,970-111-6802,405-555-0106,2803.png,f,8/20/19,5/31/23,,,
2804,Ava,McIlvoray,amcilvoray2804@example.com,McIlvoray2804@kuromaku-u.org,M,11/10/01,2023,2023,AFR,MEC,UND,970-111-6803,626-555-0182,2804.png,f,8/20/19,5/31/23,,,
2805,Webb,Stigger,wstigger2805@example.net,Stigger2805@kuromaku-u.org,F,1/23/01,2023,2023,WHT,COM,MEC,970-111-6804,361-555-0141,2805.png,f,8/20/19,5/31/23,,,
2806,Stefanie,Walsh,swalsh2806@example.net,Walsh2806@kuromaku-u.org,M,7/8/01,2023,2023,AFR,AER,UND,970-111-6805,813-555-0135,2806.png,f,8/20/19,5/31/23,,,
2807,Northrup,Tabard,ntabard2807@example.org,Tabard2807@kuromaku-u.org,M,5/16/01,2023,2023,HSP,CIV,NUC,970-111-6806,316-555-0149,2807.png,f,8/20/19,5/31/23,,,
2808,Nikolaos,Beccera,nbeccera2808@example.com,Beccera2808@kuromaku-u.org,M,11/27/01,2023,2023,HSP,MAT,UND,970-111-6807,225-555-0128,2808.png,f,8/20/19,5/31/23,,,
2809,Camilla,Burrass,cburrass2809@example.net,Burrass2809@kuromaku-u.org,M,9/11/01,2023,2023,AFR,CHE,UND,970-111-6808,301-555-0185,2809.png,f,8/20/19,5/31/23,,,
2810,Kevon,Barizeret,kbarizeret2810@example.org,Barizeret2810@kuromaku-u.org,M,10/19/01,2023,2023,HSP,CHE,MAN,970-111-6809,614-555-0149,2810.png,f,8/20/19,5/31/23,,,
2811,Willard,Foulis,wfoulis2811@example.net,Foulis2811@kuromaku-u.org,M,9/26/01,2023,2023,AFR,NUC,UND,970-111-6810,469-555-0148,2811.png,f,8/20/19,5/31/23,,,
2812,Cort,Peddar,cpeddar2812@example.com,Peddar2812@kuromaku-u.org,F,3/24/01,2023,2023,WHT,CIV,MAN,970-111-6811,915-555-0128,2812.png,f,8/20/19,5/31/23,,,
2813,Wilt,Bracegirdle,wbracegirdle2813@example.net,Bracegirdle2813@kuromaku-u.org,M,8/6/01,2023,2023,HSP,ENG,CIV,970-111-6812,202-555-0115,2813.png,f,8/20/19,5/31/23,,,
2814,Prent,Keld,pkeld2814@example.com,Keld2814@kuromaku-u.org,M,8/23/01,2023,2023,WHT,MAT,UND,970-111-6813,309-555-0151,2814.png,f,8/20/19,5/31/23,,,
2815,Judith,Potkin,jpotkin2815@example.net,Potkin2815@kuromaku-u.org,M,8/7/01,2023,2023,AFR,AER,UND,970-111-6814,302-555-0110,2815.png,f,8/20/19,5/31/23,,,
2816,Heath,Bloodworth,hbloodworth2816@example.com,Bloodworth2816@kuromaku-u.org,F,3/11/01,2023,2023,WHT,MAT,UND,970-111-6815,614-555-0131,2816.png,f,8/20/19,5/31/23,,,
2817,Joline,Foulis,jfoulis2817@example.com,Foulis2817@kuromaku-u.org,M,4/21/01,2023,2023,HSP,MEC,UND,970-111-6816,212-555-0106,2817.png,f,8/20/19,5/31/23,,,
2818,Drusy,Isakovic,disakovic2818@example.net,Isakovic2818@kuromaku-u.org,F,4/19/01,2023,2023,HSP,COM,CHE,970-111-6817,912-555-0188,2818.png,f,8/20/19,5/31/23,,,
2819,Cirilo,Smalles,csmalles2819@example.com,Smalles2819@kuromaku-u.org,M,12/23/01,2023,2023,AFR,NUC,UND,970-111-6818,724-555-0136,2819.png,f,8/20/19,5/31/23,,,
2820,Nappy,Turnell,nturnell2820@example.org,Turnell2820@kuromaku-u.org,F,6/10/01,2023,2023,ASN,CHE,UND,970-111-6819,407-555-0126,2820.png,f,8/20/19,5/31/23,,,
2821,Ike,Benaine,ibenaine2821@example.com,Benaine2821@kuromaku-u.org,F,9/22/01,2023,2023,AFR,AER,COM,970-111-6820,315-555-0138,2821.png,f,8/20/19,5/31/23,,,
2822,Paolina,Macvain,pmacvain2822@example.net,Macvain2822@kuromaku-u.org,F,5/13/01,2023,2023,ASN,NUC,UND,970-111-6821,217-555-0100,2822.png,f,8/20/19,5/31/23,,,
2823,Boigie,Whatford,bwhatford2823@example.net,Whatford2823@kuromaku-u.org,M,10/28/01,2023,2023,WHT,MEC,CHE,970-111-6822,302-555-0191,2823.png,f,8/20/19,5/31/23,,,
2824,Riannon,Morston,rmorston2824@example.net,Morston2824@kuromaku-u.org,F,5/1/01,2023,2023,HSP,COM,MAN,970-111-6823,239-555-0156,2824.png,f,8/20/19,5/31/23,,,
2825,Oates,Hassur,ohassur2825@example.net,Hassur2825@kuromaku-u.org,F,11/23/01,2023,2023,HSP,MAT,UND,970-111-6824,414-555-0153,2825.png,f,8/20/19,5/31/23,,,
2826,Karyn,Rasell,krasell2826@example.org,Rasell2826@kuromaku-u.org,M,3/14/01,2023,2023,AFR,MAT,UND,970-111-6825,937-555-0178,2826.png,f,8/20/19,5/31/23,,,
2827,Federico,Revie,frevie2827@example.org,Revie2827@kuromaku-u.org,F,5/14/01,2023,2023,WHT,MAT,UND,970-111-6826,602-555-0128,2827.png,f,8/20/19,5/31/23,,,
2828,Antonie,Oldaker,aoldaker2828@example.org,Oldaker2828@kuromaku-u.org,M,4/27/01,2023,2023,HSP,MAT,MEC,970-111-6827,757-555-0141,2828.png,f,8/20/19,5/31/23,,,
2829,Sande,Whitehorne,swhitehorne2829@example.org,Whitehorne2829@kuromaku-u.org,M,5/1/01,2023,2023,AFR,AER,UND,970-111-6828,714-555-0169,2829.png,f,8/20/19,5/31/23,,,
2830,Urbano,Charlesworth,ucharlesworth2830@example.net,Charlesworth2830@kuromaku-u.org,M,12/5/01,2023,2023,HSP,MAN,MAT,970-111-6829,405-555-0103,2830.png,f,8/20/19,5/31/23,,,
2831,Hervey,Jee,hjee2831@example.org,Jee2831@kuromaku-u.org,M,4/21/01,2023,2023,WHT,CHE,UND,970-111-6830,434-555-0117,2831.png,f,8/20/19,5/31/23,,,
2832,Gardener,Suddards,gsuddards2832@example.net,Suddards2832@kuromaku-u.org,F,1/20/01,2023,2023,WHT,MAT,UND,970-111-6831,234-555-0105,2832.png,f,8/20/19,5/31/23,,,
2833,Michele,Chesnay,mchesnay2833@example.com,Chesnay2833@kuromaku-u.org,F,10/10/01,2023,2023,WHT,NUC,UND,970-111-6832,312-555-0148,2833.png,f,8/20/19,5/31/23,,,
2834,Doy,Petegrew,dpetegrew2834@example.org,Petegrew2834@kuromaku-u.org,M,5/6/01,2023,2023,ASN,CIV,UND,970-111-6833,862-555-0117,2834.png,f,8/20/19,5/31/23,,,
2835,Britney,Sazio,bsazio2835@example.net,Sazio2835@kuromaku-u.org,M,11/16/01,2023,2023,HSP,ENG,UND,970-111-6834,862-555-0145,2835.png,f,8/20/19,5/31/23,,,
2836,Fan,Dutt,fdutt2836@example.com,Dutt2836@kuromaku-u.org,F,10/28/01,2023,2023,AFR,MEC,UND,970-111-6835,605-555-0190,2836.png,f,8/20/19,5/31/23,,,
2837,Bartholomew,Carrol,bcarrol2837@example.org,Carrol2837@kuromaku-u.org,F,5/5/01,2023,2023,AFR,AER,UND,970-111-6836,805-555-0109,2837.png,f,8/20/19,5/31/23,,,
2838,Briano,Shepherdson,bshepherdson2838@example.net,Shepherdson2838@kuromaku-u.org,M,5/9/01,2023,2023,ASN,COM,UND,970-111-6837,225-555-0143,2838.png,f,8/20/19,5/31/23,,,
2839,Celle,Nelthorp,cnelthorp2839@example.com,Nelthorp2839@kuromaku-u.org,F,2/28/01,2023,2023,AFR,MAT,ENG,970-111-6838,912-555-0135,2839.png,f,8/20/19,5/31/23,,,
2840,Bliss,Clewer,bclewer2840@example.org,Clewer2840@kuromaku-u.org,M,1/3/01,2023,2023,AFR,ENG,UND,970-111-6839,831-555-0115,2840.png,f,8/20/19,5/31/23,,,
2841,Catarina,MattiCCI,cmatticci2841@example.net,MattiCCI2841@kuromaku-u.org,F,9/24/01,2023,2023,ASN,NUC,UND,970-111-6840,520-555-0156,2841.png,f,8/20/19,5/31/23,,,
2842,Alidia,Geraldez,ageraldez2842@example.org,Geraldez2842@kuromaku-u.org,M,10/13/01,2023,2023,AFR,MEC,UND,970-111-6841,602-555-0165,2842.png,f,8/20/19,5/31/23,,,
2843,Major,Shird,mshird2843@example.net,Shird2843@kuromaku-u.org,M,2/8/01,2023,2023,WHT,COM,MEC,970-111-6842,765-555-0162,2843.png,f,8/20/19,5/31/23,,,
2844,Sherman,Sevitt,ssevitt2844@example.org,Sevitt2844@kuromaku-u.org,F,9/18/01,2023,2023,HSP,ENG,UND,970-111-6843,504-555-0199,2844.png,f,8/20/19,5/31/23,,,
2845,Meredith,Walsh,mwalsh2845@example.com,Walsh2845@kuromaku-u.org,F,7/17/01,2023,2023,AFR,AER,UND,970-111-6844,210-555-0165,2845.png,f,8/20/19,5/31/23,,,
2846,Gilberta,Tetlow,gtetlow2846@example.com,Tetlow2846@kuromaku-u.org,M,5/2/01,2023,2023,HSP,NUC,UND,970-111-6845,469-555-0198,2846.png,f,8/20/19,5/31/23,,,
2847,Carlene,Pemble,cpemble2847@example.net,Pemble2847@kuromaku-u.org,F,10/20/01,2023,2023,HSP,COM,UND,970-111-6846,832-555-0198,2847.png,f,8/20/19,5/31/23,,,
2848,Job,Wortman,jwortman2848@example.org,Wortman2848@kuromaku-u.org,M,1/15/01,2023,2023,AFR,COM,CHE,970-111-6847,928-555-0121,2848.png,f,8/20/19,5/31/23,,,
2849,Leticia,Peddar,lpeddar2849@example.org,Peddar2849@kuromaku-u.org,F,8/8/01,2023,2023,ASN,CIV,NUC,970-111-6848,251-555-0156,2849.png,f,8/20/19,5/31/23,,,
2850,Bette-ann,Bogaert,bbogaert2850@example.com,Bogaert2850@kuromaku-u.org,F,9/28/01,2023,2023,HSP,ENG,UND,970-111-6849,909-555-0104,2850.png,f,8/20/19,5/31/23,,,
2851,Ruth,Rowter,rrowter2851@example.com,Rowter2851@kuromaku-u.org,F,7/8/01,2023,2023,WHT,MAN,UND,970-111-6850,336-555-0155,2851.png,f,8/20/19,5/31/23,,,
2852,Wolfy,Kevlin,wkevlin2852@example.com,Kevlin2852@kuromaku-u.org,F,8/24/01,2023,2023,HSP,CHE,UND,970-111-6851,361-555-0176,2852.png,f,8/20/19,5/31/23,,,
2853,Lavinia,Haton,lhaton2853@example.org,Haton2853@kuromaku-u.org,M,9/25/01,2023,2023,ASN,COM,UND,970-111-6852,806-555-0144,2853.png,f,8/20/19,5/31/23,,,
2854,Allister,Fleischmann,afleischmann2854@example.org,Fleischmann2854@kuromaku-u.org,M,11/8/01,2023,2023,HSP,ENG,UND,970-111-6853,217-555-0113,2854.png,f,8/20/19,5/31/23,,,
2855,Cloris,Balogh,cbalogh2855@example.com,Balogh2855@kuromaku-u.org,F,2/17/01,2023,2023,AFR,MAN,MAT,970-111-6854,352-555-0147,2855.png,f,8/20/19,5/31/23,,,
2856,Kevon,Blackmoor,kblackmoor2856@example.net,Blackmoor2856@kuromaku-u.org,M,7/13/01,2023,2023,ASN,COM,UND,970-111-6855,571-555-0132,2856.png,f,8/20/19,5/31/23,,,
2857,Travus,Goodbarne,tgoodbarne2857@example.org,Goodbarne2857@kuromaku-u.org,F,11/23/01,2023,2023,AFR,ENG,NUC,970-111-6856,314-555-0159,2857.png,f,8/20/19,5/31/23,,,
2858,Guendolen,Wistance,gwistance2858@example.net,Wistance2858@kuromaku-u.org,M,8/19/01,2023,2023,HSP,MEC,MAN,970-111-6857,213-555-0138,2858.png,f,8/20/19,5/31/23,,,
2859,Mattie,Kochel,mkochel2859@example.org,Kochel2859@kuromaku-u.org,M,9/27/01,2023,2023,ASN,CHE,MAT,970-111-6858,509-555-0189,2859.png,f,8/20/19,5/31/23,,,
2860,Stillman,Worvill,sworvill2860@example.com,Worvill2860@kuromaku-u.org,M,1/26/01,2023,2023,WHT,MAN,UND,970-111-6859,202-555-0123,2860.png,f,8/20/19,5/31/23,,,
2861,Granthem,Benka,gbenka2861@example.org,Benka2861@kuromaku-u.org,M,11/13/01,2023,2023,ASN,MAN,UND,970-111-6860,240-555-0156,2861.png,f,8/20/19,5/31/23,,,
2862,Camilla,Omond,comond2862@example.net,Omond2862@kuromaku-u.org,F,7/16/01,2023,2023,HSP,COM,UND,970-111-6861,918-555-0103,2862.png,f,8/20/19,5/31/23,,,
2863,Maddie,Oughtright,moughtright2863@example.net,Oughtright2863@kuromaku-u.org,M,7/18/01,2023,2023,HSP,COM,UND,970-111-6862,816-555-0126,2863.png,f,8/20/19,5/31/23,,,
2864,Zolly,Ackermann,zackermann2864@example.org,Ackermann2864@kuromaku-u.org,F,2/5/01,2023,2023,WHT,NUC,UND,970-111-6863,651-555-0103,2864.png,f,8/20/19,5/31/23,,,
2865,Clea,Veillard,cveillard2865@example.org,Veillard2865@kuromaku-u.org,M,12/2/01,2023,2023,ASN,COM,UND,970-111-6864,251-555-0129,2865.png,f,8/20/19,5/31/23,,,
2866,Jedd,Seargeant,jseargeant2866@example.com,Seargeant2866@kuromaku-u.org,F,2/28/01,2023,2023,HSP,AER,CIV,970-111-6865,501-555-0171,2866.png,f,8/20/19,5/31/23,,,
2867,Frederik,Comazzo,fcomazzo2867@example.com,Comazzo2867@kuromaku-u.org,M,1/18/01,2023,2023,WHT,CIV,CHE,970-111-6866,714-555-0139,2867.png,f,8/20/19,5/31/23,,,
2868,Loella,O'Doherty,lodoherty2868@example.com,O'Doherty2868@kuromaku-u.org,M,1/2/01,2023,2023,HSP,MAN,UND,970-111-6867,802-555-0125,2868.png,f,8/20/19,5/31/23,,,
2869,Mata,Fazackerley,mfazackerley2869@example.com,Fazackerley2869@kuromaku-u.org,M,7/18/01,2023,2023,AFR,MAT,CHE,970-111-6868,651-555-0163,2869.png,f,8/20/19,5/31/23,,,
2870,Albie,Hagland,ahagland2870@example.net,Hagland2870@kuromaku-u.org,M,9/24/01,2023,2023,ASN,MAT,UND,970-111-6869,212-555-0176,2870.png,f,8/20/19,5/31/23,,,
2871,Stearn,Tindley,stindley2871@example.org,Tindley2871@kuromaku-u.org,M,7/16/01,2023,2023,ASN,NUC,CIV,970-111-6870,859-555-0116,2871.png,f,8/20/19,5/31/23,,,
2872,Orlando,Reicherz,oreicherz2872@example.net,Reicherz2872@kuromaku-u.org,M,3/12/01,2023,2023,ASN,COM,MEC,970-111-6871,210-555-0139,2872.png,f,8/20/19,5/31/23,,,
2873,Bathsheba,Best,bbest2873@example.net,Best2873@kuromaku-u.org,F,3/21/01,2023,2023,HSP,MAN,UND,970-111-6872,904-555-0179,2873.png,f,8/20/19,5/31/23,,,
2874,Coretta,Wadly,cwadly2874@example.com,Wadly2874@kuromaku-u.org,F,10/7/01,2023,2023,WHT,CIV,COM,970-111-6873,410-555-0170,2874.png,f,8/20/19,5/31/23,,,
2875,Nessi,Meth,nmeth2875@example.net,Meth2875@kuromaku-u.org,M,3/22/01,2023,2023,HSP,MEC,UND,970-111-6874,512-555-0157,2875.png,f,8/20/19,5/31/23,,,
2876,Beckie,Sappson,bsappson2876@example.com,Sappson2876@kuromaku-u.org,M,8/20/01,2023,2023,HSP,MAN,UND,970-111-6875,956-555-0147,2876.png,f,8/20/19,5/31/23,,,
2877,Jules,Faulds,jfaulds2877@example.org,Faulds2877@kuromaku-u.org,F,6/25/01,2023,2023,AFR,ENG,UND,970-111-6876,508-555-0131,2877.png,f,8/20/19,5/31/23,,,
2878,Willard,Sudell,wsudell2878@example.com,Sudell2878@kuromaku-u.org,M,10/16/01,2023,2023,HSP,CIV,UND,970-111-6877,971-555-0198,2878.png,f,8/20/19,5/31/23,,,
2879,Raffaello,Trice,rtrice2879@example.net,Trice2879@kuromaku-u.org,F,11/11/01,2023,2023,WHT,ENG,CHE,970-111-6878,432-555-0174,2879.png,f,8/20/19,5/31/23,,,
2880,Verena,Vasyukhin,vvasyukhin2880@example.org,Vasyukhin2880@kuromaku-u.org,F,11/15/01,2023,2023,AFR,CIV,UND,970-111-6879,336-555-0158,2880.png,f,8/20/19,5/31/23,,,
2881,Avery,Reuben,areuben2881@example.com,Reuben2881@kuromaku-u.org,M,5/4/01,2023,2023,WHT,MEC,UND,970-111-6880,813-555-0191,2881.png,f,8/20/19,5/31/23,,,
2882,Maryjo,Poytheras,mpoytheras2882@example.org,Poytheras2882@kuromaku-u.org,F,10/23/01,2023,2023,ASN,NUC,ENG,970-111-6881,770-555-0130,2882.png,f,8/20/19,5/31/23,,,
2883,Rosamund,Philipeau,rphilipeau2883@example.com,Philipeau2883@kuromaku-u.org,M,2/5/01,2023,2023,ASN,CIV,ENG,970-111-6882,719-555-0178,2883.png,f,8/20/19,5/31/23,,,
2884,Janaye,Farrant,jfarrant2884@example.org,Farrant2884@kuromaku-u.org,M,5/19/01,2023,2023,WHT,CHE,UND,970-111-6883,612-555-0102,2884.png,f,8/20/19,5/31/23,,,
2885,Terence,Dillingstone,tdillingstone2885@example.org,Dillingstone2885@kuromaku-u.org,F,7/22/01,2023,2023,ASN,MEC,UND,970-111-6884,724-555-0161,2885.png,f,8/20/19,5/31/23,,,
2886,Alidia,Malling,amalling2886@example.com,Malling2886@kuromaku-u.org,F,7/15/01,2023,2023,WHT,MAT,UND,970-111-6885,918-555-0153,2886.png,f,8/20/19,5/31/23,,,
2887,Teddie,Livingston,tlivingston2887@example.net,Livingston2887@kuromaku-u.org,M,4/16/01,2023,2023,HSP,NUC,UND,970-111-6886,510-555-0198,2887.png,f,8/20/19,5/31/23,,,
2888,Gibbie,Antonutti,gantonutti2888@example.com,Antonutti2888@kuromaku-u.org,M,10/12/01,2023,2023,AFR,MAN,UND,970-111-6887,360-555-0162,2888.png,f,8/20/19,5/31/23,,,
2889,Adelice,Klain,aklain2889@example.com,Klain2889@kuromaku-u.org,M,12/22/01,2023,2023,AFR,CHE,AER,970-111-6888,406-555-0104,2889.png,f,8/20/19,5/31/23,,,
2890,Winifield,Demageard,wdemageard2890@example.org,Demageard2890@kuromaku-u.org,M,1/25/01,2023,2023,ASN,NUC,UND,970-111-6889,512-555-0156,2890.png,f,8/20/19,5/31/23,,,
2891,Erhard,Stockbridge,estockbridge2891@example.org,Stockbridge2891@kuromaku-u.org,F,1/21/01,2023,2023,WHT,CHE,UND,970-111-6890,312-555-0194,2891.png,f,8/20/19,5/31/23,,,
2892,Vilma,Klain,vklain2892@example.org,Klain2892@kuromaku-u.org,F,5/9/01,2023,2023,AFR,NUC,UND,970-111-6891,704-555-0157,2892.png,f,8/20/19,5/31/23,,,
2893,Alida,Ratray,aratray2893@example.org,Ratray2893@kuromaku-u.org,M,11/12/01,2023,2023,ASN,MEC,UND,970-111-6892,336-555-0199,2893.png,f,8/20/19,5/31/23,,,
2894,Kristyn,Fearnyough,kfearnyough2894@example.org,Fearnyough2894@kuromaku-u.org,M,11/12/01,2023,2023,WHT,CHE,UND,970-111-6893,619-555-0104,2894.png,f,8/20/19,5/31/23,,,
2895,Guendolen,Kerrigan,gkerrigan2895@example.org,Kerrigan2895@kuromaku-u.org,F,1/9/01,2023,2023,ASN,MAN,UND,970-111-6894,661-555-0112,2895.png,f,8/20/19,5/31/23,,,
2896,Michele,Pedgrift,mpedgrift2896@example.org,Pedgrift2896@kuromaku-u.org,M,12/24/01,2023,2023,HSP,AER,UND,970-111-6895,559-555-0131,2896.png,f,8/20/19,5/31/23,,,
2897,Euell,Hudd,ehudd2897@example.org,Hudd2897@kuromaku-u.org,F,7/19/01,2023,2023,HSP,MAT,UND,970-111-6896,502-555-0171,2897.png,f,8/20/19,5/31/23,,,
2898,Adeline,Gullefant,agullefant2898@example.org,Gullefant2898@kuromaku-u.org,M,4/24/01,2023,2023,WHT,NUC,CIV,970-111-6897,817-555-0116,2898.png,f,8/20/19,5/31/23,,,
2899,Bekki,Lillee,blillee2899@example.net,Lillee2899@kuromaku-u.org,F,1/21/01,2023,2023,ASN,MEC,UND,970-111-6898,606-555-0142,2899.png,f,8/20/19,5/31/23,,,
2900,Kalvin,Wych,kwych2900@example.net,Wych2900@kuromaku-u.org,F,2/12/01,2023,2023,WHT,CHE,UND,970-111-6899,304-555-0120,2900.png,f,8/20/19,5/31/23,,,
2901,Elnora,Dillon,edillon2901@example.com,Dillon2901@kuromaku-u.org,M,10/9/01,2023,2023,AFR,MAT,UND,970-111-6900,209-555-0141,2901.png,f,8/20/19,5/31/23,,,
2902,Goldia,Cornewell,gcornewell2902@example.net,Cornewell2902@kuromaku-u.org,F,7/8/01,2023,2023,ASN,CIV,MAN,970-111-6901,202-555-0112,2902.png,f,8/20/19,5/31/23,,,
2903,Steve,Giacoppoli,sgiacoppoli2903@example.com,Giacoppoli2903@kuromaku-u.org,M,6/19/01,2023,2023,HSP,ENG,UND,970-111-6902,415-555-0194,2903.png,f,8/20/19,5/31/23,,,
2904,Cathe,Gullefant,cgullefant2904@example.net,Gullefant2904@kuromaku-u.org,F,12/8/01,2023,2023,ASN,CIV,UND,970-111-6903,405-555-0127,2904.png,f,8/20/19,5/31/23,,,
2905,Rainer,Tocque,rtocque2905@example.net,Tocque2905@kuromaku-u.org,F,11/27/01,2023,2023,ASN,CHE,UND,970-111-6904,508-555-0127,2905.png,f,8/20/19,5/31/23,,,
2906,Porter,Ditt,pditt2906@example.org,Ditt2906@kuromaku-u.org,F,11/15/01,2023,2023,WHT,AER,MAN,970-111-6905,626-555-0119,2906.png,f,8/20/19,5/31/23,,,
2907,Valida,Doughtery,vdoughtery2907@example.net,Doughtery2907@kuromaku-u.org,M,11/18/01,2023,2023,AFR,CIV,UND,970-111-6906,513-555-0134,2907.png,f,8/20/19,5/31/23,,,
2908,Dav,Jaimez,djaimez2908@example.net,Jaimez2908@kuromaku-u.org,F,2/12/01,2023,2023,WHT,AER,UND,970-111-6907,513-555-0102,2908.png,f,8/20/19,5/31/23,,,
2909,Erskine,Balchen,ebalchen2909@example.com,Balchen2909@kuromaku-u.org,M,11/27/01,2023,2023,HSP,MAT,UND,970-111-6908,269-555-0162,2909.png,f,8/20/19,5/31/23,,,
2910,Arabel,Wadly,awadly2910@example.com,Wadly2910@kuromaku-u.org,M,7/24/01,2023,2023,WHT,AER,UND,970-111-6909,405-555-0111,2910.png,f,8/20/19,5/31/23,,,
2911,Carolynn,Tetlow,ctetlow2911@example.net,Tetlow2911@kuromaku-u.org,M,4/20/01,2023,2023,ASN,AER,COM,970-111-6910,603-555-0199,2911.png,f,8/20/19,5/31/23,,,
2912,Anjela,Barthelet,abarthelet2912@example.com,Barthelet2912@kuromaku-u.org,F,2/20/01,2023,2023,ASN,AER,UND,970-111-6911,205-555-0113,2912.png,f,8/20/19,5/31/23,,,
2913,Bev,Snelman,bsnelman2913@example.net,Snelman2913@kuromaku-u.org,F,10/15/01,2023,2023,ASN,NUC,UND,970-111-6912,225-555-0161,2913.png,f,8/20/19,5/31/23,,,
2914,Hermia,Claiden,hclaiden2914@example.org,Claiden2914@kuromaku-u.org,M,12/6/01,2023,2023,HSP,COM,UND,970-111-6913,360-555-0149,2914.png,f,8/20/19,5/31/23,,,
2915,Clay,Purser,cpurser2915@example.org,Purser2915@kuromaku-u.org,M,9/9/01,2023,2023,ASN,MAT,UND,970-111-6914,559-555-0101,2915.png,f,8/20/19,5/31/23,,,
2916,Noam,Sperski,nsperski2916@example.com,Sperski2916@kuromaku-u.org,F,6/24/01,2023,2023,AFR,AER,UND,970-111-6915,651-555-0156,2916.png,f,8/20/19,5/31/23,,,
2917,Georgiana,Yushankin,gyushankin2917@example.org,Yushankin2917@kuromaku-u.org,M,10/12/01,2023,2023,ASN,COM,UND,970-111-6916,650-555-0120,2917.png,f,8/20/19,5/31/23,,,
2918,Colet,Bartlam,cbartlam2918@example.com,Bartlam2918@kuromaku-u.org,F,10/14/01,2023,2023,ASN,NUC,UND,970-111-6917,850-555-0133,2918.png,f,8/20/19,5/31/23,,,
2919,Mikkel,O'Doherty,modoherty2919@example.org,O'Doherty2919@kuromaku-u.org,M,2/21/01,2023,2023,AFR,MAT,MEC,970-111-6918,571-555-0112,2919.png,f,8/20/19,5/31/23,,,
2920,Dare,Parcells,dparcells2920@example.org,Parcells2920@kuromaku-u.org,M,9/26/01,2023,2023,HSP,CHE,UND,970-111-6919,214-555-0128,2920.png,f,8/20/19,5/31/23,,,
2921,Marie-jeanne,Macellar,mmacellar2921@example.com,Macellar2921@kuromaku-u.org,M,8/16/01,2023,2023,ASN,AER,COM,970-111-6920,513-555-0197,2921.png,f,8/20/19,5/31/23,,,
2922,Philis,Timpany,ptimpany2922@example.net,Timpany2922@kuromaku-u.org,M,2/22/01,2023,2023,WHT,MEC,UND,970-111-6921,805-555-0161,2922.png,f,8/20/19,5/31/23,,,
2923,Dina,Ratt,dratt2923@example.com,Ratt2923@kuromaku-u.org,F,5/18/01,2023,2023,HSP,COM,UND,970-111-6922,971-555-0148,2923.png,f,8/20/19,5/31/23,,,
2924,Teriann,Buist,tbuist2924@example.com,Buist2924@kuromaku-u.org,M,3/13/01,2023,2023,ASN,ENG,NUC,970-111-6923,479-555-0196,2924.png,f,8/20/19,5/31/23,,,
2925,Mona,Fedorchenko,mfedorchenko2925@example.net,Fedorchenko2925@kuromaku-u.org,M,6/18/01,2023,2023,AFR,ENG,MEC,970-111-6924,303-555-0149,2925.png,f,8/20/19,5/31/23,,,
2926,Lanny,Biasioni,lbiasioni2926@example.net,Biasioni2926@kuromaku-u.org,M,7/4/01,2023,2023,WHT,CHE,UND,970-111-6925,336-555-0178,2926.png,f,8/20/19,5/31/23,,,
2927,Steward,Lacky,slacky2927@example.org,Lacky2927@kuromaku-u.org,M,6/24/01,2023,2023,AFR,NUC,UND,970-111-6926,770-555-0199,2927.png,f,8/20/19,5/31/23,,,
2928,Beau,Quarlis,bquarlis2928@example.org,Quarlis2928@kuromaku-u.org,M,8/1/01,2023,2023,ASN,ENG,UND,970-111-6927,505-555-0129,2928.png,f,8/20/19,5/31/23,,,
2929,Carling,Hubbocks,chubbocks2929@example.net,Hubbocks2929@kuromaku-u.org,M,5/22/01,2023,2023,ASN,AER,UND,970-111-6928,714-555-0101,2929.png,f,8/20/19,5/31/23,,,
2930,Steward,Mertsching,smertsching2930@example.com,Mertsching2930@kuromaku-u.org,M,1/24/01,2023,2023,WHT,MAN,UND,970-111-6929,360-555-0179,2930.png,f,8/20/19,5/31/23,,,
2931,Garek,Strike,gstrike2931@example.com,Strike2931@kuromaku-u.org,M,4/8/01,2023,2023,HSP,MAT,AER,970-111-6930,651-555-0198,2931.png,f,8/20/19,5/31/23,,,
2932,Cleavland,Shenton,cshenton2932@example.net,Shenton2932@kuromaku-u.org,F,7/23/01,2023,2023,HSP,MEC,MAN,970-111-6931,914-555-0188,2932.png,f,8/20/19,5/31/23,,,
2933,Issi,Andrzejczak,iandrzejczak2933@example.com,Andrzejczak2933@kuromaku-u.org,M,11/7/01,2023,2023,HSP,COM,UND,970-111-6932,559-555-0161,2933.png,f,8/20/19,5/31/23,,,
2934,Baird,Pitcaithly,bpitcaithly2934@example.net,Pitcaithly2934@kuromaku-u.org,M,3/17/01,2023,2023,WHT,CIV,MAN,970-111-6933,661-555-0146,2934.png,f,8/20/19,5/31/23,,,
2935,Ransom,Satcher,rsatcher2935@example.com,Satcher2935@kuromaku-u.org,M,7/14/01,2023,2023,WHT,ENG,AER,970-111-6934,612-555-0159,2935.png,f,8/20/19,5/31/23,,,
2936,Cleavland,Brandacci,cbrandacci2936@example.com,Brandacci2936@kuromaku-u.org,M,8/15/01,2023,2023,HSP,CIV,COM,970-111-6935,208-555-0136,2936.png,f,8/20/19,5/31/23,,,
2937,Mead,Ackerman,mackerman2937@example.com,Ackerman2937@kuromaku-u.org,M,3/6/01,2023,2023,ASN,MAT,UND,970-111-6936,813-555-0173,2937.png,f,8/20/19,5/31/23,,,
2938,Beckie,Dykas,bdykas2938@example.net,Dykas2938@kuromaku-u.org,F,12/26/01,2023,2023,HSP,COM,MAN,970-111-6937,818-555-0139,2938.png,f,8/20/19,5/31/23,,,
2939,Berty,Ellis,bellis2939@example.org,Ellis2939@kuromaku-u.org,F,12/15/01,2023,2023,WHT,ENG,MAN,970-111-6938,254-555-0144,2939.png,f,8/20/19,5/31/23,,,
2940,Mona,Sarsfield,msarsfield2940@example.com,Sarsfield2940@kuromaku-u.org,F,4/24/01,2023,2023,AFR,AER,MAN,970-111-6939,212-555-0146,2940.png,f,8/20/19,5/31/23,,,
2941,Julina,MacLoughlin,jmacloughlin2941@example.com,MacLoughlin2941@kuromaku-u.org,M,1/20/01,2023,2023,WHT,CHE,MEC,970-111-6940,831-555-0148,2941.png,f,8/20/19,5/31/23,,,
2942,Georgiana,Ketch,gketch2942@example.com,Ketch2942@kuromaku-u.org,F,7/8/01,2023,2023,AFR,CIV,MAN,970-111-6941,520-555-0107,2942.png,f,8/20/19,5/31/23,,,
2943,Hi,Omond,homond2943@example.com,Omond2943@kuromaku-u.org,F,5/20/01,2023,2023,ASN,NUC,UND,970-111-6942,801-555-0189,2943.png,f,8/20/19,5/31/23,,,
2944,Harrietta,Potbury,hpotbury2944@example.net,Potbury2944@kuromaku-u.org,M,11/4/01,2023,2023,WHT,ENG,UND,970-111-6943,281-555-0130,2944.png,f,8/20/19,5/31/23,,,
2945,Hugibert,Cochran,hcochran2945@example.net,Cochran2945@kuromaku-u.org,F,1/17/01,2023,2023,AFR,ENG,NUC,970-111-6944,334-555-0108,2945.png,f,8/20/19,5/31/23,,,
2946,Georges,Padell,gpadell2946@example.net,Padell2946@kuromaku-u.org,M,4/14/01,2023,2023,ASN,COM,UND,970-111-6945,814-555-0125,2946.png,f,8/20/19,5/31/23,,,
2947,Harwell,Rudinger,hrudinger2947@example.com,Rudinger2947@kuromaku-u.org,F,1/6/01,2023,2023,WHT,NUC,UND,970-111-6946,309-555-0199,2947.png,f,8/20/19,5/31/23,,,
2948,Astrix,MacLardie,amaclardie2948@example.org,MacLardie2948@kuromaku-u.org,M,1/19/01,2023,2023,WHT,AER,UND,970-111-6947,202-555-0180,2948.png,f,8/20/19,5/31/23,,,
2949,Lou,Halsey,lhalsey2949@example.org,Halsey2949@kuromaku-u.org,M,8/21/01,2023,2023,AFR,CIV,UND,970-111-6948,815-555-0134,2949.png,f,8/20/19,5/31/23,,,
2950,Nananne,Grocutt,ngrocutt2950@example.net,Grocutt2950@kuromaku-u.org,F,8/4/01,2023,2023,HSP,COM,UND,970-111-6949,202-555-0154,2950.png,f,8/20/19,5/31/23,,,
2951,Polly,Battell,pbattell2951@example.net,Battell2951@kuromaku-u.org,F,12/28/01,2023,2023,AFR,CIV,UND,970-111-6950,406-555-0119,2951.png,f,8/20/19,5/31/23,,,
2952,Viva,McElwee,vmcelwee2952@example.com,McElwee2952@kuromaku-u.org,F,10/4/01,2023,2023,ASN,CIV,UND,970-111-6951,559-555-0143,2952.png,f,8/20/19,5/31/23,,,
2953,Tristan,Calverd,tcalverd2953@example.net,Calverd2953@kuromaku-u.org,F,12/4/01,2023,2023,WHT,CIV,MAT,970-111-6952,570-555-0175,2953.png,f,8/20/19,5/31/23,,,
2954,Lion,Jee,ljee2954@example.com,Jee2954@kuromaku-u.org,F,7/2/01,2023,2023,ASN,NUC,UND,970-111-6953,786-555-0143,2954.png,f,8/20/19,5/31/23,,,
2955,Lanny,Rustich,lrustich2955@example.com,Rustich2955@kuromaku-u.org,M,10/28/01,2023,2023,ASN,MAN,CIV,970-111-6954,314-555-0168,2955.png,f,8/20/19,5/31/23,,,
2956,Desmund,Grebner,dgrebner2956@example.com,Grebner2956@kuromaku-u.org,M,5/9/01,2023,2023,AFR,CIV,UND,970-111-6955,305-555-0117,2956.png,f,8/20/19,5/31/23,,,
2957,Aliza,Bartlam,abartlam2957@example.org,Bartlam2957@kuromaku-u.org,F,4/9/01,2023,2023,WHT,ENG,UND,970-111-6956,920-555-0126,2957.png,f,8/20/19,5/31/23,,,
2958,Mady,Eustice,meustice2958@example.org,Eustice2958@kuromaku-u.org,F,5/2/01,2023,2023,ASN,AER,COM,970-111-6957,262-555-0160,2958.png,f,8/20/19,5/31/23,,,
2959,Lanny,Bourget,lbourget2959@example.net,Bourget2959@kuromaku-u.org,M,4/18/01,2023,2023,WHT,MEC,UND,970-111-6958,202-555-0111,2959.png,f,8/20/19,5/31/23,,,
2960,Hi,Philipsen,hphilipsen2960@example.net,Philipsen2960@kuromaku-u.org,F,8/4/01,2023,2023,HSP,MEC,CIV,970-111-6959,214-555-0195,2960.png,f,8/20/19,5/31/23,,,
2961,Rhoda,Bromehed,rbromehed2961@example.com,Bromehed2961@kuromaku-u.org,M,7/5/01,2023,2023,HSP,CHE,UND,970-111-6960,608-555-0127,2961.png,f,8/20/19,5/31/23,,,
2962,Cort,Volante,cvolante2962@example.com,Volante2962@kuromaku-u.org,F,9/26/01,2023,2023,ASN,CIV,UND,970-111-6961,904-555-0158,2962.png,f,8/20/19,5/31/23,,,
2963,Desmund,Hens,dhens2963@example.net,Hens2963@kuromaku-u.org,M,10/16/01,2023,2023,WHT,CHE,MEC,970-111-6962,309-555-0112,2963.png,f,8/20/19,5/31/23,,,
2964,Nona,Ellis,nellis2964@example.net,Ellis2964@kuromaku-u.org,F,8/3/01,2023,2023,AFR,AER,MEC,970-111-6963,314-555-0147,2964.png,f,8/20/19,5/31/23,,,
2965,Stanleigh,Clewer,sclewer2965@example.net,Clewer2965@kuromaku-u.org,M,5/7/01,2023,2023,AFR,AER,UND,970-111-6964,323-555-0102,2965.png,f,8/20/19,5/31/23,,,
2966,Jerome,Stoade,jstoade2966@example.net,Stoade2966@kuromaku-u.org,M,6/3/01,2023,2023,AFR,MEC,UND,970-111-6965,915-555-0154,2966.png,f,8/20/19,5/31/23,,,
2967,Cathe,Harrell,charrell2967@example.net,Harrell2967@kuromaku-u.org,M,8/13/01,2023,2023,AFR,NUC,UND,970-111-6966,941-555-0188,2967.png,f,8/20/19,5/31/23,,,
2968,Greg,Babonau,gbabonau2968@example.com,Babonau2968@kuromaku-u.org,F,10/3/01,2023,2023,AFR,MAT,UND,970-111-6967,407-555-0110,2968.png,f,8/20/19,5/31/23,,,
2969,Ariela,Sevitt,asevitt2969@example.org,Sevitt2969@kuromaku-u.org,M,10/12/01,2023,2023,AFR,CIV,UND,970-111-6968,786-555-0181,2969.png,f,8/20/19,5/31/23,,,
2970,Madelaine,Livingston,mlivingston2970@example.net,Livingston2970@kuromaku-u.org,M,5/19/01,2023,2023,HSP,MEC,UND,970-111-6969,202-555-0156,2970.png,f,8/20/19,5/31/23,,,
2971,Tyrone,Holby,tholby2971@example.com,Holby2971@kuromaku-u.org,F,6/22/01,2023,2023,AFR,ENG,UND,970-111-6970,904-555-0121,2971.png,f,8/20/19,5/31/23,,,
2972,Bobbye,Fannon,bfannon2972@example.com,Fannon2972@kuromaku-u.org,M,9/7/01,2023,2023,ASN,CIV,CHE,970-111-6971,864-555-0186,2972.png,f,8/20/19,5/31/23,,,
2973,Son,Atwill,satwill2973@example.com,Atwill2973@kuromaku-u.org,F,11/5/01,2023,2023,AFR,MEC,UND,970-111-6972,918-555-0149,2973.png,f,8/20/19,5/31/23,,,
2974,Bobbie,Achurch,bachurch2974@example.org,Achurch2974@kuromaku-u.org,M,11/18/01,2023,2023,ASN,CHE,UND,970-111-6973,301-555-0116,2974.png,f,8/20/19,5/31/23,,,
2975,Ludwig,Iacopini,liacopini2975@example.net,Iacopini2975@kuromaku-u.org,F,4/6/01,2023,2023,ASN,CIV,UND,970-111-6974,512-555-0189,2975.png,f,8/20/19,5/31/23,,,
2976,Selma,Ridde,sridde2976@example.com,Ridde2976@kuromaku-u.org,M,10/14/01,2023,2023,WHT,MAN,UND,970-111-6975,702-555-0123,2976.png,f,8/20/19,5/31/23,,,
2977,Jimmy,Lardeur,jlardeur2977@example.net,Lardeur2977@kuromaku-u.org,F,5/23/01,2023,2023,WHT,CIV,UND,970-111-6976,317-555-0148,2977.png,f,8/20/19,5/31/23,,,
2978,Taddeusz,Revie,trevie2978@example.org,Revie2978@kuromaku-u.org,F,4/2/01,2023,2023,ASN,ENG,UND,970-111-6977,724-555-0194,2978.png,f,8/20/19,5/31/23,,,
2979,Marcus,Dillon,mdillon2979@example.org,Dillon2979@kuromaku-u.org,M,7/27/01,2023,2023,AFR,MAT,UND,970-111-6978,816-555-0158,2979.png,f,8/20/19,5/31/23,,,
2980,Carlyn,Able,cable2980@example.com,Able2980@kuromaku-u.org,M,3/26/01,2023,2023,ASN,CIV,UND,970-111-6979,918-555-0143,2980.png,f,8/20/19,5/31/23,,,
2981,Basil,Francescuzzi,bfrancescuzzi2981@example.org,Francescuzzi2981@kuromaku-u.org,F,11/22/01,2023,2023,AFR,MAN,CHE,970-111-6980,234-555-0173,2981.png,f,8/20/19,5/31/23,,,
2982,Viva,Giacoppoli,vgiacoppoli2982@example.org,Giacoppoli2982@kuromaku-u.org,M,10/3/01,2023,2023,WHT,CIV,UND,970-111-6981,517-555-0183,2982.png,f,8/20/19,5/31/23,,,
2983,Hube,Whitwell,hwhitwell2983@example.com,Whitwell2983@kuromaku-u.org,F,9/11/01,2023,2023,AFR,MEC,ENG,970-111-6982,304-555-0185,2983.png,f,8/20/19,5/31/23,,,
2984,Con,Turnell,cturnell2984@example.org,Turnell2984@kuromaku-u.org,M,5/10/01,2023,2023,AFR,AER,UND,970-111-6983,202-555-0192,2984.png,f,8/20/19,5/31/23,,,
2985,Eleanore,Whitehorne,ewhitehorne2985@example.org,Whitehorne2985@kuromaku-u.org,F,4/18/01,2023,2023,AFR,MAT,UND,970-111-6984,914-555-0160,2985.png,f,8/20/19,5/31/23,,,
2986,Mile,McElwee,mmcelwee2986@example.com,McElwee2986@kuromaku-u.org,F,5/21/01,2023,2023,HSP,CHE,UND,970-111-6985,918-555-0126,2986.png,f,8/20/19,5/31/23,,,
2987,Osbourne,Macbane,omacbane2987@example.net,Macbane2987@kuromaku-u.org,F,2/28/01,2023,2023,WHT,MAT,UND,970-111-6986,727-555-0162,2987.png,f,8/20/19,5/31/23,,,
2988,Lona,Koubu,lkoubu2988@example.org,Koubu2988@kuromaku-u.org,F,3/26/01,2023,2023,ASN,MEC,UND,970-111-6987,305-555-0165,2988.png,f,8/20/19,5/31/23,,,
2989,Lorri,Zellmer,lzellmer2989@example.org,Zellmer2989@kuromaku-u.org,F,1/19/01,2023,2023,ASN,NUC,UND,970-111-6988,859-555-0193,2989.png,f,8/20/19,5/31/23,,,
2990,Ariela,Portsmouth,aportsmouth2990@example.org,Portsmouth2990@kuromaku-u.org,F,2/18/01,2023,2023,HSP,ENG,UND,970-111-6989,302-555-0142,2990.png,f,8/20/19,5/31/23,,,
2991,Travus,Bryce,tbryce2991@example.net,Bryce2991@kuromaku-u.org,M,8/4/01,2023,2023,ASN,MEC,UND,970-111-6990,504-555-0194,2991.png,f,8/20/19,5/31/23,,,
2992,Everett,Luce,eluce2992@example.org,Luce2992@kuromaku-u.org,M,9/8/01,2023,2023,ASN,MEC,CHE,970-111-6991,772-555-0170,2992.png,f,8/20/19,5/31/23,,,
2993,Miranda,Reicherz,mreicherz2993@example.com,Reicherz2993@kuromaku-u.org,M,4/25/01,2023,2023,AFR,MEC,UND,970-111-6992,313-555-0197,2993.png,f,8/20/19,5/31/23,,,
2994,Bobbye,Ends,bends2994@example.org,Ends2994@kuromaku-u.org,F,12/10/01,2023,2023,HSP,ENG,UND,970-111-6993,936-555-0163,2994.png,f,8/20/19,5/31/23,,,
2995,Melisse,Dawtrey,mdawtrey2995@example.org,Dawtrey2995@kuromaku-u.org,M,10/19/01,2023,2023,ASN,MAN,UND,970-111-6994,505-555-0192,2995.png,f,8/20/19,5/31/23,,,
2996,My,Duplain,mduplain2996@example.org,Duplain2996@kuromaku-u.org,M,4/2/01,2023,2023,AFR,CHE,UND,970-111-6995,801-555-0107,2996.png,f,8/20/19,5/31/23,,,
2997,Denys,Howley,dhowley2997@example.org,Howley2997@kuromaku-u.org,M,9/2/01,2023,2023,WHT,CHE,UND,970-111-6996,785-555-0154,2997.png,f,8/20/19,5/31/23,,,
2998,Winslow,Purser,wpurser2998@example.com,Purser2998@kuromaku-u.org,M,11/11/01,2023,2023,AFR,CHE,MEC,970-111-6997,360-555-0109,2998.png,f,8/20/19,5/31/23,,,
2999,Prent,Feakins,pfeakins2999@example.net,Feakins2999@kuromaku-u.org,F,8/17/01,2023,2023,WHT,ENG,UND,970-111-6998,334-555-0143,2999.png,f,8/20/19,5/31/23,,,
3000,Koo,Rutter,krutter3000@example.net,Rutter3000@kuromaku-u.org,F,7/2/01,2023,2023,ASN,ENG,UND,970-111-6999,928-555-0190,3000.png,f,8/20/19,5/31/23,,,
3001,Editha,Pleager,epleager3001@example.org,Pleager3001@kuromaku-u.org,F,4/9/02,2024,2024,WHT,NUC,UND,970-111-7000,309-555-0162,3001.png,f,8/20/20,5/31/24,,,
3002,Raeann,Tedman,rtedman3002@example.net,Tedman3002@kuromaku-u.org,M,6/2/02,2024,2024,AFR,COM,UND,970-111-7001,619-555-0186,3002.png,f,8/20/20,5/31/24,,,
3003,Alphonse,Lillee,alillee3003@example.org,Lillee3003@kuromaku-u.org,M,4/2/02,2024,2024,HSP,CHE,MAN,970-111-7002,808-555-0135,3003.png,f,8/20/20,5/31/24,,,
3004,Terry,Baxstair,tbaxstair3004@example.org,Baxstair3004@kuromaku-u.org,F,11/12/02,2024,2024,ASN,CIV,NUC,970-111-7003,914-555-0104,3004.png,f,8/20/20,5/31/24,,,
3005,Etan,Burchall,eburchall3005@example.net,Burchall3005@kuromaku-u.org,F,12/3/02,2024,2024,WHT,CHE,UND,970-111-7004,775-555-0192,3005.png,f,8/20/20,5/31/24,,,
3006,Rolph,Shird,rshird3006@example.org,Shird3006@kuromaku-u.org,M,1/16/02,2024,2024,ASN,NUC,UND,970-111-7005,859-555-0154,3006.png,f,8/20/20,5/31/24,,,
3007,Darren,Neill,dneill3007@example.org,Neill3007@kuromaku-u.org,F,12/28/02,2024,2024,WHT,NUC,UND,970-111-7006,210-555-0168,3007.png,f,8/20/20,5/31/24,,,
3008,Sandor,Sudell,ssudell3008@example.net,Sudell3008@kuromaku-u.org,F,3/19/02,2024,2024,WHT,ENG,UND,970-111-7007,239-555-0177,3008.png,f,8/20/20,5/31/24,,,
3009,Vern,Prier,vprier3009@example.net,Prier3009@kuromaku-u.org,F,11/6/02,2024,2024,ASN,ENG,UND,970-111-7008,817-555-0109,3009.png,f,8/20/20,5/31/24,,,
3010,Raynor,Blankhorn,rblankhorn3010@example.net,Blankhorn3010@kuromaku-u.org,M,4/5/02,2024,2024,HSP,NUC,UND,970-111-7009,202-555-0193,3010.png,f,8/20/20,5/31/24,,,
3011,Wilfred,McTeggart,wmcteggart3011@example.org,McTeggart3011@kuromaku-u.org,M,5/12/02,2024,2024,AFR,CIV,UND,970-111-7010,404-555-0171,3011.png,f,8/20/20,5/31/24,,,
3012,Piotr,MacLardie,pmaclardie3012@example.net,MacLardie3012@kuromaku-u.org,M,1/12/02,2024,2024,HSP,NUC,UND,970-111-7011,785-555-0185,3012.png,f,8/20/20,5/31/24,,,
3013,Farrand,Ryles,fryles3013@example.org,Ryles3013@kuromaku-u.org,M,11/8/02,2024,2024,ASN,CHE,UND,970-111-7012,719-555-0116,3013.png,f,8/20/20,5/31/24,,,
3014,Martie,Livingston,mlivingston3014@example.com,Livingston3014@kuromaku-u.org,F,3/15/02,2024,2024,HSP,MEC,COM,970-111-7013,559-555-0192,3014.png,f,8/20/20,5/31/24,,,
3015,Shir,Hazzard,shazzard3015@example.com,Hazzard3015@kuromaku-u.org,M,7/6/02,2024,2024,AFR,COM,UND,970-111-7014,859-555-0169,3015.png,f,8/20/20,5/31/24,,,
3016,Evvie,Philipsen,ephilipsen3016@example.com,Philipsen3016@kuromaku-u.org,M,8/2/02,2024,2024,AFR,MAT,UND,970-111-7015,719-555-0166,3016.png,f,8/20/20,5/31/24,,,
3017,Oralee,Clemes,oclemes3017@example.com,Clemes3017@kuromaku-u.org,M,8/18/02,2024,2024,AFR,NUC,MEC,970-111-7016,216-555-0195,3017.png,f,8/20/20,5/31/24,,,
3018,Lise,Minshaw,lminshaw3018@example.com,Minshaw3018@kuromaku-u.org,M,3/18/02,2024,2024,WHT,CHE,ENG,970-111-7017,915-555-0107,3018.png,f,8/20/20,5/31/24,,,
3019,Rosita,Heephy,rheephy3019@example.net,Heephy3019@kuromaku-u.org,F,11/20/02,2024,2024,WHT,CIV,UND,970-111-7018,309-555-0146,3019.png,f,8/20/20,5/31/24,,,
3020,Celestyn,Mertsching,cmertsching3020@example.com,Mertsching3020@kuromaku-u.org,F,3/24/02,2024,2024,ASN,NUC,UND,970-111-7019,734-555-0160,3020.png,f,8/20/20,5/31/24,,,
3021,Pepillo,Truett,ptruett3021@example.com,Truett3021@kuromaku-u.org,F,10/8/02,2024,2024,WHT,AER,UND,970-111-7020,202-555-0100,3021.png,f,8/20/20,5/31/24,,,
3022,Augy,Tocque,atocque3022@example.org,Tocque3022@kuromaku-u.org,F,11/1/02,2024,2024,WHT,AER,UND,970-111-7021,412-555-0162,3022.png,f,8/20/20,5/31/24,,,
3023,Jackson,Shavel,jshavel3023@example.org,Shavel3023@kuromaku-u.org,M,11/20/02,2024,2024,ASN,MEC,CIV,970-111-7022,203-555-0185,3023.png,f,8/20/20,5/31/24,,,
3024,Zulema,Doughtery,zdoughtery3024@example.org,Doughtery3024@kuromaku-u.org,F,8/9/02,2024,2024,AFR,COM,AER,970-111-7023,202-555-0121,3024.png,f,8/20/20,5/31/24,,,
3025,Frannie,Bryce,fbryce3025@example.com,Bryce3025@kuromaku-u.org,M,3/2/02,2024,2024,ASN,COM,UND,970-111-7024,210-555-0153,3025.png,f,8/20/20,5/31/24,,,
3026,Emanuel,Smedmore,esmedmore3026@example.com,Smedmore3026@kuromaku-u.org,M,2/17/02,2024,2024,AFR,AER,UND,970-111-7025,818-555-0110,3026.png,f,8/20/20,5/31/24,,,
3027,Celine,Seargeant,cseargeant3027@example.com,Seargeant3027@kuromaku-u.org,M,9/25/02,2024,2024,ASN,NUC,MAT,970-111-7026,312-555-0196,3027.png,f,8/20/20,5/31/24,,,
3028,Kalindi,Kas,kkas3028@example.com,Kas3028@kuromaku-u.org,F,12/6/02,2024,2024,HSP,AER,CIV,970-111-7027,435-555-0132,3028.png,f,8/20/20,5/31/24,,,
3029,Verine,Torres,vtorres3029@example.org,Torres3029@kuromaku-u.org,M,4/21/02,2024,2024,HSP,ENG,UND,970-111-7028,858-555-0106,3029.png,f,8/20/20,5/31/24,,,
3030,Malchy,Kording,mkording3030@example.org,Kording3030@kuromaku-u.org,M,2/6/02,2024,2024,HSP,MAT,UND,970-111-7029,786-555-0167,3030.png,f,8/20/20,5/31/24,,,
3031,Mile,Groll,mgroll3031@example.org,Groll3031@kuromaku-u.org,F,10/17/02,2024,2024,WHT,NUC,UND,970-111-7030,717-555-0171,3031.png,f,8/20/20,5/31/24,,,
3032,Margery,Brunnstein,mbrunnstein3032@example.org,Brunnstein3032@kuromaku-u.org,F,1/2/02,2024,2024,ASN,AER,UND,970-111-7031,210-555-0140,3032.png,f,8/20/20,5/31/24,,,
3033,Penelope,Keld,pkeld3033@example.com,Keld3033@kuromaku-u.org,F,7/1/02,2024,2024,HSP,MAN,UND,970-111-7032,785-555-0189,3033.png,f,8/20/20,5/31/24,,,
3034,Jerry,Maberley,jmaberley3034@example.com,Maberley3034@kuromaku-u.org,M,3/15/02,2024,2024,HSP,NUC,UND,970-111-7033,512-555-0197,3034.png,f,8/20/20,5/31/24,,,
3035,Lydon,Kirmond,lkirmond3035@example.org,Kirmond3035@kuromaku-u.org,F,1/6/02,2024,2024,WHT,MEC,UND,970-111-7034,913-555-0150,3035.png,f,8/20/20,5/31/24,,,
3036,Celle,McMurthy,cmcmurthy3036@example.net,McMurthy3036@kuromaku-u.org,M,10/19/02,2024,2024,AFR,MAN,UND,970-111-7035,412-555-0152,3036.png,f,8/20/20,5/31/24,,,
3037,Granthem,Sucre,gsucre3037@example.com,Sucre3037@kuromaku-u.org,M,8/27/02,2024,2024,HSP,CHE,UND,970-111-7036,360-555-0115,3037.png,f,8/20/20,5/31/24,,,
3038,Frederik,Brunnstein,fbrunnstein3038@example.org,Brunnstein3038@kuromaku-u.org,M,3/10/02,2024,2024,HSP,NUC,ENG,970-111-7037,559-555-0195,3038.png,f,8/20/20,5/31/24,,,
3039,Wynn,Parfett,wparfett3039@example.org,Parfett3039@kuromaku-u.org,F,5/19/02,2024,2024,HSP,MEC,UND,970-111-7038,323-555-0113,3039.png,f,8/20/20,5/31/24,,,
3040,Lannie,Goodbarne,lgoodbarne3040@example.net,Goodbarne3040@kuromaku-u.org,M,6/9/02,2024,2024,AFR,MEC,UND,970-111-7039,717-555-0136,3040.png,f,8/20/20,5/31/24,,,
3041,Christophorus,Gleadhell,cgleadhell3041@example.com,Gleadhell3041@kuromaku-u.org,F,4/15/02,2024,2024,HSP,MEC,UND,970-111-7040,816-555-0150,3041.png,f,8/20/20,5/31/24,,,
3042,Haley,Dumphries,hdumphries3042@example.org,Dumphries3042@kuromaku-u.org,F,2/11/02,2024,2024,ASN,MAN,UND,970-111-7041,865-555-0169,3042.png,f,8/20/20,5/31/24,,,
3043,Mario,Klain,mklain3043@example.net,Klain3043@kuromaku-u.org,M,12/4/02,2024,2024,ASN,COM,UND,970-111-7042,617-555-0153,3043.png,f,8/20/20,5/31/24,,,
3044,Adelice,Spaice,aspaice3044@example.org,Spaice3044@kuromaku-u.org,M,7/16/02,2024,2024,HSP,CHE,UND,970-111-7043,334-555-0186,3044.png,f,8/20/20,5/31/24,,,
3045,Donny,Florence,dflorence3045@example.com,Florence3045@kuromaku-u.org,F,5/15/02,2024,2024,ASN,CHE,MAN,970-111-7044,717-555-0127,3045.png,f,8/20/20,5/31/24,,,
3046,Gibbie,Malling,gmalling3046@example.com,Malling3046@kuromaku-u.org,M,6/7/02,2024,2024,HSP,MAT,UND,970-111-7045,702-555-0138,3046.png,f,8/20/20,5/31/24,,,
3047,Mallorie,Bartoletti,mbartoletti3047@example.com,Bartoletti3047@kuromaku-u.org,M,5/24/02,2024,2024,WHT,CIV,UND,970-111-7046,952-555-0115,3047.png,f,8/20/20,5/31/24,,,
3048,Lief,Pitkins,lpitkins3048@example.net,Pitkins3048@kuromaku-u.org,M,12/15/02,2024,2024,HSP,CIV,UND,970-111-7047,702-555-0169,3048.png,f,8/20/20,5/31/24,,,
3049,Rourke,Sudworth,rsudworth3049@example.net,Sudworth3049@kuromaku-u.org,F,5/12/02,2024,2024,ASN,CIV,NUC,970-111-7048,754-555-0109,3049.png,f,8/20/20,5/31/24,,,
3050,Brenda,Cram,bcram3050@example.net,Cram3050@kuromaku-u.org,M,5/7/02,2024,2024,ASN,NUC,UND,970-111-7049,425-555-0137,3050.png,f,8/20/20,5/31/24,,,
3051,Gibb,Sporle,gsporle3051@example.net,Sporle3051@kuromaku-u.org,F,5/21/02,2024,2024,WHT,AER,UND,970-111-7050,309-555-0137,3051.png,f,8/20/20,5/31/24,,,
3052,Giavani,Wadly,gwadly3052@example.net,Wadly3052@kuromaku-u.org,M,7/12/02,2024,2024,WHT,COM,UND,970-111-7051,614-555-0132,3052.png,f,8/20/20,5/31/24,,,
3053,Marcus,Cawood,mcawood3053@example.org,Cawood3053@kuromaku-u.org,F,10/20/02,2024,2024,AFR,CHE,UND,970-111-7052,234-555-0175,3053.png,f,8/20/20,5/31/24,,,
3054,Prent,Lacky,placky3054@example.org,Lacky3054@kuromaku-u.org,F,6/6/02,2024,2024,AFR,MAN,UND,970-111-7053,512-555-0117,3054.png,f,8/20/20,5/31/24,,,
3055,Jaine,Mallabon,jmallabon3055@example.com,Mallabon3055@kuromaku-u.org,F,5/26/02,2024,2024,AFR,CHE,UND,970-111-7054,832-555-0154,3055.png,f,8/20/20,5/31/24,,,
3056,Orville,Nials,onials3056@example.org,Nials3056@kuromaku-u.org,M,8/8/02,2024,2024,ASN,CIV,MAN,970-111-7055,901-555-0102,3056.png,f,8/20/20,5/31/24,,,
3057,Mandel,Prier,mprier3057@example.com,Prier3057@kuromaku-u.org,M,9/12/02,2024,2024,WHT,CHE,UND,970-111-7056,626-555-0110,3057.png,f,8/20/20,5/31/24,,,
3058,Federico,Cadagan,fcadagan3058@example.com,Cadagan3058@kuromaku-u.org,F,7/19/02,2024,2024,AFR,MAN,UND,970-111-7057,512-555-0121,3058.png,f,8/20/20,5/31/24,,,
3059,Alfreda,Pulster,apulster3059@example.org,Pulster3059@kuromaku-u.org,M,10/20/02,2024,2024,WHT,COM,MAN,970-111-7058,509-555-0178,3059.png,f,8/20/20,5/31/24,,,
3060,Grier,Cornils,gcornils3060@example.org,Cornils3060@kuromaku-u.org,M,12/20/02,2024,2024,AFR,COM,MAT,970-111-7059,802-555-0166,3060.png,f,8/20/20,5/31/24,,,
3061,Darill,Monnoyer,dmonnoyer3061@example.com,Monnoyer3061@kuromaku-u.org,F,4/20/02,2024,2024,AFR,COM,NUC,970-111-7060,614-555-0158,3061.png,f,8/20/20,5/31/24,,,
3062,Drusy,Cainey,dcainey3062@example.com,Cainey3062@kuromaku-u.org,M,5/4/02,2024,2024,WHT,COM,UND,970-111-7061,304-555-0131,3062.png,f,8/20/20,5/31/24,,,
3063,Vail,Ahmad,vahmad3063@example.org,Ahmad3063@kuromaku-u.org,M,10/13/02,2024,2024,WHT,NUC,UND,970-111-7062,504-555-0106,3063.png,f,8/20/20,5/31/24,,,
3064,Ailey,Polglaze,apolglaze3064@example.net,Polglaze3064@kuromaku-u.org,M,7/2/02,2024,2024,HSP,ENG,UND,970-111-7063,202-555-0195,3064.png,f,8/20/20,5/31/24,,,
3065,Becki,Smaile,bsmaile3065@example.org,Smaile3065@kuromaku-u.org,F,3/10/02,2024,2024,ASN,MAT,UND,970-111-7064,502-555-0135,3065.png,f,8/20/20,5/31/24,,,
3066,Millie,Whylie,mwhylie3066@example.net,Whylie3066@kuromaku-u.org,M,6/1/02,2024,2024,ASN,ENG,AER,970-111-7065,757-555-0186,3066.png,f,8/20/20,5/31/24,,,
3067,Alano,Gathercole,agathercole3067@example.net,Gathercole3067@kuromaku-u.org,F,8/14/02,2024,2024,WHT,MAN,CHE,970-111-7066,754-555-0105,3067.png,f,8/20/20,5/31/24,,,
3068,Tiffanie,Enderwick,tenderwick3068@example.com,Enderwick3068@kuromaku-u.org,M,10/8/02,2024,2024,AFR,MAT,UND,970-111-7067,312-555-0135,3068.png,f,8/20/20,5/31/24,,,
3069,Fields,Bromwich,fbromwich3069@example.org,Bromwich3069@kuromaku-u.org,M,6/28/02,2024,2024,ASN,MEC,AER,970-111-7068,914-555-0151,3069.png,f,8/20/20,5/31/24,,,
3070,Jory,Eaves,jeaves3070@example.com,Eaves3070@kuromaku-u.org,F,5/14/02,2024,2024,WHT,MAT,NUC,970-111-7069,850-555-0175,3070.png,f,8/20/20,5/31/24,,,
3071,Gilberta,Olivie,golivie3071@example.com,Olivie3071@kuromaku-u.org,M,12/11/02,2024,2024,AFR,AER,COM,970-111-7070,502-555-0186,3071.png,f,8/20/20,5/31/24,,,
3072,Paolina,Tolfrey,ptolfrey3072@example.net,Tolfrey3072@kuromaku-u.org,M,4/11/02,2024,2024,WHT,COM,UND,970-111-7071,614-555-0107,3072.png,f,8/20/20,5/31/24,,,
3073,Althea,Abramovici,aabramovici3073@example.com,Abramovici3073@kuromaku-u.org,M,11/27/02,2024,2024,AFR,MEC,UND,970-111-7072,563-555-0133,3073.png,f,8/20/20,5/31/24,,,
3074,Charlena,Fliege,cfliege3074@example.net,Fliege3074@kuromaku-u.org,M,11/10/02,2024,2024,AFR,MEC,UND,970-111-7073,772-555-0178,3074.png,f,8/20/20,5/31/24,,,
3075,Valida,Fowls,vfowls3075@example.com,Fowls3075@kuromaku-u.org,F,4/24/02,2024,2024,ASN,MAN,MAT,970-111-7074,915-555-0165,3075.png,f,8/20/20,5/31/24,,,
3076,Penrod,Zumbusch,pzumbusch3076@example.net,Zumbusch3076@kuromaku-u.org,F,3/3/02,2024,2024,HSP,MEC,UND,970-111-7075,662-555-0101,3076.png,f,8/20/20,5/31/24,,,
3077,Jeramie,Skpsey,jskpsey3077@example.com,Skpsey3077@kuromaku-u.org,M,6/5/02,2024,2024,WHT,MEC,ENG,970-111-7076,234-555-0131,3077.png,f,8/20/20,5/31/24,,,
3078,Tedda,Agg,tagg3078@example.net,Agg3078@kuromaku-u.org,F,1/25/02,2024,2024,AFR,CHE,UND,970-111-7077,504-555-0191,3078.png,f,8/20/20,5/31/24,,,
3079,Lloyd,Cleobury,lcleobury3079@example.org,Cleobury3079@kuromaku-u.org,F,6/12/02,2024,2024,AFR,ENG,UND,970-111-7078,727-555-0159,3079.png,f,8/20/20,5/31/24,,,
3080,Sherman,Nials,snials3080@example.com,Nials3080@kuromaku-u.org,M,11/13/02,2024,2024,HSP,MAN,UND,970-111-7079,904-555-0151,3080.png,f,8/20/20,5/31/24,,,
3081,Lemar,Waddy,lwaddy3081@example.org,Waddy3081@kuromaku-u.org,M,9/22/02,2024,2024,AFR,CIV,MEC,970-111-7080,775-555-0153,3081.png,f,8/20/20,5/31/24,,,
3082,Joline,Arbon,jarbon3082@example.com,Arbon3082@kuromaku-u.org,F,3/21/02,2024,2024,WHT,CIV,UND,970-111-7081,304-555-0126,3082.png,f,8/20/20,5/31/24,,,
3083,Tristan,McColm,tmccolm3083@example.com,McColm3083@kuromaku-u.org,F,10/8/02,2024,2024,ASN,COM,UND,970-111-7082,916-555-0156,3083.png,f,8/20/20,5/31/24,,,
3084,Torrance,Ketch,tketch3084@example.com,Ketch3084@kuromaku-u.org,F,7/24/02,2024,2024,WHT,COM,UND,970-111-7083,229-555-0172,3084.png,f,8/20/20,5/31/24,,,
3085,Cirilo,Casarili,ccasarili3085@example.org,Casarili3085@kuromaku-u.org,M,1/21/02,2024,2024,WHT,COM,UND,970-111-7084,702-555-0196,3085.png,f,8/20/20,5/31/24,,,
3086,Theodoric,Rushford,trushford3086@example.org,Rushford3086@kuromaku-u.org,F,10/28/02,2024,2024,AFR,MEC,UND,970-111-7085,410-555-0149,3086.png,f,8/20/20,5/31/24,,,
3087,Lydon,Dibnah,ldibnah3087@example.net,Dibnah3087@kuromaku-u.org,M,2/10/02,2024,2024,WHT,MAN,UND,970-111-7086,502-555-0177,3087.png,f,8/20/20,5/31/24,,,
3088,Basile,Chandlar,bchandlar3088@example.net,Chandlar3088@kuromaku-u.org,M,12/24/02,2024,2024,WHT,MAN,UND,970-111-7087,217-555-0169,3088.png,f,8/20/20,5/31/24,,,
3089,Constantina,Druhan,cdruhan3089@example.net,Druhan3089@kuromaku-u.org,F,5/6/02,2024,2024,HSP,CHE,UND,970-111-7088,904-555-0176,3089.png,f,8/20/20,5/31/24,,,
3090,Janean,Phippin,jphippin3090@example.org,Phippin3090@kuromaku-u.org,M,1/14/02,2024,2024,HSP,CHE,UND,970-111-7089,864-555-0175,3090.png,f,8/20/20,5/31/24,,,
3091,Terry,Trout,ttrout3091@example.com,Trout3091@kuromaku-u.org,M,5/26/02,2024,2024,HSP,CHE,UND,970-111-7090,706-555-0185,3091.png,f,8/20/20,5/31/24,,,
3092,Terry,Ambroise,tambroise3092@example.net,Ambroise3092@kuromaku-u.org,M,6/4/02,2024,2024,AFR,MEC,CHE,970-111-7091,414-555-0120,3092.png,f,8/20/20,5/31/24,,,
3093,Gilli,Boame,gboame3093@example.org,Boame3093@kuromaku-u.org,M,4/26/02,2024,2024,HSP,MAT,UND,970-111-7092,205-555-0117,3093.png,f,8/20/20,5/31/24,,,
3094,Zolly,Enticott,zenticott3094@example.org,Enticott3094@kuromaku-u.org,F,10/17/02,2024,2024,WHT,MAT,UND,970-111-7093,805-555-0193,3094.png,f,8/20/20,5/31/24,,,
3095,Mozelle,Craddock,mcraddock3095@example.org,Craddock3095@kuromaku-u.org,F,5/25/02,2024,2024,WHT,MAT,NUC,970-111-7094,410-555-0136,3095.png,f,8/20/20,5/31/24,,,
3096,Annalise,Walsh,awalsh3096@example.net,Walsh3096@kuromaku-u.org,F,4/7/02,2024,2024,WHT,COM,CHE,970-111-7095,936-555-0185,3096.png,f,8/20/20,5/31/24,,,
3097,Kara-lynn,Dawtrey,kdawtrey3097@example.net,Dawtrey3097@kuromaku-u.org,M,12/21/02,2024,2024,AFR,ENG,MAT,970-111-7096,212-555-0187,3097.png,f,8/20/20,5/31/24,,,
3098,Shurlocke,De Fraine,sdefraine3098@example.net,De Fraine3098@kuromaku-u.org,M,12/4/02,2024,2024,HSP,NUC,UND,970-111-7097,937-555-0109,3098.png,f,8/20/20,5/31/24,,,
3099,Lise,Diack,ldiack3099@example.com,Diack3099@kuromaku-u.org,M,4/24/02,2024,2024,HSP,CIV,UND,970-111-7098,208-555-0144,3099.png,f,8/20/20,5/31/24,,,
3100,Kimball,Trimme,ktrimme3100@example.org,Trimme3100@kuromaku-u.org,F,1/12/02,2024,2024,HSP,COM,UND,970-111-7099,713-555-0105,3100.png,f,8/20/20,5/31/24,,,
3101,Joline,O' Markey,jomarkey3101@example.net,O' Markey3101@kuromaku-u.org,F,5/25/02,2024,2024,ASN,COM,UND,970-111-7100,816-555-0166,3101.png,f,8/20/20,5/31/24,,,
3102,Lorin,Froggatt,lfroggatt3102@example.com,Froggatt3102@kuromaku-u.org,F,12/16/02,2024,2024,WHT,COM,UND,970-111-7101,253-555-0158,3102.png,f,8/20/20,5/31/24,,,
3103,Vinnie,Oylett,voylett3103@example.org,Oylett3103@kuromaku-u.org,M,11/7/02,2024,2024,WHT,MEC,UND,970-111-7102,716-555-0125,3103.png,f,8/20/20,5/31/24,,,
3104,Antonius,Balchen,abalchen3104@example.com,Balchen3104@kuromaku-u.org,M,2/21/02,2024,2024,HSP,CHE,UND,970-111-7103,808-555-0161,3104.png,f,8/20/20,5/31/24,,,
3105,Grove,Arbon,garbon3105@example.net,Arbon3105@kuromaku-u.org,F,9/24/02,2024,2024,WHT,ENG,MEC,970-111-7104,910-555-0154,3105.png,f,8/20/20,5/31/24,,,
3106,Gaby,Cawood,gcawood3106@example.net,Cawood3106@kuromaku-u.org,M,1/11/02,2024,2024,WHT,MAN,UND,970-111-7105,937-555-0199,3106.png,f,8/20/20,5/31/24,,,
3107,Danella,Tatton,dtatton3107@example.org,Tatton3107@kuromaku-u.org,F,9/11/02,2024,2024,ASN,AER,MAN,970-111-7106,520-555-0134,3107.png,f,8/20/20,5/31/24,,,
3108,Alicea,Andrzejczak,aandrzejczak3108@example.com,Andrzejczak3108@kuromaku-u.org,M,3/21/02,2024,2024,HSP,MAN,CIV,970-111-7107,205-555-0108,3108.png,f,8/20/20,5/31/24,,,
3109,Pepe,Cesco,pcesco3109@example.net,Cesco3109@kuromaku-u.org,F,11/4/02,2024,2024,HSP,MEC,ENG,970-111-7108,719-555-0103,3109.png,f,8/20/20,5/31/24,,,
3110,Hilary,Hurcombe,hhurcombe3110@example.org,Hurcombe3110@kuromaku-u.org,F,8/7/02,2024,2024,WHT,CIV,NUC,970-111-7109,419-555-0123,3110.png,f,8/20/20,5/31/24,,,
3111,Melva,Braidwood,mbraidwood3111@example.org,Braidwood3111@kuromaku-u.org,F,1/21/02,2024,2024,ASN,ENG,UND,970-111-7110,928-555-0166,3111.png,f,8/20/20,5/31/24,,,
3112,Caldwell,Grigorian,cgrigorian3112@example.com,Grigorian3112@kuromaku-u.org,M,11/28/02,2024,2024,ASN,NUC,UND,970-111-7111,205-555-0143,3112.png,f,8/20/20,5/31/24,,,
3113,Marcus,Chevis,mchevis3113@example.net,Chevis3113@kuromaku-u.org,F,7/2/02,2024,2024,AFR,MEC,UND,970-111-7112,330-555-0154,3113.png,f,8/20/20,5/31/24,,,
3114,Camilla,Achurch,cachurch3114@example.org,Achurch3114@kuromaku-u.org,M,10/10/02,2024,2024,WHT,CIV,UND,970-111-7113,801-555-0142,3114.png,f,8/20/20,5/31/24,,,
3115,Consalve,Crews,ccrews3115@example.org,Crews3115@kuromaku-u.org,F,6/25/02,2024,2024,HSP,CHE,UND,970-111-7114,623-555-0199,3115.png,f,8/20/20,5/31/24,,,
3116,Hubey,Prosser,hprosser3116@example.net,Prosser3116@kuromaku-u.org,M,7/4/02,2024,2024,ASN,CHE,UND,970-111-7115,863-555-0115,3116.png,f,8/20/20,5/31/24,,,
3117,Cort,Armatage,carmatage3117@example.net,Armatage3117@kuromaku-u.org,M,4/2/02,2024,2024,WHT,AER,CIV,970-111-7116,719-555-0110,3117.png,f,8/20/20,5/31/24,,,
3118,Pasquale,Rowter,prowter3118@example.org,Rowter3118@kuromaku-u.org,M,6/14/02,2024,2024,WHT,AER,UND,970-111-7117,972-555-0125,3118.png,f,8/20/20,5/31/24,,,
3119,Melloney,Nanetti,mnanetti3119@example.org,Nanetti3119@kuromaku-u.org,F,4/9/02,2024,2024,HSP,NUC,MAT,970-111-7118,503-555-0111,3119.png,f,8/20/20,5/31/24,,,
3120,Nikolaos,Harry,nharry3120@example.net,Harry3120@kuromaku-u.org,M,4/23/02,2024,2024,WHT,ENG,UND,970-111-7119,770-555-0186,3120.png,f,8/20/20,5/31/24,,,
3121,Basile,Connell,bconnell3121@example.org,Connell3121@kuromaku-u.org,F,8/2/02,2024,2024,ASN,MEC,UND,970-111-7120,408-555-0185,3121.png,f,8/20/20,5/31/24,,,
3122,Saleem,Florez,sflorez3122@example.com,Florez3122@kuromaku-u.org,M,1/13/02,2024,2024,HSP,MEC,ENG,970-111-7121,850-555-0197,3122.png,f,8/20/20,5/31/24,,,
3123,Selene,Macvain,smacvain3123@example.com,Macvain3123@kuromaku-u.org,F,7/1/02,2024,2024,AFR,ENG,CIV,970-111-7122,201-555-0136,3123.png,f,8/20/20,5/31/24,,,
3124,Lion,Chevis,lchevis3124@example.org,Chevis3124@kuromaku-u.org,F,8/2/02,2024,2024,ASN,MAT,UND,970-111-7123,202-555-0199,3124.png,f,8/20/20,5/31/24,,,
3125,Ariela,Hunstone,ahunstone3125@example.com,Hunstone3125@kuromaku-u.org,F,2/9/02,2024,2024,WHT,ENG,UND,970-111-7124,352-555-0133,3125.png,f,8/20/20,5/31/24,,,
3126,Tomas,Hurton,thurton3126@example.com,Hurton3126@kuromaku-u.org,M,12/22/02,2024,2024,HSP,CIV,NUC,970-111-7125,415-555-0167,3126.png,f,8/20/20,5/31/24,,,
3127,Crawford,Burrass,cburrass3127@example.com,Burrass3127@kuromaku-u.org,M,5/28/02,2024,2024,AFR,ENG,UND,970-111-7126,704-555-0104,3127.png,f,8/20/20,5/31/24,,,
3128,Hill,O'Doherty,hodoherty3128@example.net,O'Doherty3128@kuromaku-u.org,F,4/12/02,2024,2024,AFR,CHE,UND,970-111-7127,561-555-0151,3128.png,f,8/20/20,5/31/24,,,
3129,Franny,Tilsley,ftilsley3129@example.com,Tilsley3129@kuromaku-u.org,M,6/24/02,2024,2024,AFR,MAT,UND,970-111-7128,559-555-0180,3129.png,f,8/20/20,5/31/24,,,
3130,Booth,Aukland,baukland3130@example.net,Aukland3130@kuromaku-u.org,F,9/3/02,2024,2024,AFR,MAT,UND,970-111-7129,949-555-0144,3130.png,f,8/20/20,5/31/24,,,
3131,Mata,Goodbarne,mgoodbarne3131@example.org,Goodbarne3131@kuromaku-u.org,F,4/19/02,2024,2024,ASN,NUC,UND,970-111-7130,754-555-0192,3131.png,f,8/20/20,5/31/24,,,
3132,Melisse,Fearnyough,mfearnyough3132@example.net,Fearnyough3132@kuromaku-u.org,F,5/5/02,2024,2024,AFR,ENG,UND,970-111-7131,915-555-0103,3132.png,f,8/20/20,5/31/24,,,
3133,Melva,Grint,mgrint3133@example.net,Grint3133@kuromaku-u.org,M,1/6/02,2024,2024,HSP,MEC,UND,970-111-7132,352-555-0197,3133.png,f,8/20/20,5/31/24,,,
3134,Drucill,Burrass,dburrass3134@example.com,Burrass3134@kuromaku-u.org,F,2/28/02,2024,2024,ASN,CIV,UND,970-111-7133,419-555-0133,3134.png,f,8/20/20,5/31/24,,,
3135,Palmer,Alyukin,palyukin3135@example.net,Alyukin3135@kuromaku-u.org,M,3/7/02,2024,2024,ASN,COM,UND,970-111-7134,775-555-0164,3135.png,f,8/20/20,5/31/24,,,
3136,Shoshanna,Hughland,shughland3136@example.net,Hughland3136@kuromaku-u.org,M,9/10/02,2024,2024,ASN,CIV,UND,970-111-7135,202-555-0137,3136.png,f,8/20/20,5/31/24,,,
3137,Wilona,Niezen,wniezen3137@example.net,Niezen3137@kuromaku-u.org,M,10/22/02,2024,2024,HSP,COM,UND,970-111-7136,435-555-0110,3137.png,f,8/20/20,5/31/24,,,
3138,Penelope,Randerson,pranderson3138@example.org,Randerson3138@kuromaku-u.org,F,2/11/02,2024,2024,WHT,ENG,UND,970-111-7137,254-555-0136,3138.png,f,8/20/20,5/31/24,,,
3139,Pearce,Penniall,ppenniall3139@example.com,Penniall3139@kuromaku-u.org,F,3/22/02,2024,2024,AFR,COM,UND,970-111-7138,706-555-0179,3139.png,f,8/20/20,5/31/24,,,
3140,Etan,Doumenc,edoumenc3140@example.net,Doumenc3140@kuromaku-u.org,F,1/4/02,2024,2024,WHT,MAT,UND,970-111-7139,865-555-0151,3140.png,f,8/20/20,5/31/24,,,
3141,Dinny,Elgood,delgood3141@example.com,Elgood3141@kuromaku-u.org,M,4/22/02,2024,2024,ASN,NUC,UND,970-111-7140,559-555-0196,3141.png,f,8/20/20,5/31/24,,,
3142,Jean,Putson,jputson3142@example.net,Putson3142@kuromaku-u.org,M,6/8/02,2024,2024,WHT,ENG,UND,970-111-7141,914-555-0140,3142.png,f,8/20/20,5/31/24,,,
3143,Paige,Flewitt,pflewitt3143@example.com,Flewitt3143@kuromaku-u.org,M,1/24/02,2024,2024,HSP,AER,UND,970-111-7142,513-555-0161,3143.png,f,8/20/20,5/31/24,,,
3144,Millie,Elletson,melletson3144@example.org,Elletson3144@kuromaku-u.org,M,5/4/02,2024,2024,WHT,NUC,UND,970-111-7143,260-555-0197,3144.png,f,8/20/20,5/31/24,,,
3145,Oralee,Reinert,oreinert3145@example.com,Reinert3145@kuromaku-u.org,M,12/3/02,2024,2024,AFR,COM,AER,970-111-7144,505-555-0140,3145.png,f,8/20/20,5/31/24,,,
3146,Amitie,Domelow,adomelow3146@example.com,Domelow3146@kuromaku-u.org,M,8/12/02,2024,2024,HSP,COM,MEC,970-111-7145,910-555-0113,3146.png,f,8/20/20,5/31/24,,,
3147,Muffin,Hovert,mhovert3147@example.org,Hovert3147@kuromaku-u.org,M,12/1/02,2024,2024,HSP,MEC,UND,970-111-7146,972-555-0191,3147.png,f,8/20/20,5/31/24,,,
3148,Dina,Rowlands,drowlands3148@example.net,Rowlands3148@kuromaku-u.org,M,3/24/02,2024,2024,WHT,MAN,UND,970-111-7147,303-555-0166,3148.png,f,8/20/20,5/31/24,,,
3149,Catarina,Acedo,cacedo3149@example.net,Acedo3149@kuromaku-u.org,F,10/20/02,2024,2024,AFR,COM,MEC,970-111-7148,202-555-0118,3149.png,f,8/20/20,5/31/24,,,
3150,Berky,Shepherdson,bshepherdson3150@example.net,Shepherdson3150@kuromaku-u.org,M,5/9/02,2024,2024,AFR,MAT,UND,970-111-7149,202-555-0133,3150.png,f,8/20/20,5/31/24,,,
3151,Stearn,Arlidge,sarlidge3151@example.org,Arlidge3151@kuromaku-u.org,M,10/8/02,2024,2024,HSP,MAT,ENG,970-111-7150,201-555-0174,3151.png,f,8/20/20,5/31/24,,,
3152,Garek,Heintze,gheintze3152@example.net,Heintze3152@kuromaku-u.org,M,7/4/02,2024,2024,HSP,COM,UND,970-111-7151,502-555-0166,3152.png,f,8/20/20,5/31/24,,,
3153,Adolf,Ciccerale,aciccerale3153@example.net,Ciccerale3153@kuromaku-u.org,M,12/24/02,2024,2024,ASN,AER,CIV,970-111-7152,225-555-0179,3153.png,f,8/20/20,5/31/24,,,
3154,Alfreda,Bryce,abryce3154@example.net,Bryce3154@kuromaku-u.org,M,7/9/02,2024,2024,AFR,MAN,UND,970-111-7153,719-555-0144,3154.png,f,8/20/20,5/31/24,,,
3155,Abbye,Plover,aplover3155@example.net,Plover3155@kuromaku-u.org,M,12/19/02,2024,2024,AFR,COM,UND,970-111-7154,305-555-0133,3155.png,f,8/20/20,5/31/24,,,
3156,Nanine,Andrzejczak,nandrzejczak3156@example.com,Andrzejczak3156@kuromaku-u.org,M,11/19/02,2024,2024,ASN,CIV,UND,970-111-7155,502-555-0103,3156.png,f,8/20/20,5/31/24,,,
3157,Lockwood,Celli,lcelli3157@example.com,Celli3157@kuromaku-u.org,M,12/6/02,2024,2024,ASN,CIV,UND,970-111-7156,913-555-0178,3157.png,f,8/20/20,5/31/24,,,
3158,Randolf,Trigwell,rtrigwell3158@example.org,Trigwell3158@kuromaku-u.org,F,3/16/02,2024,2024,HSP,CHE,UND,970-111-7157,754-555-0183,3158.png,f,8/20/20,5/31/24,,,
3159,Waldo,Desaur,wdesaur3159@example.org,Desaur3159@kuromaku-u.org,F,1/26/02,2024,2024,HSP,MAN,UND,970-111-7158,408-555-0148,3159.png,f,8/20/20,5/31/24,,,
3160,Alwyn,Opie,aopie3160@example.net,Opie3160@kuromaku-u.org,M,3/12/02,2024,2024,HSP,NUC,MAT,970-111-7159,816-555-0135,3160.png,f,8/20/20,5/31/24,,,
3161,Amble,Jales,ajales3161@example.org,Jales3161@kuromaku-u.org,M,7/3/02,2024,2024,HSP,CHE,UND,970-111-7160,918-555-0109,3161.png,f,8/20/20,5/31/24,,,
3162,Lloyd,Wych,lwych3162@example.net,Wych3162@kuromaku-u.org,F,12/14/02,2024,2024,ASN,MAT,UND,970-111-7161,786-555-0153,3162.png,f,8/20/20,5/31/24,,,
3163,Georgetta,Dawltrey,gdawltrey3163@example.com,Dawltrey3163@kuromaku-u.org,F,3/15/02,2024,2024,AFR,MAN,ENG,970-111-7162,260-555-0145,3163.png,f,8/20/20,5/31/24,,,
3164,Sigfried,Brompton,sbrompton3164@example.net,Brompton3164@kuromaku-u.org,M,9/16/02,2024,2024,ASN,AER,UND,970-111-7163,862-555-0100,3164.png,f,8/20/20,5/31/24,,,
3165,Euell,Freear,efreear3165@example.net,Freear3165@kuromaku-u.org,M,2/5/02,2024,2024,HSP,NUC,AER,970-111-7164,305-555-0167,3165.png,f,8/20/20,5/31/24,,,
3166,Arlette,Spadeck,aspadeck3166@example.org,Spadeck3166@kuromaku-u.org,M,7/9/02,2024,2024,AFR,CHE,NUC,970-111-7165,202-555-0171,3166.png,f,8/20/20,5/31/24,,,
3167,Christophorus,Potbury,cpotbury3167@example.org,Potbury3167@kuromaku-u.org,M,1/7/02,2024,2024,HSP,CIV,UND,970-111-7166,317-555-0142,3167.png,f,8/20/20,5/31/24,,,
3168,Augy,Bloxsum,abloxsum3168@example.net,Bloxsum3168@kuromaku-u.org,M,8/4/02,2024,2024,WHT,MAN,NUC,970-111-7167,314-555-0177,3168.png,f,8/20/20,5/31/24,,,
3169,Rosalind,Oldaker,roldaker3169@example.org,Oldaker3169@kuromaku-u.org,F,2/23/02,2024,2024,AFR,MAT,UND,970-111-7168,202-555-0110,3169.png,f,8/20/20,5/31/24,,,
3170,Cody,Sander,csander3170@example.org,Sander3170@kuromaku-u.org,F,10/28/02,2024,2024,HSP,MAN,UND,970-111-7169,415-555-0163,3170.png,f,8/20/20,5/31/24,,,
3171,Glennie,Amery,gamery3171@example.org,Amery3171@kuromaku-u.org,F,11/15/02,2024,2024,ASN,CIV,UND,970-111-7170,682-555-0143,3171.png,f,8/20/20,5/31/24,,,
3172,Antonius,Pinnere,apinnere3172@example.org,Pinnere3172@kuromaku-u.org,F,6/16/02,2024,2024,WHT,NUC,MAT,970-111-7171,859-555-0118,3172.png,f,8/20/20,5/31/24,,,
3173,Nessi,Mertsching,nmertsching3173@example.com,Mertsching3173@kuromaku-u.org,M,3/17/02,2024,2024,ASN,NUC,UND,970-111-7172,719-555-0125,3173.png,f,8/20/20,5/31/24,,,
3174,Rourke,Bernli,rbernli3174@example.net,Bernli3174@kuromaku-u.org,M,2/26/02,2024,2024,HSP,MEC,COM,970-111-7173,907-555-0173,3174.png,f,8/20/20,5/31/24,,,
3175,Jacobo,Lowes,jlowes3175@example.net,Lowes3175@kuromaku-u.org,M,1/10/02,2024,2024,HSP,MAN,MEC,970-111-7174,909-555-0125,3175.png,f,8/20/20,5/31/24,,,
3176,Fernandina,Verdey,fverdey3176@example.org,Verdey3176@kuromaku-u.org,M,4/25/02,2024,2024,ASN,CIV,NUC,970-111-7175,212-555-0115,3176.png,f,8/20/20,5/31/24,,,
3177,Tristam,Dalliwatr,tdalliwatr3177@example.com,Dalliwatr3177@kuromaku-u.org,F,11/26/02,2024,2024,AFR,NUC,CHE,970-111-7176,504-555-0160,3177.png,f,8/20/20,5/31/24,,,
3178,Karlens,Elbourne,kelbourne3178@example.org,Elbourne3178@kuromaku-u.org,F,9/19/02,2024,2024,AFR,NUC,UND,970-111-7177,317-555-0152,3178.png,f,8/20/20,5/31/24,,,
3179,Hendrick,Kirtland,hkirtland3179@example.org,Kirtland3179@kuromaku-u.org,M,9/4/02,2024,2024,AFR,AER,MAT,970-111-7178,562-555-0158,3179.png,f,8/20/20,5/31/24,,,
3180,Grier,Niessen,gniessen3180@example.org,Niessen3180@kuromaku-u.org,F,2/6/02,2024,2024,ASN,COM,UND,970-111-7179,734-555-0159,3180.png,f,8/20/20,5/31/24,,,
3181,Etan,Lyness,elyness3181@example.net,Lyness3181@kuromaku-u.org,M,1/19/02,2024,2024,HSP,CIV,UND,970-111-7180,651-555-0120,3181.png,f,8/20/20,5/31/24,,,
3182,Astrix,Sudworth,asudworth3182@example.org,Sudworth3182@kuromaku-u.org,M,10/23/02,2024,2024,AFR,NUC,UND,970-111-7181,850-555-0136,3182.png,f,8/20/20,5/31/24,,,
3183,Constantine,Bogaert,cbogaert3183@example.org,Bogaert3183@kuromaku-u.org,F,3/17/02,2024,2024,AFR,MAT,CIV,970-111-7182,203-555-0141,3183.png,f,8/20/20,5/31/24,,,
3184,Wit,Monni,wmonni3184@example.net,Monni3184@kuromaku-u.org,M,1/5/02,2024,2024,WHT,NUC,ENG,970-111-7183,571-555-0169,3184.png,f,8/20/20,5/31/24,,,
3185,Maynord,Palmer,mpalmer3185@example.net,Palmer3185@kuromaku-u.org,F,6/26/02,2024,2024,AFR,COM,CIV,970-111-7184,818-555-0185,3185.png,f,8/20/20,5/31/24,,,
3186,Bearnard,Hush,bhush3186@example.net,Hush3186@kuromaku-u.org,M,11/24/02,2024,2024,WHT,NUC,UND,970-111-7185,202-555-0120,3186.png,f,8/20/20,5/31/24,,,
3187,Coralie,Joseff,cjoseff3187@example.net,Joseff3187@kuromaku-u.org,M,11/17/02,2024,2024,WHT,CIV,UND,970-111-7186,860-555-0123,3187.png,f,8/20/20,5/31/24,,,
3188,Gretel,Jacobowicz,gjacobowicz3188@example.com,Jacobowicz3188@kuromaku-u.org,M,9/3/02,2024,2024,WHT,MAN,UND,970-111-7187,203-555-0106,3188.png,f,8/20/20,5/31/24,,,
3189,Marja,Whitwell,mwhitwell3189@example.net,Whitwell3189@kuromaku-u.org,F,4/18/02,2024,2024,WHT,AER,UND,970-111-7188,202-555-0197,3189.png,f,8/20/20,5/31/24,,,
3190,Jason,Claydon,jclaydon3190@example.net,Claydon3190@kuromaku-u.org,M,6/10/02,2024,2024,ASN,ENG,UND,970-111-7189,331-555-0169,3190.png,f,8/20/20,5/31/24,,,
3191,Carly,Sloan,csloan3191@example.net,Sloan3191@kuromaku-u.org,F,11/21/02,2024,2024,WHT,COM,UND,970-111-7190,210-555-0164,3191.png,f,8/20/20,5/31/24,,,
3192,Dinny,Philippet,dphilippet3192@example.org,Philippet3192@kuromaku-u.org,M,3/1/02,2024,2024,ASN,MAT,UND,970-111-7191,210-555-0191,3192.png,f,8/20/20,5/31/24,,,
3193,Bastian,Dillon,bdillon3193@example.net,Dillon3193@kuromaku-u.org,M,2/16/02,2024,2024,ASN,ENG,UND,970-111-7192,614-555-0196,3193.png,f,8/20/20,5/31/24,,,
3194,Rickie,Djekovic,rdjekovic3194@example.com,Djekovic3194@kuromaku-u.org,F,10/15/02,2024,2024,WHT,AER,COM,970-111-7193,702-555-0161,3194.png,f,8/20/20,5/31/24,,,
3195,Verne,Kinzel,vkinzel3195@example.com,Kinzel3195@kuromaku-u.org,M,6/12/02,2024,2024,ASN,NUC,CHE,970-111-7194,503-555-0162,3195.png,f,8/20/20,5/31/24,,,
3196,Kearney,Tuckerman,ktuckerman3196@example.net,Tuckerman3196@kuromaku-u.org,M,3/12/02,2024,2024,ASN,MAT,UND,970-111-7195,940-555-0124,3196.png,f,8/20/20,5/31/24,,,
3197,Edna,Lapere,elapere3197@example.com,Lapere3197@kuromaku-u.org,M,11/6/02,2024,2024,HSP,CIV,COM,970-111-7196,913-555-0126,3197.png,f,8/20/20,5/31/24,,,
3198,Malanie,Boat,mboat3198@example.net,Boat3198@kuromaku-u.org,F,1/5/02,2024,2024,AFR,AER,UND,970-111-7197,989-555-0102,3198.png,f,8/20/20,5/31/24,,,
3199,Marthe,Grint,mgrint3199@example.net,Grint3199@kuromaku-u.org,F,6/14/02,2024,2024,WHT,AER,MEC,970-111-7198,614-555-0173,3199.png,f,8/20/20,5/31/24,,,
3200,Carling,Kimbury,ckimbury3200@example.org,Kimbury3200@kuromaku-u.org,F,10/25/02,2024,2024,HSP,CIV,UND,970-111-7199,903-555-0177,3200.png,f,8/20/20,5/31/24,,,
3201,Agretha,Ramelot,aramelot3201@example.com,Ramelot3201@kuromaku-u.org,F,1/28/02,2024,2024,HSP,MEC,UND,970-111-7200,937-555-0114,3201.png,f,8/20/20,5/31/24,,,
3202,Olympe,Prine,oprine3202@example.org,Prine3202@kuromaku-u.org,F,2/2/02,2024,2024,WHT,MEC,COM,970-111-7201,757-555-0151,3202.png,f,8/20/20,5/31/24,,,
3203,Melva,Kitcat,mkitcat3203@example.net,Kitcat3203@kuromaku-u.org,F,10/5/02,2024,2024,AFR,CHE,UND,970-111-7202,817-555-0136,3203.png,f,8/20/20,5/31/24,,,
3204,Marin,Ahmad,mahmad3204@example.org,Ahmad3204@kuromaku-u.org,M,9/23/02,2024,2024,WHT,AER,NUC,970-111-7203,937-555-0147,3204.png,f,8/20/20,5/31/24,,,
3205,Kitty,Ronald,kronald3205@example.org,Ronald3205@kuromaku-u.org,M,9/26/02,2024,2024,ASN,MAT,MAN,970-111-7204,217-555-0151,3205.png,f,8/20/20,5/31/24,,,
3206,Any,Doumenc,adoumenc3206@example.com,Doumenc3206@kuromaku-u.org,F,3/9/02,2024,2024,AFR,AER,UND,970-111-7205,714-555-0176,3206.png,f,8/20/20,5/31/24,,,
3207,Viva,Buist,vbuist3207@example.org,Buist3207@kuromaku-u.org,F,11/13/02,2024,2024,WHT,NUC,UND,970-111-7206,915-555-0146,3207.png,f,8/20/20,5/31/24,,,
3208,Elianora,Enderwick,eenderwick3208@example.com,Enderwick3208@kuromaku-u.org,F,12/7/02,2024,2024,ASN,COM,MAT,970-111-7207,303-555-0183,3208.png,f,8/20/20,5/31/24,,,
3209,Kearney,Bracegirdle,kbracegirdle3209@example.com,Bracegirdle3209@kuromaku-u.org,F,12/22/02,2024,2024,WHT,COM,UND,970-111-7208,713-555-0139,3209.png,f,8/20/20,5/31/24,,,
3210,Kendall,Kuhlmey,kkuhlmey3210@example.org,Kuhlmey3210@kuromaku-u.org,F,3/14/02,2024,2024,WHT,MAN,UND,970-111-7209,617-555-0116,3210.png,f,8/20/20,5/31/24,,,
3211,Michele,Agg,magg3211@example.net,Agg3211@kuromaku-u.org,F,1/19/02,2024,2024,WHT,MEC,UND,970-111-7210,806-555-0138,3211.png,f,8/20/20,5/31/24,,,
3212,Farley,Fenty,ffenty3212@example.net,Fenty3212@kuromaku-u.org,M,8/25/02,2024,2024,AFR,MEC,UND,970-111-7211,253-555-0139,3212.png,f,8/20/20,5/31/24,,,
3213,Maryanna,Stobart,mstobart3213@example.net,Stobart3213@kuromaku-u.org,F,9/28/02,2024,2024,AFR,AER,ENG,970-111-7212,212-555-0154,3213.png,f,8/20/20,5/31/24,,,
3214,Mellie,Kitcat,mkitcat3214@example.net,Kitcat3214@kuromaku-u.org,F,11/4/02,2024,2024,ASN,MAT,UND,970-111-7213,559-555-0113,3214.png,f,8/20/20,5/31/24,,,
3215,Berkley,Fidler,bfidler3215@example.org,Fidler3215@kuromaku-u.org,F,4/15/02,2024,2024,WHT,MAN,UND,970-111-7214,216-555-0162,3215.png,f,8/20/20,5/31/24,,,
3216,Reynolds,Casiroli,rcasiroli3216@example.net,Casiroli3216@kuromaku-u.org,M,11/28/02,2024,2024,WHT,AER,UND,970-111-7215,313-555-0180,3216.png,f,8/20/20,5/31/24,,,
3217,Aile,Aukland,aaukland3217@example.com,Aukland3217@kuromaku-u.org,F,3/10/02,2024,2024,ASN,MEC,UND,970-111-7216,512-555-0181,3217.png,f,8/20/20,5/31/24,,,
3218,Ariela,Blouet,ablouet3218@example.net,Blouet3218@kuromaku-u.org,M,1/8/02,2024,2024,ASN,COM,AER,970-111-7217,508-555-0193,3218.png,f,8/20/20,5/31/24,,,
3219,Arlette,Pawels,apawels3219@example.com,Pawels3219@kuromaku-u.org,F,2/20/02,2024,2024,HSP,MAN,UND,970-111-7218,913-555-0176,3219.png,f,8/20/20,5/31/24,,,
3220,Malanie,Dosdell,mdosdell3220@example.net,Dosdell3220@kuromaku-u.org,F,7/24/02,2024,2024,AFR,NUC,AER,970-111-7219,949-555-0129,3220.png,f,8/20/20,5/31/24,,,
3221,Ruthe,Rainard,rrainard3221@example.org,Rainard3221@kuromaku-u.org,F,12/4/02,2024,2024,HSP,MAT,CHE,970-111-7220,334-555-0161,3221.png,f,8/20/20,5/31/24,,,
3222,Brenda,Warlow,bwarlow3222@example.net,Warlow3222@kuromaku-u.org,M,4/28/02,2024,2024,AFR,COM,UND,970-111-7221,513-555-0180,3222.png,f,8/20/20,5/31/24,,,
3223,Lynna,Kenewell,lkenewell3223@example.com,Kenewell3223@kuromaku-u.org,F,8/4/02,2024,2024,WHT,MAT,UND,970-111-7222,757-555-0125,3223.png,f,8/20/20,5/31/24,,,
3224,Delbert,Holby,dholby3224@example.org,Holby3224@kuromaku-u.org,M,7/14/02,2024,2024,WHT,MAN,MAT,970-111-7223,754-555-0175,3224.png,f,8/20/20,5/31/24,,,
3225,Celestia,Trice,ctrice3225@example.net,Trice3225@kuromaku-u.org,M,10/16/02,2024,2024,AFR,MAT,COM,970-111-7224,717-555-0128,3225.png,f,8/20/20,5/31/24,,,
3226,Joye,Arkle,jarkle3226@example.org,Arkle3226@kuromaku-u.org,F,8/10/02,2024,2024,AFR,AER,UND,970-111-7225,502-555-0187,3226.png,f,8/20/20,5/31/24,,,
3227,Val,Dillingstone,vdillingstone3227@example.net,Dillingstone3227@kuromaku-u.org,M,6/8/02,2024,2024,ASN,NUC,UND,970-111-7226,202-555-0128,3227.png,f,8/20/20,5/31/24,,,
3228,Solly,Olivie,solivie3228@example.org,Olivie3228@kuromaku-u.org,F,7/8/02,2024,2024,AFR,CIV,UND,970-111-7227,608-555-0136,3228.png,f,8/20/20,5/31/24,,,
3229,Dalli,Lilford,dlilford3229@example.org,Lilford3229@kuromaku-u.org,F,5/8/02,2024,2024,ASN,COM,UND,970-111-7228,703-555-0123,3229.png,f,8/20/20,5/31/24,,,
3230,Melina,Epelett,mepelett3230@example.org,Epelett3230@kuromaku-u.org,M,11/12/02,2024,2024,ASN,NUC,UND,970-111-7229,313-555-0141,3230.png,f,8/20/20,5/31/24,,,
3231,Charmian,Works,cworks3231@example.net,Works3231@kuromaku-u.org,F,3/27/02,2024,2024,AFR,CHE,MAT,970-111-7230,706-555-0140,3231.png,f,8/20/20,5/31/24,,,
3232,Constantina,Davenhall,cdavenhall3232@example.org,Davenhall3232@kuromaku-u.org,F,2/6/02,2024,2024,AFR,MAN,UND,970-111-7231,585-555-0126,3232.png,f,8/20/20,5/31/24,,,
3233,Rinaldo,Swainger,rswainger3233@example.net,Swainger3233@kuromaku-u.org,M,8/12/02,2024,2024,HSP,NUC,UND,970-111-7232,719-555-0167,3233.png,f,8/20/20,5/31/24,,,
3234,Venita,Colliar,vcolliar3234@example.org,Colliar3234@kuromaku-u.org,M,7/17/02,2024,2024,WHT,MAN,UND,970-111-7233,520-555-0149,3234.png,f,8/20/20,5/31/24,,,
3235,Federica,Dutt,fdutt3235@example.com,Dutt3235@kuromaku-u.org,M,5/19/02,2024,2024,ASN,MAT,MEC,970-111-7234,830-555-0167,3235.png,f,8/20/20,5/31/24,,,
3236,Evvy,Delahunty,edelahunty3236@example.com,Delahunty3236@kuromaku-u.org,F,3/21/02,2024,2024,AFR,MAN,UND,970-111-7235,314-555-0139,3236.png,f,8/20/20,5/31/24,,,
3237,Fernandina,Opie,fopie3237@example.org,Opie3237@kuromaku-u.org,M,11/3/02,2024,2024,ASN,NUC,UND,970-111-7236,409-555-0124,3237.png,f,8/20/20,5/31/24,,,
3238,Kliment,Czajka,kczajka3238@example.org,Czajka3238@kuromaku-u.org,F,4/27/02,2024,2024,HSP,MAN,UND,970-111-7237,904-555-0105,3238.png,f,8/20/20,5/31/24,,,
3239,Hi,Turnell,hturnell3239@example.net,Turnell3239@kuromaku-u.org,F,10/11/02,2024,2024,AFR,NUC,UND,970-111-7238,212-555-0196,3239.png,f,8/20/20,5/31/24,,,
3240,Sigismundo,Scardifield,sscardifield3240@example.org,Scardifield3240@kuromaku-u.org,M,7/5/02,2024,2024,ASN,NUC,UND,970-111-7239,770-555-0152,3240.png,f,8/20/20,5/31/24,,,
3241,Miguel,Kirmond,mkirmond3241@example.net,Kirmond3241@kuromaku-u.org,M,5/11/02,2024,2024,HSP,MAT,UND,970-111-7240,208-555-0135,3241.png,f,8/20/20,5/31/24,,,
3242,Tybalt,Greeding,tgreeding3242@example.com,Greeding3242@kuromaku-u.org,F,9/21/02,2024,2024,ASN,CHE,UND,970-111-7241,718-555-0197,3242.png,f,8/20/20,5/31/24,,,
3243,Ros,Strike,rstrike3243@example.net,Strike3243@kuromaku-u.org,F,12/18/02,2024,2024,AFR,MAN,UND,970-111-7242,502-555-0175,3243.png,f,8/20/20,5/31/24,,,
3244,Bobine,Danilchenko,bdanilchenko3244@example.com,Danilchenko3244@kuromaku-u.org,F,11/18/02,2024,2024,WHT,NUC,MEC,970-111-7243,805-555-0101,3244.png,f,8/20/20,5/31/24,,,
3245,Humbert,Riding,hriding3245@example.com,Riding3245@kuromaku-u.org,M,12/16/02,2024,2024,WHT,ENG,MAN,970-111-7244,504-555-0167,3245.png,f,8/20/20,5/31/24,,,
3246,Melina,Klain,mklain3246@example.net,Klain3246@kuromaku-u.org,M,6/8/02,2024,2024,ASN,NUC,UND,970-111-7245,334-555-0112,3246.png,f,8/20/20,5/31/24,,,
3247,Mario,De Fraine,mdefraine3247@example.net,De Fraine3247@kuromaku-u.org,M,4/3/02,2024,2024,AFR,NUC,UND,970-111-7246,504-555-0187,3247.png,f,8/20/20,5/31/24,,,
3248,Lutero,Tuison,ltuison3248@example.org,Tuison3248@kuromaku-u.org,F,5/2/02,2024,2024,AFR,NUC,UND,970-111-7247,775-555-0131,3248.png,f,8/20/20,5/31/24,,,
3249,Carmelia,Espinas,cespinas3249@example.net,Espinas3249@kuromaku-u.org,M,4/14/02,2024,2024,AFR,ENG,UND,970-111-7248,770-555-0116,3249.png,f,8/20/20,5/31/24,,,
3250,Forester,Stockbridge,fstockbridge3250@example.com,Stockbridge3250@kuromaku-u.org,M,1/9/02,2024,2024,HSP,NUC,UND,970-111-7249,205-555-0171,3250.png,f,8/20/20,5/31/24,,,
3251,Con,Froome,cfroome3251@example.com,Froome3251@kuromaku-u.org,M,7/2/03,2025,2025,HSP,AER,UND,970-111-7250,413-555-0124,3251.png,f,8/20/21,5/31/25,,,
3252,Andra,Comazzo,acomazzo3252@example.org,Comazzo3252@kuromaku-u.org,F,4/1/03,2025,2025,ASN,MAN,UND,970-111-7251,562-555-0122,3252.png,f,8/20/21,5/31/25,,,
3253,Janean,Chevis,jchevis3253@example.com,Chevis3253@kuromaku-u.org,M,8/14/03,2025,2025,HSP,AER,UND,970-111-7252,754-555-0171,3253.png,f,8/20/21,5/31/25,,,
3254,Tailor,Thurlborn,tthurlborn3254@example.net,Thurlborn3254@kuromaku-u.org,M,7/18/03,2025,2025,WHT,NUC,UND,970-111-7253,260-555-0185,3254.png,f,8/20/21,5/31/25,,,
3255,Sallyann,Kondrat,skondrat3255@example.net,Kondrat3255@kuromaku-u.org,F,5/24/03,2025,2025,AFR,MEC,ENG,970-111-7254,408-555-0182,3255.png,f,8/20/21,5/31/25,,,
3256,Jackson,Mauser,jmauser3256@example.net,Mauser3256@kuromaku-u.org,M,5/8/03,2025,2025,HSP,NUC,COM,970-111-7255,806-555-0193,3256.png,f,8/20/21,5/31/25,,,
3257,Alwyn,Pinnere,apinnere3257@example.org,Pinnere3257@kuromaku-u.org,F,1/17/03,2025,2025,ASN,MEC,UND,970-111-7256,915-555-0156,3257.png,f,8/20/21,5/31/25,,,
3258,Val,Harcourt,vharcourt3258@example.net,Harcourt3258@kuromaku-u.org,M,9/8/03,2025,2025,ASN,AER,UND,970-111-7257,321-555-0166,3258.png,f,8/20/21,5/31/25,,,
3259,Beckie,McRavey,bmcravey3259@example.net,McRavey3259@kuromaku-u.org,F,3/18/03,2025,2025,AFR,NUC,UND,970-111-7258,205-555-0124,3259.png,f,8/20/21,5/31/25,,,
3260,Emilia,Enticott,eenticott3260@example.org,Enticott3260@kuromaku-u.org,M,4/22/03,2025,2025,ASN,CHE,UND,970-111-7259,775-555-0159,3260.png,f,8/20/21,5/31/25,,,
3261,Burnard,Beccera,bbeccera3261@example.com,Beccera3261@kuromaku-u.org,F,5/17/03,2025,2025,ASN,MAT,AER,970-111-7260,608-555-0195,3261.png,f,8/20/21,5/31/25,,,
3262,Olivette,Stiffkins,ostiffkins3262@example.com,Stiffkins3262@kuromaku-u.org,M,4/17/03,2025,2025,ASN,NUC,UND,970-111-7261,305-555-0192,3262.png,f,8/20/21,5/31/25,,,
3263,Lynna,Switland,lswitland3263@example.com,Switland3263@kuromaku-u.org,F,9/2/03,2025,2025,HSP,AER,UND,970-111-7262,970-555-0199,3263.png,f,8/20/21,5/31/25,,,
3264,Zorine,McElwee,zmcelwee3264@example.com,McElwee3264@kuromaku-u.org,M,11/2/03,2025,2025,HSP,MAN,NUC,970-111-7263,509-555-0196,3264.png,f,8/20/21,5/31/25,,,
3265,Selinda,Pirkis,spirkis3265@example.org,Pirkis3265@kuromaku-u.org,M,6/16/03,2025,2025,AFR,ENG,COM,970-111-7264,619-555-0153,3265.png,f,8/20/21,5/31/25,,,
3266,Candis,Meth,cmeth3266@example.net,Meth3266@kuromaku-u.org,M,7/17/03,2025,2025,AFR,CHE,UND,970-111-7265,623-555-0194,3266.png,f,8/20/21,5/31/25,,,
3267,Lynna,Porcher,lporcher3267@example.org,Porcher3267@kuromaku-u.org,F,7/4/03,2025,2025,AFR,MAT,AER,970-111-7266,916-555-0141,3267.png,f,8/20/21,5/31/25,,,
3268,Arda,Vibert,avibert3268@example.com,Vibert3268@kuromaku-u.org,F,1/21/03,2025,2025,HSP,MAT,CIV,970-111-7267,646-555-0111,3268.png,f,8/20/21,5/31/25,,,
3269,Torrin,Trout,ttrout3269@example.com,Trout3269@kuromaku-u.org,M,5/19/03,2025,2025,HSP,NUC,AER,970-111-7268,863-555-0193,3269.png,f,8/20/21,5/31/25,,,
3270,Koo,Ruse,kruse3270@example.net,Ruse3270@kuromaku-u.org,F,4/5/03,2025,2025,AFR,COM,MAT,970-111-7269,718-555-0129,3270.png,f,8/20/21,5/31/25,,,
3271,Hill,Ketch,hketch3271@example.net,Ketch3271@kuromaku-u.org,M,9/16/03,2025,2025,AFR,AER,UND,970-111-7270,832-555-0150,3271.png,f,8/20/21,5/31/25,,,
3272,Muffin,Tours,mtours3272@example.org,Tours3272@kuromaku-u.org,F,3/22/03,2025,2025,WHT,MEC,UND,970-111-7271,717-555-0145,3272.png,f,8/20/21,5/31/25,,,
3273,Briano,Diack,bdiack3273@example.net,Diack3273@kuromaku-u.org,F,3/12/03,2025,2025,WHT,MAN,UND,970-111-7272,413-555-0161,3273.png,f,8/20/21,5/31/25,,,
3274,Noam,Livingston,nlivingston3274@example.org,Livingston3274@kuromaku-u.org,F,7/15/03,2025,2025,AFR,ENG,UND,970-111-7273,850-555-0146,3274.png,f,8/20/21,5/31/25,,,
3275,Janean,Cust,jcust3275@example.com,Cust3275@kuromaku-u.org,M,2/6/03,2025,2025,ASN,COM,UND,970-111-7274,217-555-0103,3275.png,f,8/20/21,5/31/25,,,
3276,Rafe,Wray,rwray3276@example.org,Wray3276@kuromaku-u.org,M,1/14/03,2025,2025,WHT,COM,UND,970-111-7275,916-555-0117,3276.png,f,8/20/21,5/31/25,,,
3277,Selma,Ambrogioli,sambrogioli3277@example.net,Ambrogioli3277@kuromaku-u.org,M,7/8/03,2025,2025,ASN,CIV,UND,970-111-7276,651-555-0184,3277.png,f,8/20/21,5/31/25,,,
3278,Celle,Cockroft,ccockroft3278@example.com,Cockroft3278@kuromaku-u.org,F,4/10/03,2025,2025,ASN,MAN,AER,970-111-7277,281-555-0111,3278.png,f,8/20/21,5/31/25,,,
3279,Lutero,Stobart,lstobart3279@example.net,Stobart3279@kuromaku-u.org,M,7/26/03,2025,2025,WHT,MAN,NUC,970-111-7278,225-555-0168,3279.png,f,8/20/21,5/31/25,,,
3280,Fara,Dudson,fdudson3280@example.org,Dudson3280@kuromaku-u.org,F,12/9/03,2025,2025,ASN,AER,UND,970-111-7279,971-555-0167,3280.png,f,8/20/21,5/31/25,,,
3281,Bail,Berney,bberney3281@example.com,Berney3281@kuromaku-u.org,F,5/16/03,2025,2025,WHT,ENG,UND,970-111-7280,832-555-0163,3281.png,f,8/20/21,5/31/25,,,
3282,Loydie,Wolver,lwolver3282@example.net,Wolver3282@kuromaku-u.org,M,1/1/03,2025,2025,ASN,COM,UND,970-111-7281,509-555-0128,3282.png,f,8/20/21,5/31/25,,,
3283,Malanie,Ruse,mruse3283@example.net,Ruse3283@kuromaku-u.org,F,4/21/03,2025,2025,AFR,COM,UND,970-111-7282,240-555-0121,3283.png,f,8/20/21,5/31/25,,,
3284,Rafe,Arbon,rarbon3284@example.net,Arbon3284@kuromaku-u.org,M,6/10/03,2025,2025,HSP,CIV,MEC,970-111-7283,972-555-0117,3284.png,f,8/20/21,5/31/25,,,
3285,Judith,Capel,jcapel3285@example.com,Capel3285@kuromaku-u.org,M,2/10/03,2025,2025,HSP,MEC,CHE,970-111-7284,603-555-0121,3285.png,f,8/20/21,5/31/25,,,
3286,Myrtice,Rotlauf,mrotlauf3286@example.net,Rotlauf3286@kuromaku-u.org,F,9/24/03,2025,2025,ASN,CIV,UND,970-111-7285,714-555-0177,3286.png,f,8/20/21,5/31/25,,,
3287,Dominique,Cornils,dcornils3287@example.net,Cornils3287@kuromaku-u.org,F,7/15/03,2025,2025,AFR,MAN,UND,970-111-7286,806-555-0126,3287.png,f,8/20/21,5/31/25,,,
3288,Bobbie,Kirmond,bkirmond3288@example.com,Kirmond3288@kuromaku-u.org,F,2/18/03,2025,2025,WHT,MAT,UND,970-111-7287,956-555-0102,3288.png,f,8/20/21,5/31/25,,,
3289,Harris,Dongall,hdongall3289@example.net,Dongall3289@kuromaku-u.org,M,7/18/03,2025,2025,AFR,NUC,MEC,970-111-7288,765-555-0181,3289.png,f,8/20/21,5/31/25,,,
3290,Chloe,Marsham,cmarsham3290@example.com,Marsham3290@kuromaku-u.org,M,9/6/03,2025,2025,WHT,MAT,UND,970-111-7289,805-555-0168,3290.png,f,8/20/21,5/31/25,,,
3291,Lief,Ends,lends3291@example.net,Ends3291@kuromaku-u.org,F,7/26/03,2025,2025,HSP,CHE,UND,970-111-7290,859-555-0149,3291.png,f,8/20/21,5/31/25,,,
3292,Riobard,Rimmington,rrimmington3292@example.com,Rimmington3292@kuromaku-u.org,F,8/8/03,2025,2025,WHT,NUC,COM,970-111-7291,256-555-0144,3292.png,f,8/20/21,5/31/25,,,
3293,Joline,Dodell,jdodell3293@example.com,Dodell3293@kuromaku-u.org,M,5/28/03,2025,2025,ASN,CHE,UND,970-111-7292,913-555-0144,3293.png,f,8/20/21,5/31/25,,,
3294,Petunia,McKimmie,pmckimmie3294@example.com,McKimmie3294@kuromaku-u.org,F,10/13/03,2025,2025,HSP,MAN,UND,970-111-7293,941-555-0152,3294.png,f,8/20/21,5/31/25,,,
3295,Robin,Spivie,rspivie3295@example.com,Spivie3295@kuromaku-u.org,M,2/23/03,2025,2025,HSP,NUC,UND,970-111-7294,913-555-0112,3295.png,f,8/20/21,5/31/25,,,
3296,Virginie,Wichard,vwichard3296@example.org,Wichard3296@kuromaku-u.org,F,12/15/03,2025,2025,WHT,ENG,UND,970-111-7295,863-555-0160,3296.png,f,8/20/21,5/31/25,,,
3297,Toby,Casado,tcasado3297@example.com,Casado3297@kuromaku-u.org,M,9/21/03,2025,2025,AFR,ENG,UND,970-111-7296,361-555-0140,3297.png,f,8/20/21,5/31/25,,,
3298,Jacobo,Bussens,jbussens3298@example.com,Bussens3298@kuromaku-u.org,M,3/20/03,2025,2025,WHT,CHE,UND,970-111-7297,251-555-0148,3298.png,f,8/20/21,5/31/25,,,
3299,Bobbie,Langthorne,blangthorne3299@example.net,Langthorne3299@kuromaku-u.org,F,5/22/03,2025,2025,ASN,COM,MAN,970-111-7298,336-555-0105,3299.png,f,8/20/21,5/31/25,,,
3300,Wilona,Olivia,wolivia3300@example.net,Olivia3300@kuromaku-u.org,F,4/15/03,2025,2025,WHT,MAN,NUC,970-111-7299,850-555-0180,3300.png,f,8/20/21,5/31/25,,,
3301,Ravi,Minshaw,rminshaw3301@example.org,Minshaw3301@kuromaku-u.org,F,6/3/03,2025,2025,AFR,NUC,UND,970-111-7300,707-555-0136,3301.png,f,8/20/21,5/31/25,,,
3302,Rutger,Bloxsum,rbloxsum3302@example.net,Bloxsum3302@kuromaku-u.org,F,4/12/03,2025,2025,HSP,NUC,MAN,970-111-7301,913-555-0123,3302.png,f,8/20/21,5/31/25,,,
3303,Margaretta,Dykas,mdykas3303@example.org,Dykas3303@kuromaku-u.org,F,2/14/03,2025,2025,HSP,MAN,UND,970-111-7302,281-555-0129,3303.png,f,8/20/21,5/31/25,,,
3304,Lannie,Clemes,lclemes3304@example.org,Clemes3304@kuromaku-u.org,M,4/8/03,2025,2025,ASN,CIV,UND,970-111-7303,972-555-0104,3304.png,f,8/20/21,5/31/25,,,
3305,Nat,Harkes,nharkes3305@example.net,Harkes3305@kuromaku-u.org,F,10/5/03,2025,2025,AFR,CIV,MEC,970-111-7304,850-555-0122,3305.png,f,8/20/21,5/31/25,,,
3306,Dalli,Stainburn,dstainburn3306@example.com,Stainburn3306@kuromaku-u.org,M,1/17/03,2025,2025,AFR,CHE,UND,970-111-7305,202-555-0143,3306.png,f,8/20/21,5/31/25,,,
3307,Maridel,Aldham,maldham3307@example.net,Aldham3307@kuromaku-u.org,M,10/25/03,2025,2025,HSP,MAT,UND,970-111-7306,972-555-0197,3307.png,f,8/20/21,5/31/25,,,
3308,Selene,Torrance,storrance3308@example.net,Torrance3308@kuromaku-u.org,F,1/9/03,2025,2025,AFR,AER,UND,970-111-7307,865-555-0185,3308.png,f,8/20/21,5/31/25,,,
3309,Brnaby,Ellis,bellis3309@example.org,Ellis3309@kuromaku-u.org,F,10/7/03,2025,2025,WHT,COM,UND,970-111-7308,330-555-0175,3309.png,f,8/20/21,5/31/25,,,
3310,Renell,Malby,rmalby3310@example.org,Malby3310@kuromaku-u.org,F,11/23/03,2025,2025,AFR,NUC,UND,970-111-7309,602-555-0152,3310.png,f,8/20/21,5/31/25,,,
3311,Gearalt,Calway,gcalway3311@example.org,Calway3311@kuromaku-u.org,M,10/7/03,2025,2025,AFR,CIV,UND,970-111-7310,810-555-0155,3311.png,f,8/20/21,5/31/25,,,
3312,Nady,Boards,nboards3312@example.com,Boards3312@kuromaku-u.org,F,3/5/03,2025,2025,WHT,ENG,UND,970-111-7311,313-555-0196,3312.png,f,8/20/21,5/31/25,,,
3313,Mortimer,Suddards,msuddards3313@example.com,Suddards3313@kuromaku-u.org,F,9/9/03,2025,2025,AFR,MEC,UND,970-111-7312,281-555-0133,3313.png,f,8/20/21,5/31/25,,,
3314,Bendix,Minnette,bminnette3314@example.com,Minnette3314@kuromaku-u.org,M,10/12/03,2025,2025,HSP,ENG,UND,970-111-7313,816-555-0127,3314.png,f,8/20/21,5/31/25,,,
3315,Glenn,Curreen,gcurreen3315@example.com,Curreen3315@kuromaku-u.org,F,6/15/03,2025,2025,AFR,NUC,AER,970-111-7314,936-555-0162,3315.png,f,8/20/21,5/31/25,,,
3316,Terrye,Habeshaw,thabeshaw3316@example.org,Habeshaw3316@kuromaku-u.org,F,10/18/03,2025,2025,WHT,MAT,UND,970-111-7315,562-555-0133,3316.png,f,8/20/21,5/31/25,,,
3317,Jecho,Rushford,jrushford3317@example.net,Rushford3317@kuromaku-u.org,F,1/4/03,2025,2025,AFR,MAT,UND,970-111-7316,303-555-0103,3317.png,f,8/20/21,5/31/25,,,
3318,Hebert,Kuhndel,hkuhndel3318@example.com,Kuhndel3318@kuromaku-u.org,M,8/8/03,2025,2025,AFR,CIV,UND,970-111-7317,501-555-0105,3318.png,f,8/20/21,5/31/25,,,
3319,Obed,Linay,olinay3319@example.com,Linay3319@kuromaku-u.org,M,7/20/03,2025,2025,AFR,MAT,AER,970-111-7318,801-555-0136,3319.png,f,8/20/21,5/31/25,,,
3320,Stan,Ogger,sogger3320@example.com,Ogger3320@kuromaku-u.org,M,3/18/03,2025,2025,HSP,MAT,UND,970-111-7319,775-555-0182,3320.png,f,8/20/21,5/31/25,,,
3321,Darlene,Garmans,dgarmans3321@example.net,Garmans3321@kuromaku-u.org,F,3/25/03,2025,2025,HSP,NUC,UND,970-111-7320,706-555-0107,3321.png,f,8/20/21,5/31/25,,,
3322,Jacobo,O'Corren,jocorren3322@example.com,O'Corren3322@kuromaku-u.org,F,11/11/03,2025,2025,HSP,COM,NUC,970-111-7321,303-555-0155,3322.png,f,8/20/21,5/31/25,,,
3323,Wilbert,Oakinfold,woakinfold3323@example.org,Oakinfold3323@kuromaku-u.org,F,11/15/03,2025,2025,HSP,AER,CHE,970-111-7322,765-555-0116,3323.png,f,8/20/21,5/31/25,,,
3324,Kelila,Vasilkov,kvasilkov3324@example.net,Vasilkov3324@kuromaku-u.org,M,9/19/03,2025,2025,AFR,AER,UND,970-111-7323,412-555-0130,3324.png,f,8/20/21,5/31/25,,,
3325,Georgia,Elwell,gelwell3325@example.com,Elwell3325@kuromaku-u.org,F,11/19/03,2025,2025,AFR,COM,UND,970-111-7324,682-555-0138,3325.png,f,8/20/21,5/31/25,,,
3326,Paolina,O'Corren,pocorren3326@example.net,O'Corren3326@kuromaku-u.org,F,5/14/03,2025,2025,ASN,CHE,UND,970-111-7325,808-555-0198,3326.png,f,8/20/21,5/31/25,,,
3327,Zollie,Revance,zrevance3327@example.org,Revance3327@kuromaku-u.org,M,8/18/03,2025,2025,HSP,CIV,COM,970-111-7326,209-555-0110,3327.png,f,8/20/21,5/31/25,,,
3328,Genvieve,Haryngton,gharyngton3328@example.net,Haryngton3328@kuromaku-u.org,M,2/24/03,2025,2025,HSP,ENG,UND,970-111-7327,205-555-0192,3328.png,f,8/20/21,5/31/25,,,
3329,Jae,Cram,jcram3329@example.org,Cram3329@kuromaku-u.org,F,3/24/03,2025,2025,ASN,ENG,UND,970-111-7328,918-555-0107,3329.png,f,8/20/21,5/31/25,,,
3330,Riannon,Heineke,rheineke3330@example.net,Heineke3330@kuromaku-u.org,M,5/14/03,2025,2025,WHT,CHE,UND,970-111-7329,936-555-0118,3330.png,f,8/20/21,5/31/25,,,
3331,Maddie,Ganning,mganning3331@example.org,Ganning3331@kuromaku-u.org,F,5/16/03,2025,2025,ASN,ENG,UND,970-111-7330,812-555-0162,3331.png,f,8/20/21,5/31/25,,,
3332,Bearnard,Burchall,bburchall3332@example.org,Burchall3332@kuromaku-u.org,M,8/11/03,2025,2025,AFR,MEC,UND,970-111-7331,847-555-0195,3332.png,f,8/20/21,5/31/25,,,
3333,Michele,Kellar,mkellar3333@example.net,Kellar3333@kuromaku-u.org,F,9/6/03,2025,2025,WHT,AER,UND,970-111-7332,714-555-0159,3333.png,f,8/20/21,5/31/25,,,
3334,Delbert,Ganning,dganning3334@example.org,Ganning3334@kuromaku-u.org,M,10/27/03,2025,2025,HSP,NUC,UND,970-111-7333,602-555-0137,3334.png,f,8/20/21,5/31/25,,,
3335,Raimundo,Tedstone,rtedstone3335@example.net,Tedstone3335@kuromaku-u.org,F,6/6/03,2025,2025,AFR,NUC,UND,970-111-7334,407-555-0164,3335.png,f,8/20/21,5/31/25,,,
3336,Rainer,Minshaw,rminshaw3336@example.com,Minshaw3336@kuromaku-u.org,M,7/21/03,2025,2025,ASN,MAN,UND,970-111-7335,360-555-0135,3336.png,f,8/20/21,5/31/25,,,
3337,Ravi,Celli,rcelli3337@example.net,Celli3337@kuromaku-u.org,F,9/3/03,2025,2025,WHT,CHE,UND,970-111-7336,718-555-0189,3337.png,f,8/20/21,5/31/25,,,
3338,Vania,Raymond,vraymond3338@example.net,Raymond3338@kuromaku-u.org,M,4/26/03,2025,2025,WHT,MAT,UND,970-111-7337,915-555-0174,3338.png,f,8/20/21,5/31/25,,,
3339,Rinaldo,Ahmad,rahmad3339@example.net,Ahmad3339@kuromaku-u.org,M,9/12/03,2025,2025,HSP,MAT,UND,970-111-7338,937-555-0106,3339.png,f,8/20/21,5/31/25,,,
3340,Anthony,Bennie,abennie3340@example.net,Bennie3340@kuromaku-u.org,M,8/19/03,2025,2025,HSP,CHE,UND,970-111-7339,361-555-0156,3340.png,f,8/20/21,5/31/25,,,
3341,Griz,Petegrew,gpetegrew3341@example.net,Petegrew3341@kuromaku-u.org,M,8/9/03,2025,2025,AFR,MEC,UND,970-111-7340,267-555-0116,3341.png,f,8/20/21,5/31/25,,,
3342,Donia,Fleischmann,dfleischmann3342@example.com,Fleischmann3342@kuromaku-u.org,M,3/22/03,2025,2025,AFR,MAN,UND,970-111-7341,240-555-0112,3342.png,f,8/20/21,5/31/25,,,
3343,Diannne,Randerson,dranderson3343@example.org,Randerson3343@kuromaku-u.org,M,3/7/03,2025,2025,WHT,MEC,UND,970-111-7342,918-555-0127,3343.png,f,8/20/21,5/31/25,,,
3344,Shir,Cosstick,scosstick3344@example.org,Cosstick3344@kuromaku-u.org,F,6/13/03,2025,2025,WHT,MAN,UND,970-111-7343,850-555-0189,3344.png,f,8/20/21,5/31/25,,,
3345,Arlette,Scamwell,ascamwell3345@example.org,Scamwell3345@kuromaku-u.org,M,9/12/03,2025,2025,AFR,NUC,UND,970-111-7344,770-555-0105,3345.png,f,8/20/21,5/31/25,,,
3346,Karlene,Fussell,kfussell3346@example.net,Fussell3346@kuromaku-u.org,M,12/3/03,2025,2025,WHT,NUC,CIV,970-111-7345,918-555-0178,3346.png,f,8/20/21,5/31/25,,,
3347,Stanislaus,Diter,sditer3347@example.org,Diter3347@kuromaku-u.org,F,9/15/03,2025,2025,AFR,MAN,COM,970-111-7346,757-555-0128,3347.png,f,8/20/21,5/31/25,,,
3348,Nady,Ryles,nryles3348@example.org,Ryles3348@kuromaku-u.org,F,3/20/03,2025,2025,HSP,NUC,CHE,970-111-7347,267-555-0110,3348.png,f,8/20/21,5/31/25,,,
3349,Loydie,Casado,lcasado3349@example.com,Casado3349@kuromaku-u.org,M,10/15/03,2025,2025,WHT,CIV,UND,970-111-7348,646-555-0164,3349.png,f,8/20/21,5/31/25,,,
3350,Euell,Dodell,edodell3350@example.com,Dodell3350@kuromaku-u.org,F,8/28/03,2025,2025,AFR,MAN,UND,970-111-7349,210-555-0179,3350.png,f,8/20/21,5/31/25,,,
3351,Arin,Nevin,anevin3351@example.org,Nevin3351@kuromaku-u.org,F,10/23/03,2025,2025,ASN,MEC,UND,970-111-7350,850-555-0140,3351.png,f,8/20/21,5/31/25,,,
3352,Britney,Walklot,bwalklot3352@example.org,Walklot3352@kuromaku-u.org,F,2/4/03,2025,2025,HSP,CHE,UND,970-111-7351,561-555-0130,3352.png,f,8/20/21,5/31/25,,,
3353,Kristyn,Reinert,kreinert3353@example.org,Reinert3353@kuromaku-u.org,M,6/13/03,2025,2025,WHT,CHE,UND,970-111-7352,909-555-0197,3353.png,f,8/20/21,5/31/25,,,
3354,Kort,Kitcat,kkitcat3354@example.net,Kitcat3354@kuromaku-u.org,M,12/17/03,2025,2025,HSP,AER,UND,970-111-7353,909-555-0116,3354.png,f,8/20/21,5/31/25,,,
3355,Alfy,Fidler,afidler3355@example.net,Fidler3355@kuromaku-u.org,M,7/15/03,2025,2025,AFR,MAT,CIV,970-111-7354,205-555-0198,3355.png,f,8/20/21,5/31/25,,,
3356,Selene,Trout,strout3356@example.org,Trout3356@kuromaku-u.org,F,12/7/03,2025,2025,ASN,COM,ENG,970-111-7355,208-555-0120,3356.png,f,8/20/21,5/31/25,,,
3357,Bette-ann,Harry,bharry3357@example.net,Harry3357@kuromaku-u.org,M,10/10/03,2025,2025,HSP,AER,UND,970-111-7356,323-555-0176,3357.png,f,8/20/21,5/31/25,,,
3358,Aeriela,Riccio,ariccio3358@example.net,Riccio3358@kuromaku-u.org,M,9/8/03,2025,2025,WHT,COM,UND,970-111-7357,956-555-0179,3358.png,f,8/20/21,5/31/25,,,
3359,Hubey,Wichard,hwichard3359@example.org,Wichard3359@kuromaku-u.org,M,1/22/03,2025,2025,HSP,COM,UND,970-111-7358,404-555-0111,3359.png,f,8/20/21,5/31/25,,,
3360,Cleavland,MacIntosh,cmacintosh3360@example.com,MacIntosh3360@kuromaku-u.org,M,9/12/03,2025,2025,WHT,CIV,COM,970-111-7359,505-555-0123,3360.png,f,8/20/21,5/31/25,,,
3361,Hubey,Kyme,hkyme3361@example.com,Kyme3361@kuromaku-u.org,F,9/26/03,2025,2025,WHT,MAT,ENG,970-111-7360,617-555-0125,3361.png,f,8/20/21,5/31/25,,,
3362,Bobine,Vasyukhin,bvasyukhin3362@example.net,Vasyukhin3362@kuromaku-u.org,F,11/12/03,2025,2025,AFR,MEC,UND,970-111-7361,702-555-0174,3362.png,f,8/20/21,5/31/25,,,
3363,Eba,Haryngton,eharyngton3363@example.com,Haryngton3363@kuromaku-u.org,M,6/10/03,2025,2025,ASN,CIV,MEC,970-111-7362,212-555-0189,3363.png,f,8/20/21,5/31/25,,,
3364,Virginie,Peacher,vpeacher3364@example.com,Peacher3364@kuromaku-u.org,M,1/28/03,2025,2025,WHT,CIV,UND,970-111-7363,516-555-0144,3364.png,f,8/20/21,5/31/25,,,
3365,Alexander,Boards,aboards3365@example.com,Boards3365@kuromaku-u.org,F,6/18/03,2025,2025,AFR,CHE,UND,970-111-7364,754-555-0191,3365.png,f,8/20/21,5/31/25,,,
3366,Evered,Lardeur,elardeur3366@example.com,Lardeur3366@kuromaku-u.org,M,5/25/03,2025,2025,ASN,CIV,UND,970-111-7365,314-555-0186,3366.png,f,8/20/21,5/31/25,,,
3367,Gloriane,Ramalho,gramalho3367@example.net,Ramalho3367@kuromaku-u.org,M,3/2/03,2025,2025,HSP,CHE,CIV,970-111-7366,805-555-0147,3367.png,f,8/20/21,5/31/25,,,
3368,Alfreda,Lilford,alilford3368@example.org,Lilford3368@kuromaku-u.org,F,4/25/03,2025,2025,ASN,COM,UND,970-111-7367,646-555-0172,3368.png,f,8/20/21,5/31/25,,,
3369,Valida,Shenton,vshenton3369@example.com,Shenton3369@kuromaku-u.org,M,11/12/03,2025,2025,ASN,CIV,UND,970-111-7368,862-555-0170,3369.png,f,8/20/21,5/31/25,,,
3370,Noam,Muckeen,nmuckeen3370@example.org,Muckeen3370@kuromaku-u.org,F,8/7/03,2025,2025,WHT,CIV,UND,970-111-7369,323-555-0181,3370.png,f,8/20/21,5/31/25,,,
3371,Aeriel,Verdey,averdey3371@example.org,Verdey3371@kuromaku-u.org,F,9/2/03,2025,2025,ASN,COM,UND,970-111-7370,810-555-0134,3371.png,f,8/20/21,5/31/25,,,
3372,Carleen,Cainey,ccainey3372@example.org,Cainey3372@kuromaku-u.org,F,3/27/03,2025,2025,AFR,MEC,UND,970-111-7371,714-555-0146,3372.png,f,8/20/21,5/31/25,,,
3373,Melicent,Hymor,mhymor3373@example.org,Hymor3373@kuromaku-u.org,M,4/28/03,2025,2025,HSP,CIV,UND,970-111-7372,334-555-0128,3373.png,f,8/20/21,5/31/25,,,
3374,Eleanore,Enticott,eenticott3374@example.org,Enticott3374@kuromaku-u.org,F,11/22/03,2025,2025,ASN,CHE,UND,970-111-7373,719-555-0168,3374.png,f,8/20/21,5/31/25,,,
3375,Olenka,McGibbon,omcgibbon3375@example.org,McGibbon3375@kuromaku-u.org,F,6/5/03,2025,2025,HSP,ENG,UND,970-111-7374,218-555-0102,3375.png,f,8/20/21,5/31/25,,,
3376,Stanford,Malling,smalling3376@example.com,Malling3376@kuromaku-u.org,M,5/11/03,2025,2025,HSP,MEC,UND,970-111-7375,216-555-0187,3376.png,f,8/20/21,5/31/25,,,
3377,Briano,Whitwell,bwhitwell3377@example.com,Whitwell3377@kuromaku-u.org,F,6/24/03,2025,2025,HSP,CHE,UND,970-111-7376,585-555-0134,3377.png,f,8/20/21,5/31/25,,,
3378,Frederica,Kording,fkording3378@example.com,Kording3378@kuromaku-u.org,M,3/18/03,2025,2025,ASN,ENG,CHE,970-111-7377,716-555-0144,3378.png,f,8/20/21,5/31/25,,,
3379,Gilli,Hens,ghens3379@example.org,Hens3379@kuromaku-u.org,M,3/27/03,2025,2025,ASN,MAN,UND,970-111-7378,619-555-0132,3379.png,f,8/20/21,5/31/25,,,
3380,Millisent,Hudd,mhudd3380@example.net,Hudd3380@kuromaku-u.org,F,6/5/03,2025,2025,AFR,NUC,UND,970-111-7379,515-555-0199,3380.png,f,8/20/21,5/31/25,,,
3381,Stanislaus,Rowlands,srowlands3381@example.net,Rowlands3381@kuromaku-u.org,F,1/19/03,2025,2025,HSP,NUC,ENG,970-111-7380,415-555-0171,3381.png,f,8/20/21,5/31/25,,,
3382,Gray,Fonte,gfonte3382@example.com,Fonte3382@kuromaku-u.org,F,1/15/03,2025,2025,WHT,MEC,UND,970-111-7381,814-555-0103,3382.png,f,8/20/21,5/31/25,,,
3383,Sylvia,Tippett,stippett3383@example.org,Tippett3383@kuromaku-u.org,F,1/24/03,2025,2025,HSP,CHE,COM,970-111-7382,325-555-0130,3383.png,f,8/20/21,5/31/25,,,
3384,Marie-jeanne,Pellamonuten,mpellamonuten3384@example.com,Pellamonuten3384@kuromaku-u.org,M,9/14/03,2025,2025,AFR,AER,UND,970-111-7383,717-555-0185,3384.png,f,8/20/21,5/31/25,,,
3385,Basile,Breitler,bbreitler3385@example.net,Breitler3385@kuromaku-u.org,M,11/26/03,2025,2025,AFR,NUC,UND,970-111-7384,570-555-0182,3385.png,f,8/20/21,5/31/25,,,
3386,Lise,Cadagan,lcadagan3386@example.org,Cadagan3386@kuromaku-u.org,F,2/9/03,2025,2025,WHT,MAN,UND,970-111-7385,714-555-0189,3386.png,f,8/20/21,5/31/25,,,
3387,Christophorus,Brandacci,cbrandacci3387@example.net,Brandacci3387@kuromaku-u.org,F,5/10/03,2025,2025,AFR,MEC,UND,970-111-7386,216-555-0174,3387.png,f,8/20/21,5/31/25,,,
3388,Bobine,McCuthais,bmccuthais3388@example.com,McCuthais3388@kuromaku-u.org,M,6/16/03,2025,2025,ASN,CHE,UND,970-111-7387,952-555-0141,3388.png,f,8/20/21,5/31/25,,,
3389,Wilek,Yarnold,wyarnold3389@example.net,Yarnold3389@kuromaku-u.org,F,3/14/03,2025,2025,WHT,ENG,UND,970-111-7388,319-555-0166,3389.png,f,8/20/21,5/31/25,,,
3390,Gothart,Leverett,gleverett3390@example.org,Leverett3390@kuromaku-u.org,F,5/15/03,2025,2025,HSP,CHE,AER,970-111-7389,212-555-0104,3390.png,f,8/20/21,5/31/25,,,
3391,Charmian,Woolfitt,cwoolfitt3391@example.com,Woolfitt3391@kuromaku-u.org,M,9/21/03,2025,2025,AFR,MAT,NUC,970-111-7390,503-555-0180,3391.png,f,8/20/21,5/31/25,,,
3392,Cleavland,Fidler,cfidler3392@example.org,Fidler3392@kuromaku-u.org,F,10/18/03,2025,2025,ASN,COM,UND,970-111-7391,603-555-0191,3392.png,f,8/20/21,5/31/25,,,
3393,Tuck,Latan,tlatan3393@example.com,Latan3393@kuromaku-u.org,M,11/21/03,2025,2025,WHT,CIV,MAN,970-111-7392,202-555-0194,3393.png,f,8/20/21,5/31/25,,,
3394,Meade,Lennon,mlennon3394@example.com,Lennon3394@kuromaku-u.org,M,1/26/03,2025,2025,AFR,AER,UND,970-111-7393,202-555-0130,3394.png,f,8/20/21,5/31/25,,,
3395,Myrwyn,Lamblot,mlamblot3395@example.com,Lamblot3395@kuromaku-u.org,F,2/17/03,2025,2025,WHT,MEC,UND,970-111-7394,331-555-0191,3395.png,f,8/20/21,5/31/25,,,
3396,Bertie,Norcross,bnorcross3396@example.com,Norcross3396@kuromaku-u.org,F,11/18/03,2025,2025,ASN,MAT,UND,970-111-7395,518-555-0132,3396.png,f,8/20/21,5/31/25,,,
3397,Kimball,Sendley,ksendley3397@example.org,Sendley3397@kuromaku-u.org,M,1/21/03,2025,2025,AFR,ENG,UND,970-111-7396,510-555-0111,3397.png,f,8/20/21,5/31/25,,,
3398,Rafe,Malby,rmalby3398@example.org,Malby3398@kuromaku-u.org,F,8/3/03,2025,2025,WHT,ENG,UND,970-111-7397,941-555-0131,3398.png,f,8/20/21,5/31/25,,,
3399,Beatrisa,Brazil,bbrazil3399@example.net,Brazil3399@kuromaku-u.org,M,10/11/03,2025,2025,WHT,MAT,UND,970-111-7398,713-555-0161,3399.png,f,8/20/21,5/31/25,,,
3400,Darby,Farlam,dfarlam3400@example.com,Farlam3400@kuromaku-u.org,M,4/15/03,2025,2025,HSP,CHE,UND,970-111-7399,973-555-0100,3400.png,f,8/20/21,5/31/25,,,
3401,Andros,Sighart,asighart3401@example.org,Sighart3401@kuromaku-u.org,M,8/14/03,2025,2025,WHT,CHE,UND,970-111-7400,937-555-0176,3401.png,f,8/20/21,5/31/25,,,
3402,Teodorico,Olivie,tolivie3402@example.org,Olivie3402@kuromaku-u.org,F,2/6/03,2025,2025,ASN,MAT,COM,970-111-7401,678-555-0106,3402.png,f,8/20/21,5/31/25,,,
3403,Jerry,Kenewell,jkenewell3403@example.net,Kenewell3403@kuromaku-u.org,F,4/13/03,2025,2025,ASN,CHE,UND,970-111-7402,415-555-0183,3403.png,f,8/20/21,5/31/25,,,
3404,Cleavland,Reuben,creuben3404@example.org,Reuben3404@kuromaku-u.org,M,6/22/03,2025,2025,HSP,CHE,UND,970-111-7403,608-555-0158,3404.png,f,8/20/21,5/31/25,,,
3405,Mallorie,Nelligan,mnelligan3405@example.org,Nelligan3405@kuromaku-u.org,M,7/18/03,2025,2025,AFR,AER,MAT,970-111-7404,518-555-0129,3405.png,f,8/20/21,5/31/25,,,
3406,Mario,Andrzejczak,mandrzejczak3406@example.com,Andrzejczak3406@kuromaku-u.org,F,1/7/03,2025,2025,AFR,AER,UND,970-111-7405,336-555-0162,3406.png,f,8/20/21,5/31/25,,,
3407,Venita,Wixon,vwixon3407@example.org,Wixon3407@kuromaku-u.org,F,8/26/03,2025,2025,WHT,MEC,UND,970-111-7406,410-555-0123,3407.png,f,8/20/21,5/31/25,,,
3408,Jeramie,Calverd,jcalverd3408@example.com,Calverd3408@kuromaku-u.org,F,6/21/03,2025,2025,WHT,MAT,AER,970-111-7407,347-555-0149,3408.png,f,8/20/21,5/31/25,,,
3409,Lindsey,Houlson,lhoulson3409@example.net,Houlson3409@kuromaku-u.org,M,10/10/03,2025,2025,AFR,CHE,ENG,970-111-7408,202-555-0161,3409.png,f,8/20/21,5/31/25,,,
3410,Everett,Satcher,esatcher3410@example.net,Satcher3410@kuromaku-u.org,M,1/10/03,2025,2025,HSP,MEC,MAN,970-111-7409,419-555-0183,3410.png,f,8/20/21,5/31/25,,,
3411,Alikee,Mc Meekan,amcmeekan3411@example.org,Mc Meekan3411@kuromaku-u.org,M,3/17/03,2025,2025,ASN,NUC,UND,970-111-7410,801-555-0191,3411.png,f,8/20/21,5/31/25,,,
3412,Penrod,Workman,pworkman3412@example.org,Workman3412@kuromaku-u.org,M,10/5/03,2025,2025,ASN,MEC,UND,970-111-7411,806-555-0128,3412.png,f,8/20/21,5/31/25,,,
3413,Normand,Rudinger,nrudinger3413@example.com,Rudinger3413@kuromaku-u.org,M,7/15/03,2025,2025,ASN,ENG,UND,970-111-7412,716-555-0122,3413.png,f,8/20/21,5/31/25,,,
3414,Isiahi,Neill,ineill3414@example.org,Neill3414@kuromaku-u.org,M,12/18/03,2025,2025,HSP,AER,UND,970-111-7413,305-555-0166,3414.png,f,8/20/21,5/31/25,,,
3415,Aeriel,Biggerstaff,abiggerstaff3415@example.org,Biggerstaff3415@kuromaku-u.org,M,1/18/03,2025,2025,ASN,MEC,UND,970-111-7414,937-555-0198,3415.png,f,8/20/21,5/31/25,,,
3416,Teodorico,Gimblett,tgimblett3416@example.org,Gimblett3416@kuromaku-u.org,M,10/5/03,2025,2025,AFR,AER,UND,970-111-7415,425-555-0148,3416.png,f,8/20/21,5/31/25,,,
3417,Pepe,Revance,prevance3417@example.net,Revance3417@kuromaku-u.org,M,10/13/03,2025,2025,AFR,MAT,UND,970-111-7416,202-555-0186,3417.png,f,8/20/21,5/31/25,,,
3418,Barclay,Bourget,bbourget3418@example.org,Bourget3418@kuromaku-u.org,F,10/21/03,2025,2025,ASN,COM,AER,970-111-7417,847-555-0153,3418.png,f,8/20/21,5/31/25,,,
3419,Sheba,Osgood,sosgood3419@example.net,Osgood3419@kuromaku-u.org,F,10/11/03,2025,2025,AFR,MAT,UND,970-111-7418,916-555-0112,3419.png,f,8/20/21,5/31/25,,,
3420,Fara,Waddy,fwaddy3420@example.net,Waddy3420@kuromaku-u.org,M,5/16/03,2025,2025,ASN,ENG,UND,970-111-7419,210-555-0189,3420.png,f,8/20/21,5/31/25,,,
3421,Joline,Alebrooke,jalebrooke3421@example.com,Alebrooke3421@kuromaku-u.org,M,8/1/03,2025,2025,AFR,AER,MEC,970-111-7420,727-555-0195,3421.png,f,8/20/21,5/31/25,,,
3422,Xymenes,Geraldez,xgeraldez3422@example.org,Geraldez3422@kuromaku-u.org,F,12/9/03,2025,2025,HSP,COM,CIV,970-111-7421,314-555-0116,3422.png,f,8/20/21,5/31/25,,,
3423,Rainer,Fonte,rfonte3423@example.net,Fonte3423@kuromaku-u.org,M,7/20/03,2025,2025,AFR,NUC,UND,970-111-7422,601-555-0114,3423.png,f,8/20/21,5/31/25,,,
3424,Mandel,Kyme,mkyme3424@example.net,Kyme3424@kuromaku-u.org,M,10/23/03,2025,2025,WHT,ENG,UND,970-111-7423,916-555-0161,3424.png,f,8/20/21,5/31/25,,,
3425,Ezequiel,Langthorne,elangthorne3425@example.com,Langthorne3425@kuromaku-u.org,F,7/4/03,2025,2025,ASN,AER,UND,970-111-7424,816-555-0186,3425.png,f,8/20/21,5/31/25,,,
3426,Mead,Biggerstaff,mbiggerstaff3426@example.net,Biggerstaff3426@kuromaku-u.org,M,2/3/03,2025,2025,WHT,ENG,CHE,970-111-7425,949-555-0160,3426.png,f,8/20/21,5/31/25,,,
3427,Myrtice,Djekovic,mdjekovic3427@example.org,Djekovic3427@kuromaku-u.org,F,9/22/03,2025,2025,WHT,CHE,UND,970-111-7426,702-555-0153,3427.png,f,8/20/21,5/31/25,,,
3428,Ailbert,Workman,aworkman3428@example.net,Workman3428@kuromaku-u.org,F,1/7/03,2025,2025,WHT,MAN,UND,970-111-7427,330-555-0178,3428.png,f,8/20/21,5/31/25,,,
3429,Millisent,Smedmore,msmedmore3429@example.org,Smedmore3429@kuromaku-u.org,F,5/12/03,2025,2025,AFR,COM,UND,970-111-7428,770-555-0132,3429.png,f,8/20/21,5/31/25,,,
3430,Koo,Margach,kmargach3430@example.com,Margach3430@kuromaku-u.org,M,9/28/03,2025,2025,HSP,AER,UND,970-111-7429,734-555-0189,3430.png,f,8/20/21,5/31/25,,,
3431,Clay,Marden,cmarden3431@example.net,Marden3431@kuromaku-u.org,M,11/28/03,2025,2025,AFR,MEC,UND,970-111-7430,713-555-0188,3431.png,f,8/20/21,5/31/25,,,
3432,Colet,Brolan,cbrolan3432@example.org,Brolan3432@kuromaku-u.org,M,1/12/03,2025,2025,HSP,ENG,UND,970-111-7431,314-555-0179,3432.png,f,8/20/21,5/31/25,,,
3433,Wynn,Trice,wtrice3433@example.net,Trice3433@kuromaku-u.org,M,6/1/03,2025,2025,HSP,CHE,NUC,970-111-7432,727-555-0104,3433.png,f,8/20/21,5/31/25,,,
3434,Vin,Cesco,vcesco3434@example.com,Cesco3434@kuromaku-u.org,M,1/21/03,2025,2025,HSP,CHE,MAN,970-111-7433,941-555-0144,3434.png,f,8/20/21,5/31/25,,,
3435,Tully,Arbon,tarbon3435@example.org,Arbon3435@kuromaku-u.org,F,3/14/03,2025,2025,AFR,ENG,UND,970-111-7434,504-555-0183,3435.png,f,8/20/21,5/31/25,,,
3436,Hugo,Agg,hagg3436@example.net,Agg3436@kuromaku-u.org,M,4/5/03,2025,2025,ASN,MAT,UND,970-111-7435,801-555-0127,3436.png,f,8/20/21,5/31/25,,,
3437,Doe,Samwayes,dsamwayes3437@example.com,Samwayes3437@kuromaku-u.org,F,9/19/03,2025,2025,AFR,CHE,UND,970-111-7436,817-555-0169,3437.png,f,8/20/21,5/31/25,,,
3438,Jorie,Staining,jstaining3438@example.net,Staining3438@kuromaku-u.org,M,1/3/03,2025,2025,ASN,NUC,UND,970-111-7437,918-555-0193,3438.png,f,8/20/21,5/31/25,,,
3439,Brennan,Nanetti,bnanetti3439@example.org,Nanetti3439@kuromaku-u.org,M,7/9/03,2025,2025,ASN,NUC,UND,970-111-7438,503-555-0185,3439.png,f,8/20/21,5/31/25,,,
3440,Melicent,Shenton,mshenton3440@example.net,Shenton3440@kuromaku-u.org,M,7/9/03,2025,2025,AFR,ENG,NUC,970-111-7439,513-555-0174,3440.png,f,8/20/21,5/31/25,,,
3441,Jean,Kerrich,jkerrich3441@example.org,Kerrich3441@kuromaku-u.org,M,12/13/03,2025,2025,ASN,CIV,UND,970-111-7440,646-555-0130,3441.png,f,8/20/21,5/31/25,,,
3442,Viva,Alebrooke,valebrooke3442@example.com,Alebrooke3442@kuromaku-u.org,M,2/19/03,2025,2025,ASN,MAT,UND,970-111-7441,914-555-0182,3442.png,f,8/20/21,5/31/25,,,
3443,Bernadette,Boneham,bboneham3443@example.com,Boneham3443@kuromaku-u.org,F,4/12/03,2025,2025,HSP,ENG,UND,970-111-7442,908-555-0151,3443.png,f,8/20/21,5/31/25,,,
3444,Sal,Torrance,storrance3444@example.com,Torrance3444@kuromaku-u.org,F,11/19/03,2025,2025,ASN,MAN,UND,970-111-7443,704-555-0166,3444.png,f,8/20/21,5/31/25,,,
3445,Casey,Phillpotts,cphillpotts3445@example.org,Phillpotts3445@kuromaku-u.org,M,3/26/03,2025,2025,ASN,CIV,MAT,970-111-7444,682-555-0163,3445.png,f,8/20/21,5/31/25,,,
3446,Anthony,Poytheras,apoytheras3446@example.net,Poytheras3446@kuromaku-u.org,F,4/9/03,2025,2025,ASN,MAT,COM,970-111-7445,513-555-0179,3446.png,f,8/20/21,5/31/25,,,
3447,Hi,Quarlis,hquarlis3447@example.net,Quarlis3447@kuromaku-u.org,M,9/3/03,2025,2025,AFR,MEC,UND,970-111-7446,901-555-0157,3447.png,f,8/20/21,5/31/25,,,
3448,Shanon,Kirtland,skirtland3448@example.net,Kirtland3448@kuromaku-u.org,F,11/28/03,2025,2025,AFR,MAT,UND,970-111-7447,859-555-0170,3448.png,f,8/20/21,5/31/25,,,
3449,Arlette,Bogaert,abogaert3449@example.org,Bogaert3449@kuromaku-u.org,M,10/10/03,2025,2025,AFR,NUC,UND,970-111-7448,682-555-0193,3449.png,f,8/20/21,5/31/25,,,
3450,Marlo,Ambroise,mambroise3450@example.org,Ambroise3450@kuromaku-u.org,M,7/17/03,2025,2025,AFR,MAT,UND,970-111-7449,918-555-0192,3450.png,f,8/20/21,5/31/25,,,
3451,Eba,Jaimez,ejaimez3451@example.com,Jaimez3451@kuromaku-u.org,M,1/19/03,2025,2025,AFR,COM,UND,970-111-7450,612-555-0113,3451.png,f,8/20/21,5/31/25,,,
3452,Else,Carrol,ecarrol3452@example.net,Carrol3452@kuromaku-u.org,M,4/25/03,2025,2025,WHT,CHE,MAN,970-111-7451,573-555-0100,3452.png,f,8/20/21,5/31/25,,,
3453,Happy,Shavel,hshavel3453@example.com,Shavel3453@kuromaku-u.org,F,8/9/03,2025,2025,WHT,CHE,UND,970-111-7452,208-555-0186,3453.png,f,8/20/21,5/31/25,,,
3454,Melvyn,Suddards,msuddards3454@example.com,Suddards3454@kuromaku-u.org,M,5/24/03,2025,2025,WHT,COM,UND,970-111-7453,760-555-0126,3454.png,f,8/20/21,5/31/25,,,
3455,Margot,Judson,mjudson3455@example.org,Judson3455@kuromaku-u.org,M,9/18/03,2025,2025,AFR,MAN,UND,970-111-7454,806-555-0119,3455.png,f,8/20/21,5/31/25,,,
3456,Major,Lawlee,mlawlee3456@example.net,Lawlee3456@kuromaku-u.org,F,11/1/03,2025,2025,ASN,COM,MAN,970-111-7455,720-555-0149,3456.png,f,8/20/21,5/31/25,,,
3457,Lion,Southers,lsouthers3457@example.com,Southers3457@kuromaku-u.org,F,12/22/03,2025,2025,ASN,AER,UND,970-111-7456,860-555-0137,3457.png,f,8/20/21,5/31/25,,,
3458,Julina,Wadly,jwadly3458@example.com,Wadly3458@kuromaku-u.org,M,12/21/03,2025,2025,ASN,AER,MAN,970-111-7457,956-555-0116,3458.png,f,8/20/21,5/31/25,,,
3459,Caitlin,Gidley,cgidley3459@example.net,Gidley3459@kuromaku-u.org,F,5/21/03,2025,2025,WHT,MEC,UND,970-111-7458,312-555-0125,3459.png,f,8/20/21,5/31/25,,,
3460,Cori,Verchambre,cverchambre3460@example.com,Verchambre3460@kuromaku-u.org,M,8/28/03,2025,2025,WHT,COM,UND,970-111-7459,225-555-0184,3460.png,f,8/20/21,5/31/25,,,
3461,Son,Spellacey,sspellacey3461@example.com,Spellacey3461@kuromaku-u.org,M,12/8/03,2025,2025,HSP,COM,AER,970-111-7460,501-555-0109,3461.png,f,8/20/21,5/31/25,,,
3462,Milli,Siddell,msiddell3462@example.net,Siddell3462@kuromaku-u.org,M,7/1/03,2025,2025,WHT,AER,UND,970-111-7461,209-555-0155,3462.png,f,8/20/21,5/31/25,,,
3463,Marshal,Wanklin,mwanklin3463@example.com,Wanklin3463@kuromaku-u.org,M,7/18/03,2025,2025,HSP,AER,NUC,970-111-7462,860-555-0115,3463.png,f,8/20/21,5/31/25,,,
3464,Lloyd,Lilford,llilford3464@example.net,Lilford3464@kuromaku-u.org,F,1/10/03,2025,2025,ASN,MAT,UND,970-111-7463,404-555-0151,3464.png,f,8/20/21,5/31/25,,,
3465,Hanson,Hovert,hhovert3465@example.net,Hovert3465@kuromaku-u.org,F,9/4/03,2025,2025,AFR,MAN,UND,970-111-7464,314-555-0180,3465.png,f,8/20/21,5/31/25,,,
3466,Rosamund,Fowler,rfowler3466@example.net,Fowler3466@kuromaku-u.org,F,3/11/03,2025,2025,WHT,MAT,UND,970-111-7465,202-555-0135,3466.png,f,8/20/21,5/31/25,,,
3467,Tawsha,Monni,tmonni3467@example.org,Monni3467@kuromaku-u.org,M,12/21/03,2025,2025,HSP,MEC,NUC,970-111-7466,913-555-0103,3467.png,f,8/20/21,5/31/25,,,
3468,Papageno,Kas,pkas3468@example.org,Kas3468@kuromaku-u.org,M,5/17/03,2025,2025,WHT,CIV,UND,970-111-7467,312-555-0139,3468.png,f,8/20/21,5/31/25,,,
3469,Emelita,Sudell,esudell3469@example.net,Sudell3469@kuromaku-u.org,F,5/9/03,2025,2025,AFR,AER,UND,970-111-7468,608-555-0148,3469.png,f,8/20/21,5/31/25,,,
3470,Humbert,Ahmad,hahmad3470@example.org,Ahmad3470@kuromaku-u.org,M,11/21/03,2025,2025,WHT,CHE,UND,970-111-7469,415-555-0127,3470.png,f,8/20/21,5/31/25,,,
3471,Sargent,de Tocqueville,sdetocqueville3471@example.net,de Tocqueville3471@kuromaku-u.org,F,7/3/03,2025,2025,HSP,AER,UND,970-111-7470,714-555-0104,3471.png,f,8/20/21,5/31/25,,,
3472,Owen,Sommersett,osommersett3472@example.org,Sommersett3472@kuromaku-u.org,F,1/22/03,2025,2025,WHT,NUC,UND,970-111-7471,203-555-0103,3472.png,f,8/20/21,5/31/25,,,
3473,Lou,Ketch,lketch3473@example.net,Ketch3473@kuromaku-u.org,F,1/15/03,2025,2025,WHT,ENG,UND,970-111-7472,415-555-0116,3473.png,f,8/20/21,5/31/25,,,
3474,Mozelle,Morter,mmorter3474@example.net,Morter3474@kuromaku-u.org,F,2/6/03,2025,2025,AFR,AER,UND,970-111-7473,913-555-0104,3474.png,f,8/20/21,5/31/25,,,
3475,Teddie,Whatford,twhatford3475@example.com,Whatford3475@kuromaku-u.org,M,4/6/03,2025,2025,WHT,MAN,UND,970-111-7474,208-555-0147,3475.png,f,8/20/21,5/31/25,,,
3476,Elvira,Simacek,esimacek3476@example.org,Simacek3476@kuromaku-u.org,M,9/24/03,2025,2025,WHT,NUC,UND,970-111-7475,859-555-0143,3476.png,f,8/20/21,5/31/25,,,
3477,Davidson,Harkes,dharkes3477@example.net,Harkes3477@kuromaku-u.org,F,6/22/03,2025,2025,AFR,MAT,UND,970-111-7476,509-555-0185,3477.png,f,8/20/21,5/31/25,,,
3478,Cathe,Calverd,ccalverd3478@example.net,Calverd3478@kuromaku-u.org,F,7/3/03,2025,2025,HSP,CHE,UND,970-111-7477,913-555-0109,3478.png,f,8/20/21,5/31/25,,,
3479,Cloris,Fessby,cfessby3479@example.net,Fessby3479@kuromaku-u.org,F,11/16/03,2025,2025,WHT,CIV,MAT,970-111-7478,704-555-0100,3479.png,f,8/20/21,5/31/25,,,
3480,Raeann,Zumbusch,rzumbusch3480@example.com,Zumbusch3480@kuromaku-u.org,M,4/9/03,2025,2025,HSP,CIV,UND,970-111-7479,317-555-0146,3480.png,f,8/20/21,5/31/25,,,
3481,Korie,Matteris,kmatteris3481@example.com,Matteris3481@kuromaku-u.org,F,5/11/03,2025,2025,WHT,MAN,UND,970-111-7480,563-555-0108,3481.png,f,8/20/21,5/31/25,,,
3482,Anthony,Iacopini,aiacopini3482@example.com,Iacopini3482@kuromaku-u.org,M,6/25/03,2025,2025,HSP,MEC,UND,970-111-7481,817-555-0164,3482.png,f,8/20/21,5/31/25,,,
3483,Maddie,Coling,mcoling3483@example.com,Coling3483@kuromaku-u.org,F,4/11/03,2025,2025,WHT,ENG,UND,970-111-7482,713-555-0151,3483.png,f,8/20/21,5/31/25,,,
3484,Daniel,Trout,dtrout3484@example.org,Trout3484@kuromaku-u.org,M,11/26/03,2025,2025,ASN,MAN,UND,970-111-7483,225-555-0190,3484.png,f,8/20/21,5/31/25,,,
3485,Tuck,Emm,temm3485@example.com,Emm3485@kuromaku-u.org,M,4/25/03,2025,2025,HSP,ENG,AER,970-111-7484,702-555-0160,3485.png,f,8/20/21,5/31/25,,,
3486,Astrix,McElwee,amcelwee3486@example.org,McElwee3486@kuromaku-u.org,M,9/18/03,2025,2025,AFR,MEC,UND,970-111-7485,217-555-0168,3486.png,f,8/20/21,5/31/25,,,
3487,Kristyn,Pourvoieur,kpourvoieur3487@example.com,Pourvoieur3487@kuromaku-u.org,M,5/12/03,2025,2025,WHT,MEC,UND,970-111-7486,202-555-0174,3487.png,f,8/20/21,5/31/25,,,
3488,Mia,Dowsett,mdowsett3488@example.org,Dowsett3488@kuromaku-u.org,M,8/13/03,2025,2025,HSP,COM,UND,970-111-7487,509-555-0153,3488.png,f,8/20/21,5/31/25,,,
3489,Cleavland,Reicherz,creicherz3489@example.org,Reicherz3489@kuromaku-u.org,M,1/4/03,2025,2025,HSP,COM,UND,970-111-7488,334-555-0106,3489.png,f,8/20/21,5/31/25,,,
3490,Stanislaw,Volante,svolante3490@example.net,Volante3490@kuromaku-u.org,M,11/7/03,2025,2025,HSP,CHE,UND,970-111-7489,775-555-0158,3490.png,f,8/20/21,5/31/25,,,
3491,Papageno,Southers,psouthers3491@example.com,Southers3491@kuromaku-u.org,M,11/14/03,2025,2025,ASN,AER,COM,970-111-7490,309-555-0140,3491.png,f,8/20/21,5/31/25,,,
3492,Dalli,Fellgett,dfellgett3492@example.com,Fellgett3492@kuromaku-u.org,M,11/23/03,2025,2025,WHT,CIV,UND,970-111-7491,414-555-0174,3492.png,f,8/20/21,5/31/25,,,
3493,Culley,O' Markey,comarkey3493@example.org,O' Markey3493@kuromaku-u.org,F,10/1/03,2025,2025,AFR,MAT,UND,970-111-7492,334-555-0141,3493.png,f,8/20/21,5/31/25,,,
3494,Baron,Ciccerale,bciccerale3494@example.com,Ciccerale3494@kuromaku-u.org,M,5/13/03,2025,2025,AFR,MEC,NUC,970-111-7493,360-555-0137,3494.png,f,8/20/21,5/31/25,,,
3495,Gilli,Dillingstone,gdillingstone3495@example.org,Dillingstone3495@kuromaku-u.org,F,7/15/03,2025,2025,ASN,NUC,UND,970-111-7494,801-555-0162,3495.png,f,8/20/21,5/31/25,,,
3496,Miguela,Fonte,mfonte3496@example.net,Fonte3496@kuromaku-u.org,F,8/3/03,2025,2025,AFR,CIV,UND,970-111-7495,573-555-0186,3496.png,f,8/20/21,5/31/25,,,
3497,Domenic,Siddell,dsiddell3497@example.org,Siddell3497@kuromaku-u.org,F,11/23/03,2025,2025,ASN,MEC,MAN,970-111-7496,240-555-0107,3497.png,f,8/20/21,5/31/25,,,
3498,Catarina,Hens,chens3498@example.net,Hens3498@kuromaku-u.org,M,5/24/03,2025,2025,ASN,COM,UND,970-111-7497,850-555-0144,3498.png,f,8/20/21,5/31/25,,,
3499,Silvan,Heephy,sheephy3499@example.com,Heephy3499@kuromaku-u.org,F,3/17/03,2025,2025,WHT,MAT,UND,970-111-7498,317-555-0125,3499.png,f,8/20/21,5/31/25,,,
3500,Carlene,Enderwick,cenderwick3500@example.net,Enderwick3500@kuromaku-u.org,M,11/12/03,2025,2025,AFR,MAN,UND,970-111-7499,412-555-0151,3500.png,f,8/20/21,5/31/25,,,
3501,Brennan,Deamer,bdeamer3501@example.net,Deamer3501@kuromaku-u.org,M,2/24/04,2026,2026,ASN,ENG,MAT,970-111-7500,913-555-0147,3501.png,f,8/20/22,5/31/26,,,
3502,Rolph,Hathaway,rhathaway3502@example.org,Hathaway3502@kuromaku-u.org,F,3/22/04,2026,2026,AFR,MAN,UND,970-111-7501,952-555-0137,3502.png,f,8/20/22,5/31/26,,,
3503,Bari,Stodit,bstodit3503@example.net,Stodit3503@kuromaku-u.org,M,8/24/04,2026,2026,AFR,AER,UND,970-111-7502,770-555-0160,3503.png,f,8/20/22,5/31/26,,,
3504,Manfred,Deamer,mdeamer3504@example.com,Deamer3504@kuromaku-u.org,F,9/15/04,2026,2026,WHT,CHE,UND,970-111-7503,410-555-0122,3504.png,f,8/20/22,5/31/26,,,
3505,Nicolais,Fortie,nfortie3505@example.net,Fortie3505@kuromaku-u.org,M,3/17/04,2026,2026,AFR,MAT,UND,970-111-7504,210-555-0193,3505.png,f,8/20/22,5/31/26,,,
3506,Dagny,Foulis,dfoulis3506@example.org,Foulis3506@kuromaku-u.org,M,10/3/04,2026,2026,HSP,NUC,UND,970-111-7505,719-555-0152,3506.png,f,8/20/22,5/31/26,,,
3507,Aldwin,Waistall,awaistall3507@example.com,Waistall3507@kuromaku-u.org,M,11/22/04,2026,2026,ASN,MEC,UND,970-111-7506,971-555-0143,3507.png,f,8/20/22,5/31/26,,,
3508,Janaye,Skowcraft,jskowcraft3508@example.com,Skowcraft3508@kuromaku-u.org,M,4/13/04,2026,2026,AFR,ENG,UND,970-111-7507,814-555-0173,3508.png,f,8/20/22,5/31/26,,,
3509,Giovanna,Jedras,gjedras3509@example.org,Jedras3509@kuromaku-u.org,M,8/5/04,2026,2026,ASN,ENG,UND,970-111-7508,651-555-0185,3509.png,f,8/20/22,5/31/26,,,
3510,Marlo,Tindley,mtindley3510@example.com,Tindley3510@kuromaku-u.org,M,7/22/04,2026,2026,HSP,ENG,UND,970-111-7509,573-555-0103,3510.png,f,8/20/22,5/31/26,,,
3511,Benjy,Fernandez,bfernandez3511@example.org,Fernandez3511@kuromaku-u.org,M,6/5/04,2026,2026,ASN,AER,UND,970-111-7510,754-555-0178,3511.png,f,8/20/22,5/31/26,,,
3512,Cayla,Sommersett,csommersett3512@example.org,Sommersett3512@kuromaku-u.org,M,5/22/04,2026,2026,WHT,COM,UND,970-111-7511,717-555-0152,3512.png,f,8/20/22,5/31/26,,,
3513,Truda,Demageard,tdemageard3513@example.org,Demageard3513@kuromaku-u.org,F,3/17/04,2026,2026,HSP,ENG,UND,970-111-7512,202-555-0179,3513.png,f,8/20/22,5/31/26,,,
3514,Maynord,Blackleech,mblackleech3514@example.com,Blackleech3514@kuromaku-u.org,F,5/10/04,2026,2026,HSP,CHE,UND,970-111-7513,512-555-0175,3514.png,f,8/20/22,5/31/26,,,
3515,Druci,Ramalho,dramalho3515@example.net,Ramalho3515@kuromaku-u.org,F,10/25/04,2026,2026,HSP,MAN,NUC,970-111-7514,281-555-0115,3515.png,f,8/20/22,5/31/26,,,
3516,Urbano,Cornthwaite,ucornthwaite3516@example.com,Cornthwaite3516@kuromaku-u.org,F,12/7/04,2026,2026,WHT,ENG,NUC,970-111-7515,334-555-0193,3516.png,f,8/20/22,5/31/26,,,
3517,Thomasina,Fearnyough,tfearnyough3517@example.net,Fearnyough3517@kuromaku-u.org,F,7/15/04,2026,2026,HSP,ENG,UND,970-111-7516,785-555-0179,3517.png,f,8/20/22,5/31/26,,,
3518,Teriann,Heintze,theintze3518@example.net,Heintze3518@kuromaku-u.org,F,4/2/04,2026,2026,WHT,AER,CIV,970-111-7517,404-555-0147,3518.png,f,8/20/22,5/31/26,,,
3519,Alphonse,Pimmocke,apimmocke3519@example.com,Pimmocke3519@kuromaku-u.org,F,2/16/04,2026,2026,AFR,NUC,CHE,970-111-7518,716-555-0162,3519.png,f,8/20/22,5/31/26,,,
3520,Cull,Enderwick,cenderwick3520@example.net,Enderwick3520@kuromaku-u.org,F,1/5/04,2026,2026,WHT,AER,MAN,970-111-7519,214-555-0171,3520.png,f,8/20/22,5/31/26,,,
3521,Alfy,Fairbrass,afairbrass3521@example.com,Fairbrass3521@kuromaku-u.org,M,5/26/04,2026,2026,WHT,COM,UND,970-111-7520,734-555-0127,3521.png,f,8/20/22,5/31/26,,,
3522,Jennee,Dykas,jdykas3522@example.com,Dykas3522@kuromaku-u.org,F,4/26/04,2026,2026,HSP,MEC,UND,970-111-7521,817-555-0117,3522.png,f,8/20/22,5/31/26,,,
3523,Lorin,Daughtry,ldaughtry3523@example.net,Daughtry3523@kuromaku-u.org,F,10/28/04,2026,2026,WHT,COM,UND,970-111-7522,704-555-0172,3523.png,f,8/20/22,5/31/26,,,
3524,Jory,Chevis,jchevis3524@example.net,Chevis3524@kuromaku-u.org,M,6/27/04,2026,2026,WHT,CIV,UND,970-111-7523,786-555-0123,3524.png,f,8/20/22,5/31/26,,,
3525,Kearney,Froome,kfroome3525@example.org,Froome3525@kuromaku-u.org,M,2/1/04,2026,2026,AFR,ENG,MAT,970-111-7524,239-555-0158,3525.png,f,8/20/22,5/31/26,,,
3526,Feliks,Casewell,fcasewell3526@example.net,Casewell3526@kuromaku-u.org,F,10/16/04,2026,2026,ASN,CIV,UND,970-111-7525,914-555-0178,3526.png,f,8/20/22,5/31/26,,,
3527,Nanine,Luce,nluce3527@example.com,Luce3527@kuromaku-u.org,M,3/12/04,2026,2026,ASN,COM,UND,970-111-7526,323-555-0117,3527.png,f,8/20/22,5/31/26,,,
3528,Kort,Sporle,ksporle3528@example.net,Sporle3528@kuromaku-u.org,F,1/27/04,2026,2026,HSP,NUC,UND,970-111-7527,202-555-0183,3528.png,f,8/20/22,5/31/26,,,
3529,Nady,Breitler,nbreitler3529@example.com,Breitler3529@kuromaku-u.org,F,2/8/04,2026,2026,AFR,ENG,UND,970-111-7528,603-555-0137,3529.png,f,8/20/22,5/31/26,,,
3530,Rourke,Macellar,rmacellar3530@example.com,Macellar3530@kuromaku-u.org,F,8/15/04,2026,2026,WHT,MAT,UND,970-111-7529,202-555-0122,3530.png,f,8/20/22,5/31/26,,,
3531,Davidson,Kinzel,dkinzel3531@example.net,Kinzel3531@kuromaku-u.org,F,1/21/04,2026,2026,ASN,MEC,NUC,970-111-7530,202-555-0185,3531.png,f,8/20/22,5/31/26,,,
3532,Marni,Dahlgren,mdahlgren3532@example.com,Dahlgren3532@kuromaku-u.org,M,7/18/04,2026,2026,WHT,NUC,ENG,970-111-7531,202-555-0105,3532.png,f,8/20/22,5/31/26,,,
3533,Jaquenetta,Shury,jshury3533@example.com,Shury3533@kuromaku-u.org,M,5/19/04,2026,2026,HSP,COM,UND,970-111-7532,860-555-0181,3533.png,f,8/20/22,5/31/26,,,
3534,Brnaby,Kelle,bkelle3534@example.com,Kelle3534@kuromaku-u.org,F,5/21/04,2026,2026,WHT,AER,ENG,970-111-7533,509-555-0156,3534.png,f,8/20/22,5/31/26,,,
3535,Pepe,Cleland,pcleland3535@example.com,Cleland3535@kuromaku-u.org,F,7/4/04,2026,2026,WHT,MAN,UND,970-111-7534,336-555-0187,3535.png,f,8/20/22,5/31/26,,,
3536,Gloriane,de Tocqueville,gdetocqueville3536@example.org,de Tocqueville3536@kuromaku-u.org,M,4/21/04,2026,2026,ASN,CHE,NUC,970-111-7535,305-555-0193,3536.png,f,8/20/22,5/31/26,,,
3537,Clara,Dillingstone,cdillingstone3537@example.org,Dillingstone3537@kuromaku-u.org,M,4/12/04,2026,2026,HSP,CIV,UND,970-111-7536,586-555-0156,3537.png,f,8/20/22,5/31/26,,,
3538,Bev,Rihanek,brihanek3538@example.com,Rihanek3538@kuromaku-u.org,M,8/10/04,2026,2026,HSP,ENG,MAN,970-111-7537,808-555-0186,3538.png,f,8/20/22,5/31/26,,,
3539,Genvieve,Opie,gopie3539@example.com,Opie3539@kuromaku-u.org,F,6/13/04,2026,2026,AFR,MAN,UND,970-111-7538,704-555-0116,3539.png,f,8/20/22,5/31/26,,,
3540,Sauncho,Doughtery,sdoughtery3540@example.net,Doughtery3540@kuromaku-u.org,F,4/8/04,2026,2026,ASN,NUC,UND,970-111-7539,817-555-0128,3540.png,f,8/20/22,5/31/26,,,
3541,Farra,Addekin,faddekin3541@example.com,Addekin3541@kuromaku-u.org,M,6/8/04,2026,2026,ASN,MAN,UND,970-111-7540,334-555-0198,3541.png,f,8/20/22,5/31/26,,,
3542,Gilberta,Fazackerley,gfazackerley3542@example.org,Fazackerley3542@kuromaku-u.org,M,8/12/04,2026,2026,ASN,ENG,CHE,970-111-7541,662-555-0175,3542.png,f,8/20/22,5/31/26,,,
3543,Andros,Grzelewski,agrzelewski3543@example.net,Grzelewski3543@kuromaku-u.org,M,3/2/04,2026,2026,HSP,COM,UND,970-111-7542,832-555-0151,3543.png,f,8/20/22,5/31/26,,,
3544,Garek,Addekin,gaddekin3544@example.com,Addekin3544@kuromaku-u.org,M,12/3/04,2026,2026,WHT,CIV,MEC,970-111-7543,201-555-0150,3544.png,f,8/20/22,5/31/26,,,
3545,Con,Doole,cdoole3545@example.com,Doole3545@kuromaku-u.org,F,4/3/04,2026,2026,AFR,COM,UND,970-111-7544,404-555-0105,3545.png,f,8/20/22,5/31/26,,,
3546,Livia,Tomblings,ltomblings3546@example.com,Tomblings3546@kuromaku-u.org,F,9/27/04,2026,2026,ASN,MEC,UND,970-111-7545,409-555-0196,3546.png,f,8/20/22,5/31/26,,,
3547,Eddi,Luce,eluce3547@example.org,Luce3547@kuromaku-u.org,M,12/9/04,2026,2026,HSP,CHE,UND,970-111-7546,936-555-0152,3547.png,f,8/20/22,5/31/26,,,
3548,Emanuel,Pearcehouse,epearcehouse3548@example.org,Pearcehouse3548@kuromaku-u.org,M,4/3/04,2026,2026,AFR,ENG,UND,970-111-7547,901-555-0196,3548.png,f,8/20/22,5/31/26,,,
3549,Anthony,Smiz,asmiz3549@example.com,Smiz3549@kuromaku-u.org,M,4/1/04,2026,2026,ASN,NUC,UND,970-111-7548,502-555-0160,3549.png,f,8/20/22,5/31/26,,,
3550,Bernardo,Cooper,bcooper3550@example.com,Cooper3550@kuromaku-u.org,M,12/6/04,2026,2026,AFR,CHE,UND,970-111-7549,303-555-0139,3550.png,f,8/20/22,5/31/26,,,
3551,Paolina,Livesley,plivesley3551@example.org,Livesley3551@kuromaku-u.org,M,1/7/04,2026,2026,WHT,ENG,AER,970-111-7550,608-555-0107,3551.png,f,8/20/22,5/31/26,,,
3552,Kalindi,Woolfitt,kwoolfitt3552@example.com,Woolfitt3552@kuromaku-u.org,F,1/1/04,2026,2026,HSP,MAN,UND,970-111-7551,202-555-0120,3552.png,f,8/20/22,5/31/26,,,
3553,Celestyn,Luce,cluce3553@example.org,Luce3553@kuromaku-u.org,M,10/25/04,2026,2026,AFR,CHE,UND,970-111-7552,949-555-0142,3553.png,f,8/20/22,5/31/26,,,
3554,Weber,Armall,warmall3554@example.com,Armall3554@kuromaku-u.org,F,4/15/04,2026,2026,AFR,ENG,NUC,970-111-7553,603-555-0126,3554.png,f,8/20/22,5/31/26,,,
3555,Boris,Pattie,bpattie3555@example.com,Pattie3555@kuromaku-u.org,M,2/27/04,2026,2026,ASN,ENG,COM,970-111-7554,303-555-0105,3555.png,f,8/20/22,5/31/26,,,
3556,Harris,Leverson,hleverson3556@example.org,Leverson3556@kuromaku-u.org,F,12/26/04,2026,2026,HSP,AER,UND,970-111-7555,616-555-0196,3556.png,f,8/20/22,5/31/26,,,
3557,Gannon,Smeuin,gsmeuin3557@example.net,Smeuin3557@kuromaku-u.org,F,10/27/04,2026,2026,AFR,NUC,UND,970-111-7556,678-555-0164,3557.png,f,8/20/22,5/31/26,,,
3558,Nata,Mattheeuw,nmattheeuw3558@example.com,Mattheeuw3558@kuromaku-u.org,F,4/18/04,2026,2026,HSP,AER,UND,970-111-7557,609-555-0128,3558.png,f,8/20/22,5/31/26,,,
3559,Jason,Hazzard,jhazzard3559@example.org,Hazzard3559@kuromaku-u.org,F,7/3/04,2026,2026,ASN,ENG,MEC,970-111-7558,303-555-0190,3559.png,f,8/20/22,5/31/26,,,
3560,Mendy,Bussens,mbussens3560@example.net,Bussens3560@kuromaku-u.org,M,2/5/04,2026,2026,WHT,ENG,AER,970-111-7559,936-555-0122,3560.png,f,8/20/22,5/31/26,,,
3561,Vin,Sommersett,vsommersett3561@example.org,Sommersett3561@kuromaku-u.org,F,6/19/04,2026,2026,AFR,CIV,UND,970-111-7560,505-555-0112,3561.png,f,8/20/22,5/31/26,,,
3562,Kearney,Neill,kneill3562@example.com,Neill3562@kuromaku-u.org,F,8/21/04,2026,2026,ASN,NUC,UND,970-111-7561,816-555-0177,3562.png,f,8/20/22,5/31/26,,,
3563,Eric,Wistance,ewistance3563@example.com,Wistance3563@kuromaku-u.org,M,4/14/04,2026,2026,AFR,ENG,UND,970-111-7562,901-555-0191,3563.png,f,8/20/22,5/31/26,,,
3564,Aeriel,Fernandez,afernandez3564@example.net,Fernandez3564@kuromaku-u.org,M,2/8/04,2026,2026,ASN,MAT,UND,970-111-7563,424-555-0158,3564.png,f,8/20/22,5/31/26,,,
3565,Desmond,Lakenton,dlakenton3565@example.com,Lakenton3565@kuromaku-u.org,F,4/27/04,2026,2026,HSP,NUC,ENG,970-111-7564,757-555-0190,3565.png,f,8/20/22,5/31/26,,,
3566,Isak,Cesco,icesco3566@example.com,Cesco3566@kuromaku-u.org,M,3/16/04,2026,2026,AFR,AER,UND,970-111-7565,205-555-0141,3566.png,f,8/20/22,5/31/26,,,
3567,Selma,Wistance,swistance3567@example.net,Wistance3567@kuromaku-u.org,F,5/5/04,2026,2026,AFR,CIV,UND,970-111-7566,202-555-0182,3567.png,f,8/20/22,5/31/26,,,
3568,Job,Kirtland,jkirtland3568@example.com,Kirtland3568@kuromaku-u.org,M,7/11/04,2026,2026,HSP,COM,UND,970-111-7567,202-555-0140,3568.png,f,8/20/22,5/31/26,,,
3569,Pippa,Menichillo,pmenichillo3569@example.net,Menichillo3569@kuromaku-u.org,F,12/19/04,2026,2026,ASN,AER,UND,970-111-7568,603-555-0196,3569.png,f,8/20/22,5/31/26,,,
3570,Alwyn,Silvers,asilvers3570@example.com,Silvers3570@kuromaku-u.org,M,7/15/04,2026,2026,HSP,MAN,UND,970-111-7569,562-555-0168,3570.png,f,8/20/22,5/31/26,,,
3571,Delbert,Reicherz,dreicherz3571@example.org,Reicherz3571@kuromaku-u.org,M,5/7/04,2026,2026,WHT,CIV,UND,970-111-7570,908-555-0126,3571.png,f,8/20/22,5/31/26,,,
3572,Gradeigh,Fowler,gfowler3572@example.org,Fowler3572@kuromaku-u.org,M,8/4/04,2026,2026,ASN,MEC,UND,970-111-7571,203-555-0151,3572.png,f,8/20/22,5/31/26,,,
3573,Vivi,Grocutt,vgrocutt3573@example.com,Grocutt3573@kuromaku-u.org,F,12/10/04,2026,2026,ASN,ENG,UND,970-111-7572,702-555-0148,3573.png,f,8/20/22,5/31/26,,,
3574,Cynthea,Oldaker,coldaker3574@example.net,Oldaker3574@kuromaku-u.org,M,10/27/04,2026,2026,ASN,MAT,UND,970-111-7573,682-555-0125,3574.png,f,8/20/22,5/31/26,,,
3575,Murdock,Jedras,mjedras3575@example.org,Jedras3575@kuromaku-u.org,M,2/25/04,2026,2026,AFR,ENG,UND,970-111-7574,904-555-0172,3575.png,f,8/20/22,5/31/26,,,
3576,Boot,Tipens,btipens3576@example.org,Tipens3576@kuromaku-u.org,F,5/1/04,2026,2026,HSP,ENG,UND,970-111-7575,601-555-0172,3576.png,f,8/20/22,5/31/26,,,
3577,Alano,Trigwell,atrigwell3577@example.com,Trigwell3577@kuromaku-u.org,F,1/25/04,2026,2026,ASN,AER,UND,970-111-7576,323-555-0129,3577.png,f,8/20/22,5/31/26,,,
3578,Tailor,Anyene,tanyene3578@example.com,Anyene3578@kuromaku-u.org,M,5/7/04,2026,2026,AFR,MAN,UND,970-111-7577,612-555-0192,3578.png,f,8/20/22,5/31/26,,,
3579,Etan,Kuhndel,ekuhndel3579@example.com,Kuhndel3579@kuromaku-u.org,F,10/24/04,2026,2026,AFR,NUC,UND,970-111-7578,606-555-0135,3579.png,f,8/20/22,5/31/26,,,
3580,Karlene,Enriques,kenriques3580@example.org,Enriques3580@kuromaku-u.org,M,4/5/04,2026,2026,WHT,CHE,UND,970-111-7579,502-555-0121,3580.png,f,8/20/22,5/31/26,,,
3581,Georges,Bouette,gbouette3581@example.org,Bouette3581@kuromaku-u.org,M,3/27/04,2026,2026,HSP,CIV,UND,970-111-7580,510-555-0104,3581.png,f,8/20/22,5/31/26,,,
3582,Lishe,Cleaves,lcleaves3582@example.org,Cleaves3582@kuromaku-u.org,F,8/1/04,2026,2026,WHT,MAT,UND,970-111-7581,502-555-0190,3582.png,f,8/20/22,5/31/26,,,
3583,Regine,Mc Meekan,rmcmeekan3583@example.com,Mc Meekan3583@kuromaku-u.org,M,6/18/04,2026,2026,ASN,NUC,UND,970-111-7582,205-555-0186,3583.png,f,8/20/22,5/31/26,,,
3584,Marshal,Monni,mmonni3584@example.net,Monni3584@kuromaku-u.org,M,9/26/04,2026,2026,AFR,ENG,UND,970-111-7583,612-555-0110,3584.png,f,8/20/22,5/31/26,,,
3585,Ariela,Grocutt,agrocutt3585@example.org,Grocutt3585@kuromaku-u.org,F,2/9/04,2026,2026,AFR,CIV,UND,970-111-7584,760-555-0142,3585.png,f,8/20/22,5/31/26,,,
3586,Pepe,Bamforth,pbamforth3586@example.com,Bamforth3586@kuromaku-u.org,M,6/3/04,2026,2026,ASN,CIV,UND,970-111-7585,850-555-0107,3586.png,f,8/20/22,5/31/26,,,
3587,Carly,Connell,cconnell3587@example.net,Connell3587@kuromaku-u.org,M,1/4/04,2026,2026,HSP,CIV,UND,970-111-7586,303-555-0151,3587.png,f,8/20/22,5/31/26,,,
3588,Hewie,Fenty,hfenty3588@example.com,Fenty3588@kuromaku-u.org,M,6/6/04,2026,2026,AFR,AER,UND,970-111-7587,303-555-0116,3588.png,f,8/20/22,5/31/26,,,
3589,Maryanna,Spooner,mspooner3589@example.com,Spooner3589@kuromaku-u.org,M,7/19/04,2026,2026,WHT,MAN,UND,970-111-7588,415-555-0126,3589.png,f,8/20/22,5/31/26,,,
3590,Janessa,Parcells,jparcells3590@example.com,Parcells3590@kuromaku-u.org,F,11/7/04,2026,2026,ASN,ENG,UND,970-111-7589,727-555-0156,3590.png,f,8/20/22,5/31/26,,,
3591,Yasmin,McIlvoray,ymcilvoray3591@example.com,McIlvoray3591@kuromaku-u.org,M,12/17/04,2026,2026,HSP,CIV,UND,970-111-7590,405-555-0143,3591.png,f,8/20/22,5/31/26,,,
3592,Marthe,Peaple,mpeaple3592@example.org,Peaple3592@kuromaku-u.org,M,1/21/04,2026,2026,HSP,COM,UND,970-111-7591,202-555-0109,3592.png,f,8/20/22,5/31/26,,,
3593,Myrtice,Casiroli,mcasiroli3593@example.net,Casiroli3593@kuromaku-u.org,F,5/26/04,2026,2026,AFR,MEC,UND,970-111-7592,786-555-0165,3593.png,f,8/20/22,5/31/26,,,
3594,Stanislaus,Farrant,sfarrant3594@example.org,Farrant3594@kuromaku-u.org,F,2/16/04,2026,2026,AFR,NUC,UND,970-111-7593,202-555-0102,3594.png,f,8/20/22,5/31/26,,,
3595,Agretha,Capron,acapron3595@example.com,Capron3595@kuromaku-u.org,F,2/20/04,2026,2026,WHT,MAT,UND,970-111-7594,860-555-0119,3595.png,f,8/20/22,5/31/26,,,
3596,Celestina,Bromwich,cbromwich3596@example.org,Bromwich3596@kuromaku-u.org,M,8/7/04,2026,2026,ASN,MAT,UND,970-111-7595,205-555-0174,3596.png,f,8/20/22,5/31/26,,,
3597,Rosalind,Bonus,rbonus3597@example.net,Bonus3597@kuromaku-u.org,F,7/16/04,2026,2026,ASN,COM,UND,970-111-7596,501-555-0112,3597.png,f,8/20/22,5/31/26,,,
3598,Lem,Freear,lfreear3598@example.org,Freear3598@kuromaku-u.org,F,10/9/04,2026,2026,WHT,MAT,UND,970-111-7597,352-555-0176,3598.png,f,8/20/22,5/31/26,,,
3599,Jaine,Randerson,jranderson3599@example.net,Randerson3599@kuromaku-u.org,M,10/17/04,2026,2026,AFR,NUC,CIV,970-111-7598,785-555-0128,3599.png,f,8/20/22,5/31/26,,,
3600,Aimil,Vasyukhin,avasyukhin3600@example.com,Vasyukhin3600@kuromaku-u.org,M,1/12/04,2026,2026,ASN,CIV,UND,970-111-7599,404-555-0119,3600.png,f,8/20/22,5/31/26,,,
3601,Sigismundo,Isakovic,sisakovic3601@example.org,Isakovic3601@kuromaku-u.org,F,8/5/04,2026,2026,AFR,MEC,MAN,970-111-7600,215-555-0185,3601.png,f,8/20/22,5/31/26,,,
3602,Gloriane,Pitcaithly,gpitcaithly3602@example.com,Pitcaithly3602@kuromaku-u.org,F,8/3/04,2026,2026,HSP,CIV,UND,970-111-7601,786-555-0180,3602.png,f,8/20/22,5/31/26,,,
3603,Gayler,Chandlar,gchandlar3603@example.com,Chandlar3603@kuromaku-u.org,M,3/17/04,2026,2026,ASN,NUC,UND,970-111-7602,920-555-0161,3603.png,f,8/20/22,5/31/26,,,
3604,Donia,Urion,durion3604@example.net,Urion3604@kuromaku-u.org,F,11/10/04,2026,2026,HSP,MAT,UND,970-111-7603,971-555-0187,3604.png,f,8/20/22,5/31/26,,,
3605,Anjela,Ackermann,aackermann3605@example.net,Ackermann3605@kuromaku-u.org,F,12/4/04,2026,2026,ASN,MAT,UND,970-111-7604,208-555-0114,3605.png,f,8/20/22,5/31/26,,,
3606,Georgia,Silvers,gsilvers3606@example.com,Silvers3606@kuromaku-u.org,M,11/21/04,2026,2026,ASN,ENG,UND,970-111-7605,812-555-0131,3606.png,f,8/20/22,5/31/26,,,
3607,Toby,Campey,tcampey3607@example.org,Campey3607@kuromaku-u.org,F,8/5/04,2026,2026,AFR,MAN,UND,970-111-7606,240-555-0128,3607.png,f,8/20/22,5/31/26,,,
3608,Miguel,Audley,maudley3608@example.com,Audley3608@kuromaku-u.org,M,1/18/04,2026,2026,HSP,CHE,UND,970-111-7607,847-555-0123,3608.png,f,8/20/22,5/31/26,,,
3609,Quentin,Wray,qwray3609@example.com,Wray3609@kuromaku-u.org,F,2/6/04,2026,2026,WHT,ENG,CHE,970-111-7608,757-555-0104,3609.png,f,8/20/22,5/31/26,,,
3610,Cleavland,Torrance,ctorrance3610@example.com,Torrance3610@kuromaku-u.org,M,9/16/04,2026,2026,HSP,ENG,UND,970-111-7609,504-555-0171,3610.png,f,8/20/22,5/31/26,,,
3611,Godard,Knight,gknight3611@example.net,Knight3611@kuromaku-u.org,F,10/6/04,2026,2026,ASN,NUC,CHE,970-111-7610,323-555-0173,3611.png,f,8/20/22,5/31/26,,,
3612,Taddeusz,Addekin,taddekin3612@example.net,Addekin3612@kuromaku-u.org,F,7/15/04,2026,2026,AFR,CHE,CIV,970-111-7611,360-555-0106,3612.png,f,8/20/22,5/31/26,,,
3613,Belle,Diter,bditer3613@example.com,Diter3613@kuromaku-u.org,M,8/20/04,2026,2026,AFR,NUC,UND,970-111-7612,704-555-0105,3613.png,f,8/20/22,5/31/26,,,
3614,Georgetta,Able,gable3614@example.com,Able3614@kuromaku-u.org,M,5/24/04,2026,2026,ASN,MAT,UND,970-111-7613,954-555-0185,3614.png,f,8/20/22,5/31/26,,,
3615,Niko,Oxnam,noxnam3615@example.org,Oxnam3615@kuromaku-u.org,F,2/3/04,2026,2026,HSP,CIV,UND,970-111-7614,913-555-0171,3615.png,f,8/20/22,5/31/26,,,
3616,Ezequiel,Riding,eriding3616@example.net,Riding3616@kuromaku-u.org,M,7/12/04,2026,2026,ASN,MEC,UND,970-111-7615,202-555-0172,3616.png,f,8/20/22,5/31/26,,,
3617,Baron,Iacopini,biacopini3617@example.net,Iacopini3617@kuromaku-u.org,M,12/8/04,2026,2026,AFR,NUC,UND,970-111-7616,617-555-0115,3617.png,f,8/20/22,5/31/26,,,
3618,Gradeigh,Djekovic,gdjekovic3618@example.org,Djekovic3618@kuromaku-u.org,M,5/28/04,2026,2026,AFR,MEC,CIV,970-111-7617,863-555-0170,3618.png,f,8/20/22,5/31/26,,,
3619,Rodge,Zorzoni,rzorzoni3619@example.org,Zorzoni3619@kuromaku-u.org,F,9/27/04,2026,2026,HSP,COM,UND,970-111-7618,972-555-0159,3619.png,f,8/20/22,5/31/26,,,
3620,Erhard,Knight,eknight3620@example.net,Knight3620@kuromaku-u.org,F,3/5/04,2026,2026,WHT,NUC,UND,970-111-7619,719-555-0130,3620.png,f,8/20/22,5/31/26,,,
3621,Alfy,Diack,adiack3621@example.net,Diack3621@kuromaku-u.org,M,7/14/04,2026,2026,AFR,MAT,UND,970-111-7620,801-555-0180,3621.png,f,8/20/22,5/31/26,,,
3622,Desiree,Fairhead,dfairhead3622@example.org,Fairhead3622@kuromaku-u.org,M,7/10/04,2026,2026,ASN,ENG,UND,970-111-7621,234-555-0116,3622.png,f,8/20/22,5/31/26,,,
3623,Colman,Phippin,cphippin3623@example.net,Phippin3623@kuromaku-u.org,F,3/5/04,2026,2026,HSP,MAT,UND,970-111-7622,415-555-0122,3623.png,f,8/20/22,5/31/26,,,
3624,Bekki,Jakubovits,bjakubovits3624@example.org,Jakubovits3624@kuromaku-u.org,F,6/3/04,2026,2026,HSP,NUC,UND,970-111-7623,412-555-0117,3624.png,f,8/20/22,5/31/26,,,
3625,Orlando,Blinco,oblinco3625@example.com,Blinco3625@kuromaku-u.org,M,8/17/04,2026,2026,WHT,CHE,UND,970-111-7624,714-555-0149,3625.png,f,8/20/22,5/31/26,,,
3626,Georgie,Scandred,gscandred3626@example.com,Scandred3626@kuromaku-u.org,F,2/2/04,2026,2026,HSP,CIV,UND,970-111-7625,202-555-0162,3626.png,f,8/20/22,5/31/26,,,
3627,Jennee,Mauser,jmauser3627@example.net,Mauser3627@kuromaku-u.org,M,7/18/04,2026,2026,HSP,MEC,UND,970-111-7626,479-555-0146,3627.png,f,8/20/22,5/31/26,,,
3628,Muffin,Enriques,menriques3628@example.net,Enriques3628@kuromaku-u.org,M,3/9/04,2026,2026,AFR,CIV,UND,970-111-7627,608-555-0118,3628.png,f,8/20/22,5/31/26,,,
3629,Lem,Gadsden,lgadsden3629@example.com,Gadsden3629@kuromaku-u.org,M,12/23/04,2026,2026,AFR,AER,UND,970-111-7628,512-555-0111,3629.png,f,8/20/22,5/31/26,,,
3630,Anthea,Trimme,atrimme3630@example.net,Trimme3630@kuromaku-u.org,F,2/23/04,2026,2026,AFR,CIV,UND,970-111-7629,907-555-0153,3630.png,f,8/20/22,5/31/26,,,
3631,Nata,Amery,namery3631@example.net,Amery3631@kuromaku-u.org,M,1/18/04,2026,2026,AFR,NUC,UND,970-111-7630,904-555-0140,3631.png,f,8/20/22,5/31/26,,,
3632,Bev,Bartlam,bbartlam3632@example.org,Bartlam3632@kuromaku-u.org,M,7/9/04,2026,2026,AFR,AER,UND,970-111-7631,510-555-0131,3632.png,f,8/20/22,5/31/26,,,
3633,Culley,Marsham,cmarsham3633@example.org,Marsham3633@kuromaku-u.org,M,7/27/04,2026,2026,WHT,COM,UND,970-111-7632,314-555-0126,3633.png,f,8/20/22,5/31/26,,,
3634,Danella,Pawels,dpawels3634@example.net,Pawels3634@kuromaku-u.org,M,7/9/04,2026,2026,HSP,ENG,UND,970-111-7633,817-555-0157,3634.png,f,8/20/22,5/31/26,,,
3635,Marlo,Patriche,mpatriche3635@example.net,Patriche3635@kuromaku-u.org,M,8/13/04,2026,2026,ASN,MAN,UND,970-111-7634,203-555-0125,3635.png,f,8/20/22,5/31/26,,,
3636,Althea,Bettleson,abettleson3636@example.org,Bettleson3636@kuromaku-u.org,F,12/18/04,2026,2026,AFR,MAN,UND,970-111-7635,213-555-0104,3636.png,f,8/20/22,5/31/26,,,
3637,Huntley,Genicke,hgenicke3637@example.com,Genicke3637@kuromaku-u.org,F,4/14/04,2026,2026,AFR,ENG,UND,970-111-7636,806-555-0143,3637.png,f,8/20/22,5/31/26,,,
3638,Karyl,Elwell,kelwell3638@example.com,Elwell3638@kuromaku-u.org,F,5/24/04,2026,2026,HSP,MEC,UND,970-111-7637,206-555-0147,3638.png,f,8/20/22,5/31/26,,,
3639,Nona,Pennick,npennick3639@example.net,Pennick3639@kuromaku-u.org,F,4/23/04,2026,2026,AFR,MEC,UND,970-111-7638,614-555-0145,3639.png,f,8/20/22,5/31/26,,,
3640,Michele,Barnewelle,mbarnewelle3640@example.org,Barnewelle3640@kuromaku-u.org,M,3/2/04,2026,2026,AFR,NUC,UND,970-111-7639,205-555-0137,3640.png,f,8/20/22,5/31/26,,,
3641,Charlena,Porte,cporte3641@example.net,Porte3641@kuromaku-u.org,M,8/18/04,2026,2026,ASN,COM,UND,970-111-7640,203-555-0132,3641.png,f,8/20/22,5/31/26,,,
3642,Andros,Hens,ahens3642@example.org,Hens3642@kuromaku-u.org,M,4/26/04,2026,2026,ASN,COM,UND,970-111-7641,510-555-0181,3642.png,f,8/20/22,5/31/26,,,
3643,Coralie,Weich,cweich3643@example.org,Weich3643@kuromaku-u.org,M,2/17/04,2026,2026,ASN,ENG,UND,970-111-7642,509-555-0193,3643.png,f,8/20/22,5/31/26,,,
3644,Drusy,MacLardie,dmaclardie3644@example.org,MacLardie3644@kuromaku-u.org,F,4/18/04,2026,2026,AFR,COM,UND,970-111-7643,423-555-0129,3644.png,f,8/20/22,5/31/26,,,
3645,Vanni,Klais,vklais3645@example.org,Klais3645@kuromaku-u.org,M,9/5/04,2026,2026,WHT,CIV,MEC,970-111-7644,303-555-0147,3645.png,f,8/20/22,5/31/26,,,
3646,Alidia,Zorzutti,azorzutti3646@example.net,Zorzutti3646@kuromaku-u.org,M,2/2/04,2026,2026,WHT,MAN,UND,970-111-7645,334-555-0146,3646.png,f,8/20/22,5/31/26,,,
3647,Carlee,Lis,clis3647@example.net,Lis3647@kuromaku-u.org,F,3/26/04,2026,2026,AFR,MEC,UND,970-111-7646,313-555-0115,3647.png,f,8/20/22,5/31/26,,,
3648,Anjela,Wanklin,awanklin3648@example.net,Wanklin3648@kuromaku-u.org,M,6/15/04,2026,2026,WHT,MAN,ENG,970-111-7647,913-555-0187,3648.png,f,8/20/22,5/31/26,,,
3649,Fara,Skpsey,fskpsey3649@example.com,Skpsey3649@kuromaku-u.org,F,3/25/04,2026,2026,AFR,MEC,UND,970-111-7648,408-555-0100,3649.png,f,8/20/22,5/31/26,,,
3650,Christopher,Norcross,cnorcross3650@example.org,Norcross3650@kuromaku-u.org,M,4/6/04,2026,2026,WHT,MEC,NUC,970-111-7649,571-555-0155,3650.png,f,8/20/22,5/31/26,,,
3651,Major,Cundy,mcundy3651@example.com,Cundy3651@kuromaku-u.org,M,10/14/04,2026,2026,WHT,ENG,UND,970-111-7650,786-555-0186,3651.png,f,8/20/22,5/31/26,,,
3652,Renell,Bernaldo,rbernaldo3652@example.org,Bernaldo3652@kuromaku-u.org,M,9/19/04,2026,2026,AFR,ENG,UND,970-111-7651,253-555-0131,3652.png,f,8/20/22,5/31/26,,,
3653,Britney,Klain,bklain3653@example.net,Klain3653@kuromaku-u.org,M,3/11/04,2026,2026,WHT,MAN,UND,970-111-7652,512-555-0163,3653.png,f,8/20/22,5/31/26,,,
3654,Nicolette,Leverett,nleverett3654@example.com,Leverett3654@kuromaku-u.org,F,7/15/04,2026,2026,HSP,MAT,UND,970-111-7653,989-555-0117,3654.png,f,8/20/22,5/31/26,,,
3655,Osbourne,Scandred,oscandred3655@example.com,Scandred3655@kuromaku-u.org,F,2/8/04,2026,2026,WHT,NUC,MAN,970-111-7654,786-555-0137,3655.png,f,8/20/22,5/31/26,,,
3656,Maurie,Zielinski,mzielinski3656@example.com,Zielinski3656@kuromaku-u.org,F,11/11/04,2026,2026,ASN,NUC,UND,970-111-7655,913-555-0137,3656.png,f,8/20/22,5/31/26,,,
3657,Val,Bromwich,vbromwich3657@example.net,Bromwich3657@kuromaku-u.org,F,7/7/04,2026,2026,HSP,MAT,UND,970-111-7656,971-555-0184,3657.png,f,8/20/22,5/31/26,,,
3658,Garek,Biernat,gbiernat3658@example.net,Biernat3658@kuromaku-u.org,M,2/25/04,2026,2026,ASN,CHE,UND,970-111-7657,619-555-0159,3658.png,f,8/20/22,5/31/26,,,
3659,Silvio,Burrass,sburrass3659@example.com,Burrass3659@kuromaku-u.org,F,7/10/04,2026,2026,WHT,NUC,UND,970-111-7658,319-555-0199,3659.png,f,8/20/22,5/31/26,,,
3660,Calv,Pellamonuten,cpellamonuten3660@example.net,Pellamonuten3660@kuromaku-u.org,F,4/17/04,2026,2026,HSP,MAN,UND,970-111-7659,412-555-0159,3660.png,f,8/20/22,5/31/26,,,
3661,Wynn,Rimmington,wrimmington3661@example.org,Rimmington3661@kuromaku-u.org,F,3/2/04,2026,2026,WHT,CHE,UND,970-111-7660,937-555-0117,3661.png,f,8/20/22,5/31/26,,,
3662,Emelita,Searchwell,esearchwell3662@example.com,Searchwell3662@kuromaku-u.org,F,9/15/04,2026,2026,AFR,MAN,UND,970-111-7661,623-555-0113,3662.png,f,8/20/22,5/31/26,,,
3663,Kenny,Grocutt,kgrocutt3663@example.net,Grocutt3663@kuromaku-u.org,M,2/9/04,2026,2026,HSP,ENG,AER,970-111-7662,727-555-0140,3663.png,f,8/20/22,5/31/26,,,
3664,Boris,Doughtery,bdoughtery3664@example.org,Doughtery3664@kuromaku-u.org,M,2/25/04,2026,2026,HSP,MAT,UND,970-111-7663,901-555-0173,3664.png,f,8/20/22,5/31/26,,,
3665,Mattie,Dudson,mdudson3665@example.org,Dudson3665@kuromaku-u.org,F,5/11/04,2026,2026,WHT,MAT,UND,970-111-7664,651-555-0158,3665.png,f,8/20/22,5/31/26,,,
3666,Cobbie,Stoade,cstoade3666@example.com,Stoade3666@kuromaku-u.org,F,12/10/04,2026,2026,ASN,ENG,COM,970-111-7665,215-555-0188,3666.png,f,8/20/22,5/31/26,,,
3667,Elbertine,Enriques,eenriques3667@example.org,Enriques3667@kuromaku-u.org,F,5/18/04,2026,2026,HSP,AER,CHE,970-111-7666,850-555-0174,3667.png,f,8/20/22,5/31/26,,,
3668,Muffin,Chataignier,mchataignier3668@example.com,Chataignier3668@kuromaku-u.org,F,7/13/04,2026,2026,WHT,MAT,UND,970-111-7667,314-555-0135,3668.png,f,8/20/22,5/31/26,,,
3669,Travus,Spivie,tspivie3669@example.org,Spivie3669@kuromaku-u.org,M,1/9/04,2026,2026,AFR,MAT,UND,970-111-7668,309-555-0145,3669.png,f,8/20/22,5/31/26,,,
3670,Fancy,Worwood,fworwood3670@example.com,Worwood3670@kuromaku-u.org,M,4/26/04,2026,2026,ASN,CIV,UND,970-111-7669,512-555-0142,3670.png,f,8/20/22,5/31/26,,,
3671,Jason,Wilsone,jwilsone3671@example.com,Wilsone3671@kuromaku-u.org,F,3/10/04,2026,2026,AFR,MAT,UND,970-111-7670,516-555-0147,3671.png,f,8/20/22,5/31/26,,,
3672,Eric,Chark,echark3672@example.com,Chark3672@kuromaku-u.org,F,4/15/04,2026,2026,AFR,NUC,UND,970-111-7671,317-555-0187,3672.png,f,8/20/22,5/31/26,,,
3673,Brana,Dunne,bdunne3673@example.org,Dunne3673@kuromaku-u.org,F,2/16/04,2026,2026,HSP,MAT,UND,970-111-7672,971-555-0172,3673.png,f,8/20/22,5/31/26,,,
3674,Rosamund,Warne,rwarne3674@example.net,Warne3674@kuromaku-u.org,F,12/6/04,2026,2026,ASN,MAT,UND,970-111-7673,614-555-0197,3674.png,f,8/20/22,5/31/26,,,
3675,Pearce,De Fraine,pdefraine3675@example.org,De Fraine3675@kuromaku-u.org,M,7/18/04,2026,2026,AFR,AER,UND,970-111-7674,972-555-0136,3675.png,f,8/20/22,5/31/26,,,
3676,Krishnah,Macbane,kmacbane3676@example.com,Macbane3676@kuromaku-u.org,F,7/13/04,2026,2026,HSP,MAN,MEC,970-111-7675,603-555-0133,3676.png,f,8/20/22,5/31/26,,,
3677,Gaby,Harding,gharding3677@example.org,Harding3677@kuromaku-u.org,M,7/6/04,2026,2026,AFR,CHE,UND,970-111-7676,212-555-0153,3677.png,f,8/20/22,5/31/26,,,
3678,Joline,Bogaert,jbogaert3678@example.net,Bogaert3678@kuromaku-u.org,M,3/14/04,2026,2026,AFR,MAT,UND,970-111-7677,267-555-0172,3678.png,f,8/20/22,5/31/26,,,
3679,Caitlin,Warnes,cwarnes3679@example.com,Warnes3679@kuromaku-u.org,M,1/27/04,2026,2026,ASN,MEC,MAT,970-111-7678,254-555-0113,3679.png,f,8/20/22,5/31/26,,,
3680,Charla,Fenge,cfenge3680@example.org,Fenge3680@kuromaku-u.org,M,6/19/04,2026,2026,ASN,MAN,UND,970-111-7679,562-555-0188,3680.png,f,8/20/22,5/31/26,,,
3681,Leonanie,Cornewell,lcornewell3681@example.net,Cornewell3681@kuromaku-u.org,M,7/15/04,2026,2026,HSP,CHE,UND,970-111-7680,954-555-0152,3681.png,f,8/20/22,5/31/26,,,
3682,Orville,Elgood,oelgood3682@example.net,Elgood3682@kuromaku-u.org,M,8/25/04,2026,2026,WHT,CIV,UND,970-111-7681,702-555-0141,3682.png,f,8/20/22,5/31/26,,,
3683,Issi,McFarland,imcfarland3683@example.org,McFarland3683@kuromaku-u.org,M,3/27/04,2026,2026,ASN,COM,CHE,970-111-7682,702-555-0194,3683.png,f,8/20/22,5/31/26,,,
3684,Wilek,Barniss,wbarniss3684@example.org,Barniss3684@kuromaku-u.org,M,7/27/04,2026,2026,WHT,AER,UND,970-111-7683,701-555-0146,3684.png,f,8/20/22,5/31/26,,,
3685,Catarina,Phippin,cphippin3685@example.org,Phippin3685@kuromaku-u.org,M,3/7/04,2026,2026,ASN,CHE,UND,970-111-7684,412-555-0143,3685.png,f,8/20/22,5/31/26,,,
3686,Lian,Burrass,lburrass3686@example.org,Burrass3686@kuromaku-u.org,M,4/5/04,2026,2026,HSP,CIV,UND,970-111-7685,806-555-0137,3686.png,f,8/20/22,5/31/26,,,
3687,Biddy,MacGillivray,bmacgillivray3687@example.com,MacGillivray3687@kuromaku-u.org,M,5/4/04,2026,2026,HSP,CHE,CIV,970-111-7686,206-555-0179,3687.png,f,8/20/22,5/31/26,,,
3688,Millisent,Mc Meekan,mmcmeekan3688@example.com,Mc Meekan3688@kuromaku-u.org,M,7/19/04,2026,2026,ASN,AER,UND,970-111-7687,208-555-0164,3688.png,f,8/20/22,5/31/26,,,
3689,Antoni,Spellacey,aspellacey3689@example.com,Spellacey3689@kuromaku-u.org,M,10/18/04,2026,2026,AFR,ENG,UND,970-111-7688,805-555-0191,3689.png,f,8/20/22,5/31/26,,,
3690,Jerome,Leare,jleare3690@example.org,Leare3690@kuromaku-u.org,M,5/27/04,2026,2026,ASN,COM,MAT,970-111-7689,360-555-0197,3690.png,f,8/20/22,5/31/26,,,
3691,Bryon,Kording,bkording3691@example.org,Kording3691@kuromaku-u.org,M,11/22/04,2026,2026,WHT,MEC,COM,970-111-7690,512-555-0169,3691.png,f,8/20/22,5/31/26,,,
3692,Carlene,Olivia,colivia3692@example.com,Olivia3692@kuromaku-u.org,F,10/23/04,2026,2026,AFR,COM,UND,970-111-7691,309-555-0174,3692.png,f,8/20/22,5/31/26,,,
3693,Aimil,Bonus,abonus3693@example.org,Bonus3693@kuromaku-u.org,M,11/17/04,2026,2026,ASN,MAT,UND,970-111-7692,303-555-0154,3693.png,f,8/20/22,5/31/26,,,
3694,Rodge,Bilson,rbilson3694@example.net,Bilson3694@kuromaku-u.org,F,8/17/04,2026,2026,AFR,AER,UND,970-111-7693,571-555-0123,3694.png,f,8/20/22,5/31/26,,,
3695,Beckie,Epelett,bepelett3695@example.com,Epelett3695@kuromaku-u.org,F,9/9/04,2026,2026,ASN,AER,UND,970-111-7694,619-555-0167,3695.png,f,8/20/22,5/31/26,,,
3696,Radcliffe,Gogay,rgogay3696@example.net,Gogay3696@kuromaku-u.org,F,8/16/04,2026,2026,HSP,MEC,AER,970-111-7695,646-555-0192,3696.png,f,8/20/22,5/31/26,,,
3697,Tawsha,Arlidge,tarlidge3697@example.com,Arlidge3697@kuromaku-u.org,M,7/6/04,2026,2026,WHT,CHE,UND,970-111-7696,973-555-0168,3697.png,f,8/20/22,5/31/26,,,
3698,Andros,Staining,astaining3698@example.org,Staining3698@kuromaku-u.org,F,6/6/04,2026,2026,AFR,MAT,NUC,970-111-7697,817-555-0115,3698.png,f,8/20/22,5/31/26,,,
3699,Wolfy,Yushankin,wyushankin3699@example.com,Yushankin3699@kuromaku-u.org,M,6/5/04,2026,2026,HSP,MEC,UND,970-111-7698,205-555-0162,3699.png,f,8/20/22,5/31/26,,,
3700,Jae,Trigwell,jtrigwell3700@example.net,Trigwell3700@kuromaku-u.org,F,9/19/04,2026,2026,ASN,NUC,UND,970-111-7699,616-555-0119,3700.png,f,8/20/22,5/31/26,,,
3701,Ardyth,Goggey,agoggey3701@example.org,Goggey3701@kuromaku-u.org,M,5/2/04,2026,2026,WHT,COM,MAT,970-111-7700,770-555-0135,3701.png,f,8/20/22,5/31/26,,,
3702,Melina,Andrzejczak,mandrzejczak3702@example.com,Andrzejczak3702@kuromaku-u.org,M,8/23/04,2026,2026,HSP,CIV,UND,970-111-7701,208-555-0190,3702.png,f,8/20/22,5/31/26,,,
3703,Rourke,Rennix,rrennix3703@example.net,Rennix3703@kuromaku-u.org,M,8/8/04,2026,2026,WHT,AER,UND,970-111-7702,717-555-0153,3703.png,f,8/20/22,5/31/26,,,
3704,Zollie,Pach,zpach3704@example.net,Pach3704@kuromaku-u.org,F,7/16/04,2026,2026,HSP,MEC,CIV,970-111-7703,205-555-0135,3704.png,f,8/20/22,5/31/26,,,
3705,Avery,Grebner,agrebner3705@example.com,Grebner3705@kuromaku-u.org,F,6/19/04,2026,2026,AFR,NUC,ENG,970-111-7704,623-555-0179,3705.png,f,8/20/22,5/31/26,,,
3706,Maude,Weich,mweich3706@example.net,Weich3706@kuromaku-u.org,F,7/24/04,2026,2026,HSP,ENG,UND,970-111-7705,701-555-0178,3706.png,f,8/20/22,5/31/26,,,
3707,Kaleb,Cleobury,kcleobury3707@example.net,Cleobury3707@kuromaku-u.org,M,7/7/04,2026,2026,AFR,COM,UND,970-111-7706,504-555-0117,3707.png,f,8/20/22,5/31/26,,,
3708,Urbano,Haryngton,uharyngton3708@example.net,Haryngton3708@kuromaku-u.org,M,1/18/04,2026,2026,ASN,CIV,UND,970-111-7707,781-555-0161,3708.png,f,8/20/22,5/31/26,,,
3709,Mata,Ridde,mridde3709@example.com,Ridde3709@kuromaku-u.org,M,2/2/04,2026,2026,AFR,CHE,NUC,970-111-7708,717-555-0107,3709.png,f,8/20/22,5/31/26,,,
3710,Sigismund,Ketch,sketch3710@example.com,Ketch3710@kuromaku-u.org,M,11/25/04,2026,2026,HSP,CHE,UND,970-111-7709,802-555-0148,3710.png,f,8/20/22,5/31/26,,,
3711,Amie,Weich,aweich3711@example.org,Weich3711@kuromaku-u.org,M,6/16/04,2026,2026,ASN,CHE,UND,970-111-7710,808-555-0182,3711.png,f,8/20/22,5/31/26,,,
3712,Adorne,Tatton,atatton3712@example.org,Tatton3712@kuromaku-u.org,M,8/10/04,2026,2026,WHT,MAN,NUC,970-111-7711,913-555-0194,3712.png,f,8/20/22,5/31/26,,,
3713,Paton,Farron,pfarron3713@example.com,Farron3713@kuromaku-u.org,M,3/4/04,2026,2026,ASN,AER,UND,970-111-7712,352-555-0124,3713.png,f,8/20/22,5/31/26,,,
3714,Teresa,Putson,tputson3714@example.net,Putson3714@kuromaku-u.org,M,5/23/04,2026,2026,AFR,NUC,MAT,970-111-7713,704-555-0179,3714.png,f,8/20/22,5/31/26,,,
3715,Ase,Stout,astout3715@example.com,Stout3715@kuromaku-u.org,M,1/7/04,2026,2026,ASN,CIV,ENG,970-111-7714,702-555-0143,3715.png,f,8/20/22,5/31/26,,,
3716,Carolus,Harding,charding3716@example.org,Harding3716@kuromaku-u.org,F,6/23/04,2026,2026,WHT,MAT,UND,970-111-7715,314-555-0105,3716.png,f,8/20/22,5/31/26,,,
3717,Granny,Braidwood,gbraidwood3717@example.org,Braidwood3717@kuromaku-u.org,M,2/4/04,2026,2026,WHT,CIV,AER,970-111-7716,609-555-0110,3717.png,f,8/20/22,5/31/26,,,
3718,Staci,McVittie,smcvittie3718@example.org,McVittie3718@kuromaku-u.org,F,11/23/04,2026,2026,WHT,CIV,UND,970-111-7717,405-555-0131,3718.png,f,8/20/22,5/31/26,,,
3719,Jules,Neill,jneill3719@example.net,Neill3719@kuromaku-u.org,M,10/27/04,2026,2026,HSP,NUC,MAT,970-111-7718,718-555-0179,3719.png,f,8/20/22,5/31/26,,,
3720,Brnaby,Heine,bheine3720@example.net,Heine3720@kuromaku-u.org,M,9/11/04,2026,2026,ASN,MAT,UND,970-111-7719,502-555-0145,3720.png,f,8/20/22,5/31/26,,,
3721,Porter,Pancast,ppancast3721@example.net,Pancast3721@kuromaku-u.org,F,11/14/04,2026,2026,AFR,CIV,AER,970-111-7720,423-555-0131,3721.png,f,8/20/22,5/31/26,,,
3722,Chloe,Matashkin,cmatashkin3722@example.net,Matashkin3722@kuromaku-u.org,F,11/17/04,2026,2026,AFR,NUC,UND,970-111-7721,910-555-0132,3722.png,f,8/20/22,5/31/26,,,
3723,Miguela,Plover,mplover3723@example.org,Plover3723@kuromaku-u.org,M,8/20/04,2026,2026,WHT,MEC,CHE,970-111-7722,208-555-0102,3723.png,f,8/20/22,5/31/26,,,
3724,Christophorus,Pattie,cpattie3724@example.org,Pattie3724@kuromaku-u.org,M,8/20/04,2026,2026,AFR,CHE,MAN,970-111-7723,312-555-0120,3724.png,f,8/20/22,5/31/26,,,
3725,Raffaello,Dominguez,rdominguez3725@example.com,Dominguez3725@kuromaku-u.org,F,4/20/04,2026,2026,AFR,NUC,UND,970-111-7724,603-555-0195,3725.png,f,8/20/22,5/31/26,,,
3726,Boris,Peddar,bpeddar3726@example.org,Peddar3726@kuromaku-u.org,M,11/12/04,2026,2026,WHT,CIV,AER,970-111-7725,313-555-0169,3726.png,f,8/20/22,5/31/26,,,
3727,Bernardine,Portsmouth,bportsmouth3727@example.com,Portsmouth3727@kuromaku-u.org,M,12/27/04,2026,2026,AFR,COM,UND,970-111-7726,210-555-0134,3727.png,f,8/20/22,5/31/26,,,
3728,Camilla,Craine,ccraine3728@example.org,Craine3728@kuromaku-u.org,F,11/8/04,2026,2026,AFR,MEC,UND,970-111-7727,904-555-0108,3728.png,f,8/20/22,5/31/26,,,
3729,Steffen,Danilchenko,sdanilchenko3729@example.org,Danilchenko3729@kuromaku-u.org,M,8/1/04,2026,2026,ASN,CIV,UND,970-111-7728,909-555-0193,3729.png,f,8/20/22,5/31/26,,,
3730,Orlando,Aloshkin,oaloshkin3730@example.com,Aloshkin3730@kuromaku-u.org,M,1/5/04,2026,2026,ASN,MEC,UND,970-111-7729,847-555-0102,3730.png,f,8/20/22,5/31/26,,,
3731,Fields,Leydon,fleydon3731@example.org,Leydon3731@kuromaku-u.org,F,9/26/04,2026,2026,HSP,MAT,AER,970-111-7730,806-555-0178,3731.png,f,8/20/22,5/31/26,,,
3732,Harrietta,Giacaponi,hgiacaponi3732@example.net,Giacaponi3732@kuromaku-u.org,F,7/20/04,2026,2026,ASN,MAT,COM,970-111-7731,412-555-0110,3732.png,f,8/20/22,5/31/26,,,
3733,Delia,Koubu,dkoubu3733@example.org,Koubu3733@kuromaku-u.org,M,9/17/04,2026,2026,ASN,MAN,UND,970-111-7732,608-555-0180,3733.png,f,8/20/22,5/31/26,,,
3734,Katleen,Pomroy,kpomroy3734@example.com,Pomroy3734@kuromaku-u.org,M,2/24/04,2026,2026,ASN,CHE,UND,970-111-7733,805-555-0127,3734.png,f,8/20/22,5/31/26,,,
3735,Lannie,Iffland,liffland3735@example.org,Iffland3735@kuromaku-u.org,M,3/15/04,2026,2026,HSP,CIV,UND,970-111-7734,765-555-0129,3735.png,f,8/20/22,5/31/26,,,
3736,Caitlin,Jepson,cjepson3736@example.com,Jepson3736@kuromaku-u.org,M,2/26/04,2026,2026,HSP,MAN,UND,970-111-7735,816-555-0105,3736.png,f,8/20/22,5/31/26,,,
3737,Alva,Howley,ahowley3737@example.com,Howley3737@kuromaku-u.org,F,10/27/04,2026,2026,AFR,COM,AER,970-111-7736,941-555-0158,3737.png,f,8/20/22,5/31/26,,,
3738,Silvio,Sperski,ssperski3738@example.net,Sperski3738@kuromaku-u.org,M,1/1/04,2026,2026,WHT,AER,MAT,970-111-7737,260-555-0100,3738.png,f,8/20/22,5/31/26,,,
3739,Annabel,Auld,aauld3739@example.com,Auld3739@kuromaku-u.org,M,6/4/04,2026,2026,ASN,ENG,UND,970-111-7738,707-555-0189,3739.png,f,8/20/22,5/31/26,,,
3740,Lynna,Able,lable3740@example.com,Able3740@kuromaku-u.org,M,2/24/04,2026,2026,AFR,CIV,UND,970-111-7739,614-555-0124,3740.png,f,8/20/22,5/31/26,,,
3741,Lilllie,Opie,lopie3741@example.net,Opie3741@kuromaku-u.org,M,12/22/04,2026,2026,AFR,MAT,AER,970-111-7740,214-555-0108,3741.png,f,8/20/22,5/31/26,,,
3742,Nanine,Ponder,nponder3742@example.com,Ponder3742@kuromaku-u.org,M,3/19/04,2026,2026,ASN,COM,UND,970-111-7741,518-555-0154,3742.png,f,8/20/22,5/31/26,,,
3743,Amitie,Canfer,acanfer3743@example.com,Canfer3743@kuromaku-u.org,M,1/1/04,2026,2026,AFR,NUC,CIV,970-111-7742,702-555-0146,3743.png,f,8/20/22,5/31/26,,,
3744,Mendy,Hughland,mhughland3744@example.org,Hughland3744@kuromaku-u.org,F,10/19/04,2026,2026,HSP,MAT,UND,970-111-7743,407-555-0155,3744.png,f,8/20/22,5/31/26,,,
3745,Drucie,Brunnstein,dbrunnstein3745@example.com,Brunnstein3745@kuromaku-u.org,F,5/14/04,2026,2026,WHT,ENG,MEC,970-111-7744,206-555-0190,3745.png,f,8/20/22,5/31/26,,,
3746,Raimundo,Dillingstone,rdillingstone3746@example.com,Dillingstone3746@kuromaku-u.org,F,12/27/04,2026,2026,HSP,NUC,UND,970-111-7745,775-555-0145,3746.png,f,8/20/22,5/31/26,,,
3747,Alexandros,Gabbidon,agabbidon3747@example.org,Gabbidon3747@kuromaku-u.org,F,1/17/04,2026,2026,HSP,MAT,UND,970-111-7746,313-555-0148,3747.png,f,8/20/22,5/31/26,,,
3748,Glenn,Somerton,gsomerton3748@example.net,Somerton3748@kuromaku-u.org,M,9/27/04,2026,2026,AFR,ENG,CIV,970-111-7747,404-555-0107,3748.png,f,8/20/22,5/31/26,,,
3749,Briano,Dugdale,bdugdale3749@example.org,Dugdale3749@kuromaku-u.org,F,12/13/04,2026,2026,WHT,MAT,UND,970-111-7748,928-555-0130,3749.png,f,8/20/22,5/31/26,,,
3750,Jedd,Linay,jlinay3750@example.org,Linay3750@kuromaku-u.org,M,7/3/04,2026,2026,WHT,ENG,UND,970-111-7749,704-555-0139,3750.png,f,8/20/22,5/31/26,,,
3751,Mortimer,Eastridge,meastridge3751@example.net,Eastridge3751@kuromaku-u.org,F,8/14/95,2017,2017,HSP,MAT,MAN,970-111-7750,360-555-0199,3751.png,f,8/20/13,5/31/17,,,
3752,Ava,Yarnold,ayarnold3752@example.org,Yarnold3752@kuromaku-u.org,F,2/20/95,2017,2017,AFR,CIV,NUC,970-111-7751,818-555-0120,3752.png,f,8/20/13,5/31/17,,,
3753,Maurie,Malling,mmalling3753@example.com,Malling3753@kuromaku-u.org,M,11/3/95,2017,2017,WHT,AER,UND,970-111-7752,817-555-0142,3753.png,f,8/20/13,5/31/17,,,
3754,Wilona,Isitt,wisitt3754@example.net,Isitt3754@kuromaku-u.org,M,7/7/95,2017,2017,HSP,ENG,COM,970-111-7753,907-555-0114,3754.png,f,8/20/13,5/31/17,,,
3755,Donnie,Karchewski,dkarchewski3755@example.net,Karchewski3755@kuromaku-u.org,M,9/13/95,2017,2017,HSP,CHE,UND,970-111-7754,253-555-0106,3755.png,f,8/20/13,5/31/17,,,
3756,Giulietta,Halsey,ghalsey3756@example.net,Halsey3756@kuromaku-u.org,M,4/16/95,2017,2017,WHT,NUC,MAT,970-111-7755,936-555-0137,3756.png,f,8/20/13,5/31/17,,,
3757,Galvan,Anyene,ganyene3757@example.com,Anyene3757@kuromaku-u.org,M,1/14/95,2017,2017,HSP,ENG,CIV,970-111-7756,952-555-0114,3757.png,f,8/20/13,5/31/17,,,
3758,Sandye,Ditt,sditt3758@example.com,Ditt3758@kuromaku-u.org,M,8/22/95,2017,2017,ASN,COM,UND,970-111-7757,661-555-0119,3758.png,f,8/20/13,5/31/17,,,
3759,Steve,Worvill,sworvill3759@example.org,Worvill3759@kuromaku-u.org,F,8/19/95,2017,2017,HSP,MEC,UND,970-111-7758,304-555-0138,3759.png,f,8/20/13,5/31/17,,,
3760,Farley,MacShane,fmacshane3760@example.com,MacShane3760@kuromaku-u.org,M,7/4/95,2017,2017,HSP,MAT,UND,970-111-7759,814-555-0135,3760.png,f,8/20/13,5/31/17,,,
3761,Rosita,Goggey,rgoggey3761@example.com,Goggey3761@kuromaku-u.org,M,2/28/95,2017,2017,HSP,NUC,AER,970-111-7760,805-555-0116,3761.png,f,8/20/13,5/31/17,,,
3762,Odey,Kerrich,okerrich3762@example.net,Kerrich3762@kuromaku-u.org,F,7/13/95,2017,2017,WHT,CHE,CIV,970-111-7761,410-555-0124,3762.png,f,8/20/13,5/31/17,,,
3763,Myrna,Tolomio,mtolomio3763@example.com,Tolomio3763@kuromaku-u.org,F,7/1/95,2017,2017,WHT,MAT,UND,970-111-7762,330-555-0144,3763.png,f,8/20/13,5/31/17,,,
3764,Carolus,de Tocqueville,cdetocqueville3764@example.org,de Tocqueville3764@kuromaku-u.org,M,7/28/95,2017,2017,ASN,AER,UND,970-111-7763,202-555-0116,3764.png,f,8/20/13,5/31/17,,,
3765,Konstanze,Wistance,kwistance3765@example.org,Wistance3765@kuromaku-u.org,M,4/9/95,2017,2017,HSP,ENG,UND,970-111-7764,608-555-0170,3765.png,f,8/20/13,5/31/17,,,
3766,Ava,Heephy,aheephy3766@example.org,Heephy3766@kuromaku-u.org,M,9/27/95,2017,2017,WHT,CHE,UND,970-111-7765,251-555-0105,3766.png,f,8/20/13,5/31/17,,,
3767,Celeste,Grocutt,cgrocutt3767@example.net,Grocutt3767@kuromaku-u.org,M,10/11/95,2017,2017,WHT,NUC,UND,970-111-7766,775-555-0175,3767.png,f,8/20/13,5/31/17,,,
3768,Mario,Cooper,mcooper3768@example.com,Cooper3768@kuromaku-u.org,F,8/2/95,2017,2017,HSP,MEC,COM,970-111-7767,513-555-0158,3768.png,f,8/20/13,5/31/17,,,
3769,Gloriane,Wolver,gwolver3769@example.org,Wolver3769@kuromaku-u.org,F,1/20/95,2017,2017,HSP,CHE,UND,970-111-7768,915-555-0134,3769.png,f,8/20/13,5/31/17,,,
3770,Ardyth,Nurcombe,anurcombe3770@example.net,Nurcombe3770@kuromaku-u.org,M,9/28/95,2017,2017,WHT,CHE,UND,970-111-7769,205-555-0176,3770.png,f,8/20/13,5/31/17,,,
3771,Melina,Wistance,mwistance3771@example.net,Wistance3771@kuromaku-u.org,M,8/25/95,2017,2017,HSP,COM,UND,970-111-7770,862-555-0194,3771.png,f,8/20/13,5/31/17,,,
3772,Templeton,Haryngton,tharyngton3772@example.com,Haryngton3772@kuromaku-u.org,F,12/25/95,2017,2017,AFR,MAN,UND,970-111-7771,971-555-0163,3772.png,f,8/20/13,5/31/17,,,
3773,Mellie,Hammatt,mhammatt3773@example.org,Hammatt3773@kuromaku-u.org,F,5/27/95,2017,2017,WHT,MAT,UND,970-111-7772,254-555-0147,3773.png,f,8/20/13,5/31/17,,,
3774,Brandon,Searchwell,bsearchwell3774@example.org,Searchwell3774@kuromaku-u.org,F,11/15/95,2017,2017,ASN,NUC,UND,970-111-7773,210-555-0181,3774.png,f,8/20/13,5/31/17,,,
3775,Fan,Freear,ffreear3775@example.com,Freear3775@kuromaku-u.org,M,9/20/95,2017,2017,HSP,AER,UND,970-111-7774,317-555-0135,3775.png,f,8/20/13,5/31/17,,,
3776,Elias,Burchall,eburchall3776@example.com,Burchall3776@kuromaku-u.org,F,2/25/95,2017,2017,WHT,CIV,UND,970-111-7775,301-555-0122,3776.png,f,8/20/13,5/31/17,,,
3777,Jessica,Bourget,jbourget3777@example.net,Bourget3777@kuromaku-u.org,M,3/12/95,2017,2017,ASN,CHE,UND,970-111-7776,212-555-0182,3777.png,f,8/20/13,5/31/17,,,
3778,Donny,Crocket,dcrocket3778@example.org,Crocket3778@kuromaku-u.org,F,8/12/95,2017,2017,AFR,MAT,CHE,970-111-7777,704-555-0199,3778.png,f,8/20/13,5/31/17,,,
3779,Rodolph,Revie,rrevie3779@example.com,Revie3779@kuromaku-u.org,M,9/6/95,2017,2017,HSP,AER,UND,970-111-7778,314-555-0157,3779.png,f,8/20/13,5/31/17,,,
3780,Leena,Kellar,lkellar3780@example.com,Kellar3780@kuromaku-u.org,M,4/6/95,2017,2017,WHT,CIV,MAN,970-111-7779,650-555-0164,3780.png,f,8/20/13,5/31/17,,,
3781,Joline,Skpsey,jskpsey3781@example.com,Skpsey3781@kuromaku-u.org,M,3/6/95,2017,2017,AFR,ENG,UND,970-111-7780,862-555-0157,3781.png,f,8/20/13,5/31/17,,,
3782,Margaretta,Bromehed,mbromehed3782@example.org,Bromehed3782@kuromaku-u.org,M,12/19/95,2017,2017,WHT,ENG,MEC,970-111-7781,512-555-0109,3782.png,f,8/20/13,5/31/17,,,
3783,Cayla,Bamforth,cbamforth3783@example.org,Bamforth3783@kuromaku-u.org,M,6/3/95,2017,2017,AFR,AER,CHE,970-111-7782,704-555-0189,3783.png,f,8/20/13,5/31/17,,,
3784,Fernandina,Tubridy,ftubridy3784@example.org,Tubridy3784@kuromaku-u.org,F,11/6/95,2017,2017,HSP,COM,UND,970-111-7783,313-555-0176,3784.png,f,8/20/13,5/31/17,,,
3785,Glennie,Palmer,gpalmer3785@example.org,Palmer3785@kuromaku-u.org,F,11/4/95,2017,2017,HSP,NUC,CIV,970-111-7784,518-555-0150,3785.png,f,8/20/13,5/31/17,,,
3786,Celle,Minshaw,cminshaw3786@example.net,Minshaw3786@kuromaku-u.org,M,3/8/95,2017,2017,AFR,MAN,MAT,970-111-7785,352-555-0106,3786.png,f,8/20/13,5/31/17,,,
3787,Quentin,Cesco,qcesco3787@example.com,Cesco3787@kuromaku-u.org,F,8/19/95,2017,2017,HSP,CIV,UND,970-111-7786,239-555-0194,3787.png,f,8/20/13,5/31/17,,,
3788,Staci,Shipp,sshipp3788@example.com,Shipp3788@kuromaku-u.org,F,10/3/95,2017,2017,ASN,AER,UND,970-111-7787,352-555-0156,3788.png,f,8/20/13,5/31/17,,,
3789,Marcus,Jura,mjura3789@example.net,Jura3789@kuromaku-u.org,M,10/23/95,2017,2017,AFR,ENG,UND,970-111-7788,806-555-0164,3789.png,f,8/20/13,5/31/17,,,
3790,Zorine,Cockroft,zcockroft3790@example.com,Cockroft3790@kuromaku-u.org,F,2/6/95,2017,2017,WHT,MEC,NUC,970-111-7789,914-555-0183,3790.png,f,8/20/13,5/31/17,,,
3791,Paloma,Karpets,pkarpets3791@example.net,Karpets3791@kuromaku-u.org,M,6/20/95,2017,2017,WHT,ENG,MAN,970-111-7790,225-555-0147,3791.png,f,8/20/13,5/31/17,,,
3792,Anthony,Zielinski,azielinski3792@example.com,Zielinski3792@kuromaku-u.org,F,5/17/95,2017,2017,AFR,MAN,UND,970-111-7791,913-555-0159,3792.png,f,8/20/13,5/31/17,,,
3793,Kaitlyn,Ellis,kellis3793@example.org,Ellis3793@kuromaku-u.org,M,2/19/95,2017,2017,AFR,AER,NUC,970-111-7792,813-555-0140,3793.png,f,8/20/13,5/31/17,,,
3794,Bernadette,Capron,bcapron3794@example.com,Capron3794@kuromaku-u.org,F,5/25/95,2017,2017,AFR,NUC,UND,970-111-7793,817-555-0137,3794.png,f,8/20/13,5/31/17,,,
3795,Marlo,Ridewood,mridewood3795@example.com,Ridewood3795@kuromaku-u.org,F,4/5/95,2017,2017,ASN,ENG,UND,970-111-7794,323-555-0121,3795.png,f,8/20/13,5/31/17,,,
3796,Averil,Diter,aditer3796@example.com,Diter3796@kuromaku-u.org,F,10/12/95,2017,2017,HSP,MEC,UND,970-111-7795,505-555-0108,3796.png,f,8/20/13,5/31/17,,,
3797,Delbert,Dogerty,ddogerty3797@example.net,Dogerty3797@kuromaku-u.org,M,11/20/95,2017,2017,AFR,COM,MEC,970-111-7796,908-555-0115,3797.png,f,8/20/13,5/31/17,,,
3798,Bobine,Durtnal,bdurtnal3798@example.net,Durtnal3798@kuromaku-u.org,M,8/16/95,2017,2017,WHT,COM,CIV,970-111-7797,714-555-0143,3798.png,f,8/20/13,5/31/17,,,
3799,Odille,Ellis,oellis3799@example.com,Ellis3799@kuromaku-u.org,F,7/9/95,2017,2017,HSP,AER,UND,970-111-7798,562-555-0129,3799.png,f,8/20/13,5/31/17,,,
3800,Cort,Ketch,cketch3800@example.org,Ketch3800@kuromaku-u.org,F,5/12/95,2017,2017,AFR,CIV,UND,970-111-7799,802-555-0119,3800.png,f,8/20/13,5/31/17,,,
3801,Alisun,Bamforth,abamforth3801@example.org,Bamforth3801@kuromaku-u.org,F,8/1/95,2017,2017,ASN,MAT,UND,970-111-7800,913-555-0190,3801.png,f,8/20/13,5/31/17,,,
3802,Alphonse,Brightwell,abrightwell3802@example.net,Brightwell3802@kuromaku-u.org,M,2/24/95,2017,2017,WHT,MAN,UND,970-111-7801,858-555-0115,3802.png,f,8/20/13,5/31/17,,,
3803,Coralie,Torrance,ctorrance3803@example.net,Torrance3803@kuromaku-u.org,M,5/11/95,2017,2017,WHT,COM,UND,970-111-7802,940-555-0132,3803.png,f,8/20/13,5/31/17,,,
3804,Colet,MacSorley,cmacsorley3804@example.com,MacSorley3804@kuromaku-u.org,F,11/24/95,2017,2017,ASN,MAT,UND,970-111-7803,405-555-0137,3804.png,f,8/20/13,5/31/17,,,
3805,Crawford,Ahmad,cahmad3805@example.net,Ahmad3805@kuromaku-u.org,M,6/24/95,2017,2017,ASN,AER,UND,970-111-7804,305-555-0114,3805.png,f,8/20/13,5/31/17,,,
3806,Colman,McCuthais,cmccuthais3806@example.org,McCuthais3806@kuromaku-u.org,F,1/11/95,2017,2017,ASN,MAN,UND,970-111-7805,360-555-0181,3806.png,f,8/20/13,5/31/17,,,
3807,Arny,Skpsey,askpsey3807@example.org,Skpsey3807@kuromaku-u.org,F,5/27/95,2017,2017,AFR,AER,UND,970-111-7806,206-555-0140,3807.png,f,8/20/13,5/31/17,,,
3808,Harwell,Stobart,hstobart3808@example.com,Stobart3808@kuromaku-u.org,M,3/27/95,2017,2017,WHT,AER,COM,970-111-7807,336-555-0106,3808.png,f,8/20/13,5/31/17,,,
3809,Dina,Truett,dtruett3809@example.org,Truett3809@kuromaku-u.org,M,9/25/95,2017,2017,ASN,NUC,COM,970-111-7808,941-555-0160,3809.png,f,8/20/13,5/31/17,,,
3810,Kania,Pickton,kpickton3810@example.com,Pickton3810@kuromaku-u.org,M,11/24/95,2017,2017,HSP,COM,MAT,970-111-7809,650-555-0145,3810.png,f,8/20/13,5/31/17,,,
3811,Kass,Wiltshier,kwiltshier3811@example.com,Wiltshier3811@kuromaku-u.org,M,9/22/95,2017,2017,HSP,NUC,UND,970-111-7810,510-555-0121,3811.png,f,8/20/13,5/31/17,,,
3812,Britney,Agutter,bagutter3812@example.com,Agutter3812@kuromaku-u.org,M,2/23/95,2017,2017,ASN,ENG,UND,970-111-7811,612-555-0169,3812.png,f,8/20/13,5/31/17,,,
3813,Kaitlyn,Denisot,kdenisot3813@example.org,Denisot3813@kuromaku-u.org,M,2/19/95,2017,2017,HSP,MAN,UND,970-111-7812,952-555-0119,3813.png,f,8/20/13,5/31/17,,,
3814,Any,Ackerman,aackerman3814@example.com,Ackerman3814@kuromaku-u.org,M,3/27/95,2017,2017,ASN,MAT,MEC,970-111-7813,971-555-0150,3814.png,f,8/20/13,5/31/17,,,
3815,Maurits,Satcher,msatcher3815@example.com,Satcher3815@kuromaku-u.org,F,11/7/95,2017,2017,ASN,MAN,UND,970-111-7814,202-555-0149,3815.png,f,8/20/13,5/31/17,,,
3816,Vania,Luce,vluce3816@example.com,Luce3816@kuromaku-u.org,M,11/26/95,2017,2017,HSP,MAN,UND,970-111-7815,248-555-0104,3816.png,f,8/20/13,5/31/17,,,
3817,Cynthea,Mallabon,cmallabon3817@example.org,Mallabon3817@kuromaku-u.org,F,8/27/95,2017,2017,HSP,MAN,UND,970-111-7816,206-555-0133,3817.png,f,8/20/13,5/31/17,,,
3818,Maude,Devorill,mdevorill3818@example.net,Devorill3818@kuromaku-u.org,F,8/17/95,2017,2017,HSP,CIV,UND,970-111-7817,254-555-0103,3818.png,f,8/20/13,5/31/17,,,
3819,Jaymee,Hatcliffe,jhatcliffe3819@example.org,Hatcliffe3819@kuromaku-u.org,M,8/16/95,2017,2017,HSP,COM,UND,970-111-7818,509-555-0150,3819.png,f,8/20/13,5/31/17,,,
3820,Daniel,Judson,djudson3820@example.com,Judson3820@kuromaku-u.org,M,11/5/95,2017,2017,HSP,AER,CHE,970-111-7819,239-555-0114,3820.png,f,8/20/13,5/31/17,,,
3821,Meade,Ramalho,mramalho3821@example.net,Ramalho3821@kuromaku-u.org,F,9/7/95,2017,2017,WHT,MAT,UND,970-111-7820,314-555-0171,3821.png,f,8/20/13,5/31/17,,,
3822,Willyt,Clewer,wclewer3822@example.com,Clewer3822@kuromaku-u.org,M,9/13/95,2017,2017,AFR,CIV,UND,970-111-7821,913-555-0152,3822.png,f,8/20/13,5/31/17,,,
3823,Basil,Cleland,bcleland3823@example.net,Cleland3823@kuromaku-u.org,F,3/24/95,2017,2017,HSP,COM,UND,970-111-7822,305-555-0145,3823.png,f,8/20/13,5/31/17,,,
3824,Toni,Tolmie,ttolmie3824@example.com,Tolmie3824@kuromaku-u.org,F,11/14/95,2017,2017,AFR,AER,UND,970-111-7823,973-555-0187,3824.png,f,8/20/13,5/31/17,,,
3825,Lindsey,Keld,lkeld3825@example.net,Keld3825@kuromaku-u.org,M,12/6/95,2017,2017,ASN,MAT,UND,970-111-7824,414-555-0106,3825.png,f,8/20/13,5/31/17,,,
3826,Riane,Auld,rauld3826@example.com,Auld3826@kuromaku-u.org,M,6/22/95,2017,2017,ASN,NUC,UND,970-111-7825,210-555-0169,3826.png,f,8/20/13,5/31/17,,,
3827,Elias,Sommersett,esommersett3827@example.net,Sommersett3827@kuromaku-u.org,M,8/14/95,2017,2017,ASN,COM,UND,970-111-7826,806-555-0108,3827.png,f,8/20/13,5/31/17,,,
3828,Celestia,Opie,copie3828@example.net,Opie3828@kuromaku-u.org,F,11/5/95,2017,2017,WHT,COM,UND,970-111-7827,512-555-0176,3828.png,f,8/20/13,5/31/17,,,
3829,Arlette,Trigwell,atrigwell3829@example.com,Trigwell3829@kuromaku-u.org,F,9/7/95,2017,2017,ASN,MAT,CHE,970-111-7828,203-555-0165,3829.png,f,8/20/13,5/31/17,,,
3830,Arin,Fessby,afessby3830@example.org,Fessby3830@kuromaku-u.org,M,1/17/95,2017,2017,AFR,MEC,UND,970-111-7829,216-555-0178,3830.png,f,8/20/13,5/31/17,,,
3831,Andra,Searchwell,asearchwell3831@example.net,Searchwell3831@kuromaku-u.org,F,1/25/95,2017,2017,WHT,NUC,UND,970-111-7830,203-555-0124,3831.png,f,8/20/13,5/31/17,,,
3832,Tobie,Grebner,tgrebner3832@example.net,Grebner3832@kuromaku-u.org,M,8/20/95,2017,2017,ASN,MEC,UND,970-111-7831,214-555-0124,3832.png,f,8/20/13,5/31/17,,,
3833,Cloris,Longstreeth,clongstreeth3833@example.net,Longstreeth3833@kuromaku-u.org,F,6/22/95,2017,2017,ASN,CIV,AER,970-111-7832,913-555-0155,3833.png,f,8/20/13,5/31/17,,,
3834,Cheryl,Urion,curion3834@example.org,Urion3834@kuromaku-u.org,M,4/5/95,2017,2017,ASN,MEC,UND,970-111-7833,502-555-0125,3834.png,f,8/20/13,5/31/17,,,
3835,Nat,Brewood,nbrewood3835@example.com,Brewood3835@kuromaku-u.org,F,11/9/95,2017,2017,AFR,COM,CIV,970-111-7834,814-555-0111,3835.png,f,8/20/13,5/31/17,,,
3836,Beatrisa,Jacobowicz,bjacobowicz3836@example.net,Jacobowicz3836@kuromaku-u.org,F,8/17/95,2017,2017,AFR,COM,UND,970-111-7835,269-555-0118,3836.png,f,8/20/13,5/31/17,,,
3837,Beilul,Skpsey,bskpsey3837@example.com,Skpsey3837@kuromaku-u.org,M,7/2/95,2017,2017,WHT,MEC,UND,970-111-7836,717-555-0111,3837.png,f,8/20/13,5/31/17,,,
3838,Stearn,Joubert,sjoubert3838@example.org,Joubert3838@kuromaku-u.org,M,1/6/95,2017,2017,AFR,COM,UND,970-111-7837,804-555-0114,3838.png,f,8/20/13,5/31/17,,,
3839,Averil,Ferrer,aferrer3839@example.com,Ferrer3839@kuromaku-u.org,M,4/26/95,2017,2017,AFR,MAT,UND,970-111-7838,901-555-0174,3839.png,f,8/20/13,5/31/17,,,
3840,Sheba,Gathercole,sgathercole3840@example.net,Gathercole3840@kuromaku-u.org,M,3/28/95,2017,2017,AFR,NUC,CIV,970-111-7839,313-555-0107,3840.png,f,8/20/13,5/31/17,,,
3841,Lief,Jaimez,ljaimez3841@example.net,Jaimez3841@kuromaku-u.org,F,6/2/95,2017,2017,ASN,MAN,UND,970-111-7840,706-555-0145,3841.png,f,8/20/13,5/31/17,,,
3842,Isak,Koubu,ikoubu3842@example.org,Koubu3842@kuromaku-u.org,F,2/3/95,2017,2017,AFR,COM,UND,970-111-7841,503-555-0123,3842.png,f,8/20/13,5/31/17,,,
3843,Coralie,Shird,cshird3843@example.com,Shird3843@kuromaku-u.org,F,9/13/95,2017,2017,ASN,CHE,UND,970-111-7842,415-555-0140,3843.png,f,8/20/13,5/31/17,,,
3844,Hal,Peddar,hpeddar3844@example.org,Peddar3844@kuromaku-u.org,F,12/2/95,2017,2017,HSP,MAN,UND,970-111-7843,253-555-0135,3844.png,f,8/20/13,5/31/17,,,
3845,Lorin,Hallum,lhallum3845@example.net,Hallum3845@kuromaku-u.org,M,7/4/95,2017,2017,HSP,MAT,MEC,970-111-7844,512-555-0123,3845.png,f,8/20/13,5/31/17,,,
3846,Cori,Diter,cditer3846@example.org,Diter3846@kuromaku-u.org,F,5/15/95,2017,2017,ASN,MAT,CIV,970-111-7845,503-555-0176,3846.png,f,8/20/13,5/31/17,,,
3847,Caldwell,Mengo,cmengo3847@example.com,Mengo3847@kuromaku-u.org,F,7/27/95,2017,2017,AFR,COM,UND,970-111-7846,816-555-0129,3847.png,f,8/20/13,5/31/17,,,
3848,Karry,Porcher,kporcher3848@example.com,Porcher3848@kuromaku-u.org,M,7/3/95,2017,2017,ASN,NUC,UND,970-111-7847,913-555-0130,3848.png,f,8/20/13,5/31/17,,,
3849,Giovanna,Ivic,givic3849@example.com,Ivic3849@kuromaku-u.org,M,1/1/95,2017,2017,HSP,NUC,UND,970-111-7848,918-555-0146,3849.png,f,8/20/13,5/31/17,,,
3850,Vilma,Putson,vputson3850@example.net,Putson3850@kuromaku-u.org,M,8/16/95,2017,2017,HSP,CHE,UND,970-111-7849,234-555-0121,3850.png,f,8/20/13,5/31/17,,,
3851,Stefano,Braam,sbraam3851@example.org,Braam3851@kuromaku-u.org,F,10/12/95,2017,2017,HSP,CHE,UND,970-111-7850,714-555-0107,3851.png,f,8/20/13,5/31/17,,,
3852,Palmer,Coward,pcoward3852@example.org,Coward3852@kuromaku-u.org,M,8/26/95,2017,2017,WHT,MAT,UND,970-111-7851,469-555-0194,3852.png,f,8/20/13,5/31/17,,,
3853,Bliss,Giacoppoli,bgiacoppoli3853@example.net,Giacoppoli3853@kuromaku-u.org,M,6/1/95,2017,2017,HSP,NUC,UND,970-111-7852,786-555-0169,3853.png,f,8/20/13,5/31/17,,,
3854,Sheba,Ketch,sketch3854@example.com,Ketch3854@kuromaku-u.org,F,7/10/95,2017,2017,AFR,CIV,MAT,970-111-7853,501-555-0144,3854.png,f,8/20/13,5/31/17,,,
3855,Mario,Kitcat,mkitcat3855@example.org,Kitcat3855@kuromaku-u.org,M,2/2/95,2017,2017,ASN,COM,UND,970-111-7854,619-555-0148,3855.png,f,8/20/13,5/31/17,,,
3856,Rainer,Brunnstein,rbrunnstein3856@example.org,Brunnstein3856@kuromaku-u.org,M,4/14/95,2017,2017,AFR,NUC,UND,970-111-7855,303-555-0129,3856.png,f,8/20/13,5/31/17,,,
3857,Stanley,Hudd,shudd3857@example.net,Hudd3857@kuromaku-u.org,F,9/3/95,2017,2017,HSP,MEC,UND,970-111-7856,682-555-0154,3857.png,f,8/20/13,5/31/17,,,
3858,Rolph,Cholerton,rcholerton3858@example.org,Cholerton3858@kuromaku-u.org,M,8/19/95,2017,2017,HSP,NUC,UND,970-111-7857,952-555-0170,3858.png,f,8/20/13,5/31/17,,,
3859,Alidia,Armall,aarmall3859@example.org,Armall3859@kuromaku-u.org,F,4/18/95,2017,2017,WHT,COM,UND,970-111-7858,205-555-0112,3859.png,f,8/20/13,5/31/17,,,
3860,Wilek,Nelligan,wnelligan3860@example.net,Nelligan3860@kuromaku-u.org,M,6/18/95,2017,2017,WHT,NUC,UND,970-111-7859,916-555-0178,3860.png,f,8/20/13,5/31/17,,,
3861,Mellie,Isakovic,misakovic3861@example.com,Isakovic3861@kuromaku-u.org,M,9/4/95,2017,2017,AFR,CIV,UND,970-111-7860,937-555-0149,3861.png,f,8/20/13,5/31/17,,,
3862,Brandon,Ciccerale,bciccerale3862@example.net,Ciccerale3862@kuromaku-u.org,F,5/15/95,2017,2017,WHT,ENG,UND,970-111-7861,336-555-0179,3862.png,f,8/20/13,5/31/17,,,
3863,Cull,Kyme,ckyme3863@example.org,Kyme3863@kuromaku-u.org,M,9/4/95,2017,2017,WHT,COM,UND,970-111-7862,847-555-0112,3863.png,f,8/20/13,5/31/17,,,
3864,Adorne,Matashkin,amatashkin3864@example.com,Matashkin3864@kuromaku-u.org,F,3/17/95,2017,2017,ASN,NUC,COM,970-111-7863,323-555-0105,3864.png,f,8/20/13,5/31/17,,,
3865,Gloriane,Hardwell,ghardwell3865@example.net,Hardwell3865@kuromaku-u.org,F,4/1/95,2017,2017,HSP,NUC,UND,970-111-7864,912-555-0176,3865.png,f,8/20/13,5/31/17,,,
3866,Carling,Dillingstone,cdillingstone3866@example.com,Dillingstone3866@kuromaku-u.org,F,6/6/95,2017,2017,ASN,MAT,UND,970-111-7865,801-555-0182,3866.png,f,8/20/13,5/31/17,,,
3867,Clay,MacGillivray,cmacgillivray3867@example.com,MacGillivray3867@kuromaku-u.org,F,5/22/95,2017,2017,WHT,ENG,UND,970-111-7866,907-555-0148,3867.png,f,8/20/13,5/31/17,,,
3868,Alisun,Workman,aworkman3868@example.com,Workman3868@kuromaku-u.org,F,1/19/95,2017,2017,ASN,COM,MAT,970-111-7867,209-555-0171,3868.png,f,8/20/13,5/31/17,,,
3869,Stanislaus,Tedman,stedman3869@example.org,Tedman3869@kuromaku-u.org,F,12/19/95,2017,2017,AFR,NUC,UND,970-111-7868,561-555-0148,3869.png,f,8/20/13,5/31/17,,,
3870,Alister,Hardy-Piggin,ahardypiggin3870@example.org,Hardy-Piggin3870@kuromaku-u.org,F,7/14/95,2017,2017,WHT,COM,UND,970-111-7869,314-555-0148,3870.png,f,8/20/13,5/31/17,,,
3871,Happy,Jacobowicz,hjacobowicz3871@example.org,Jacobowicz3871@kuromaku-u.org,M,2/18/95,2017,2017,WHT,ENG,UND,970-111-7870,717-555-0158,3871.png,f,8/20/13,5/31/17,,,
3872,Kliment,Rudinger,krudinger3872@example.com,Rudinger3872@kuromaku-u.org,F,4/12/95,2017,2017,ASN,MAN,UND,970-111-7871,646-555-0126,3872.png,f,8/20/13,5/31/17,,,
3873,Bernarr,Enderwick,benderwick3873@example.com,Enderwick3873@kuromaku-u.org,F,9/21/95,2017,2017,AFR,NUC,UND,970-111-7872,208-555-0183,3873.png,f,8/20/13,5/31/17,,,
3874,Nicholle,Desaur,ndesaur3874@example.net,Desaur3874@kuromaku-u.org,M,12/11/95,2017,2017,HSP,ENG,CIV,970-111-7873,803-555-0161,3874.png,f,8/20/13,5/31/17,,,
3875,Ken,Foulis,kfoulis3875@example.com,Foulis3875@kuromaku-u.org,M,1/21/95,2017,2017,ASN,COM,MAN,970-111-7874,323-555-0185,3875.png,f,8/20/13,5/31/17,,,
3876,Annelise,Stout,astout3876@example.net,Stout3876@kuromaku-u.org,M,8/27/95,2017,2017,HSP,AER,UND,970-111-7875,502-555-0158,3876.png,f,8/20/13,5/31/17,,,
3877,Stanislaus,Ambroise,sambroise3877@example.com,Ambroise3877@kuromaku-u.org,F,11/20/95,2017,2017,ASN,CIV,UND,970-111-7876,205-555-0179,3877.png,f,8/20/13,5/31/17,,,
3878,Marie-jeanne,Bortolotti,mbortolotti3878@example.com,Bortolotti3878@kuromaku-u.org,M,12/2/95,2017,2017,WHT,MAN,UND,970-111-7877,248-555-0196,3878.png,f,8/20/13,5/31/17,,,
3879,Nananne,Nevin,nnevin3879@example.net,Nevin3879@kuromaku-u.org,F,3/8/95,2017,2017,HSP,CIV,ENG,970-111-7878,717-555-0122,3879.png,f,8/20/13,5/31/17,,,
3880,Briano,Oldaker,boldaker3880@example.org,Oldaker3880@kuromaku-u.org,F,6/16/95,2017,2017,ASN,MAT,UND,970-111-7879,309-555-0126,3880.png,f,8/20/13,5/31/17,,,
3881,Brnaby,Cawood,bcawood3881@example.org,Cawood3881@kuromaku-u.org,M,8/22/95,2017,2017,ASN,AER,CIV,970-111-7880,704-555-0119,3881.png,f,8/20/13,5/31/17,,,
3882,Fan,Andrzejczak,fandrzejczak3882@example.org,Andrzejczak3882@kuromaku-u.org,F,10/22/95,2017,2017,ASN,ENG,UND,970-111-7881,816-555-0170,3882.png,f,8/20/13,5/31/17,,,
3883,Theodoric,Audley,taudley3883@example.net,Audley3883@kuromaku-u.org,F,7/15/95,2017,2017,HSP,MAT,UND,970-111-7882,229-555-0125,3883.png,f,8/20/13,5/31/17,,,
3884,Sheba,Rutter,srutter3884@example.com,Rutter3884@kuromaku-u.org,F,8/8/95,2017,2017,ASN,MAN,ENG,970-111-7883,704-555-0111,3884.png,f,8/20/13,5/31/17,,,
3885,Giovanna,Ciccerale,gciccerale3885@example.net,Ciccerale3885@kuromaku-u.org,F,10/17/95,2017,2017,HSP,ENG,MAN,970-111-7884,502-555-0162,3885.png,f,8/20/13,5/31/17,,,
3886,Everett,Syvret,esyvret3886@example.net,Syvret3886@kuromaku-u.org,F,5/16/95,2017,2017,WHT,NUC,UND,970-111-7885,352-555-0151,3886.png,f,8/20/13,5/31/17,,,
3887,Jacquelynn,Stiffkins,jstiffkins3887@example.org,Stiffkins3887@kuromaku-u.org,F,12/28/95,2017,2017,HSP,MEC,CHE,970-111-7886,212-555-0183,3887.png,f,8/20/13,5/31/17,,,
3888,Kerstin,Aldham,kaldham3888@example.org,Aldham3888@kuromaku-u.org,F,9/26/95,2017,2017,AFR,CHE,UND,970-111-7887,336-555-0131,3888.png,f,8/20/13,5/31/17,,,
3889,Mandel,Stout,mstout3889@example.org,Stout3889@kuromaku-u.org,M,5/14/95,2017,2017,ASN,ENG,UND,970-111-7888,717-555-0193,3889.png,f,8/20/13,5/31/17,,,
3890,Sigismundo,Gadault,sgadault3890@example.org,Gadault3890@kuromaku-u.org,F,9/18/95,2017,2017,ASN,ENG,UND,970-111-7889,334-555-0192,3890.png,f,8/20/13,5/31/17,,,
3891,Beckie,Kahler,bkahler3891@example.net,Kahler3891@kuromaku-u.org,M,4/13/95,2017,2017,WHT,MAN,UND,970-111-7890,512-555-0131,3891.png,f,8/20/13,5/31/17,,,
3892,Palmer,Opie,popie3892@example.net,Opie3892@kuromaku-u.org,M,11/17/95,2017,2017,AFR,ENG,UND,970-111-7891,559-555-0172,3892.png,f,8/20/13,5/31/17,,,
3893,Celine,Chevis,cchevis3893@example.net,Chevis3893@kuromaku-u.org,F,6/22/95,2017,2017,HSP,AER,UND,970-111-7892,501-555-0115,3893.png,f,8/20/13,5/31/17,,,
3894,Paloma,Armall,parmall3894@example.org,Armall3894@kuromaku-u.org,M,7/27/95,2017,2017,WHT,ENG,UND,970-111-7893,208-555-0163,3894.png,f,8/20/13,5/31/17,,,
3895,Darlene,Reinert,dreinert3895@example.org,Reinert3895@kuromaku-u.org,M,12/15/95,2017,2017,WHT,MAT,UND,970-111-7894,501-555-0159,3895.png,f,8/20/13,5/31/17,,,
3896,Orville,Pleager,opleager3896@example.net,Pleager3896@kuromaku-u.org,F,5/6/95,2017,2017,AFR,NUC,CIV,970-111-7895,413-555-0171,3896.png,f,8/20/13,5/31/17,,,
3897,Carolynn,Bettleson,cbettleson3897@example.net,Bettleson3897@kuromaku-u.org,F,1/22/95,2017,2017,ASN,CIV,UND,970-111-7896,585-555-0147,3897.png,f,8/20/13,5/31/17,,,
3898,Teresa,Durrett,tdurrett3898@example.com,Durrett3898@kuromaku-u.org,F,7/28/95,2017,2017,HSP,CHE,UND,970-111-7897,317-555-0155,3898.png,f,8/20/13,5/31/17,,,
3899,Selene,Van der Velde,svandervelde3899@example.net,Van der Velde3899@kuromaku-u.org,M,5/11/95,2017,2017,AFR,AER,ENG,970-111-7898,210-555-0133,3899.png,f,8/20/13,5/31/17,,,
3900,Mady,Peyes,mpeyes3900@example.org,Peyes3900@kuromaku-u.org,M,6/17/95,2017,2017,ASN,AER,UND,970-111-7899,608-555-0193,3900.png,f,8/20/13,5/31/17,,,
3901,Darlene,Fidler,dfidler3901@example.com,Fidler3901@kuromaku-u.org,F,11/4/95,2017,2017,HSP,NUC,UND,970-111-7900,865-555-0125,3901.png,f,8/20/13,5/31/17,,,
3902,Rock,Serotsky,rserotsky3902@example.net,Serotsky3902@kuromaku-u.org,F,4/4/95,2017,2017,HSP,MAT,UND,970-111-7901,714-555-0192,3902.png,f,8/20/13,5/31/17,,,
3903,Padgett,Seargeant,pseargeant3903@example.org,Seargeant3903@kuromaku-u.org,F,5/13/95,2017,2017,AFR,MEC,UND,970-111-7902,702-555-0175,3903.png,f,8/20/13,5/31/17,,,
3904,Jacobo,Arbon,jarbon3904@example.com,Arbon3904@kuromaku-u.org,M,6/28/95,2017,2017,ASN,NUC,MAN,970-111-7903,314-555-0169,3904.png,f,8/20/13,5/31/17,,,
3905,Donia,Malby,dmalby3905@example.com,Malby3905@kuromaku-u.org,F,4/8/95,2017,2017,HSP,MAT,MAN,970-111-7904,352-555-0174,3905.png,f,8/20/13,5/31/17,,,
3906,Diannne,Tomes,dtomes3906@example.com,Tomes3906@kuromaku-u.org,M,2/19/95,2017,2017,HSP,MAN,MAT,970-111-7905,303-555-0146,3906.png,f,8/20/13,5/31/17,,,
3907,Nikolaos,Agg,nagg3907@example.net,Agg3907@kuromaku-u.org,M,3/5/95,2017,2017,WHT,ENG,UND,970-111-7906,971-555-0152,3907.png,f,8/20/13,5/31/17,,,
3908,Raynor,Bridson,rbridson3908@example.com,Bridson3908@kuromaku-u.org,M,12/20/95,2017,2017,HSP,MEC,UND,970-111-7907,915-555-0175,3908.png,f,8/20/13,5/31/17,,,
3909,Barnaby,Houlson,bhoulson3909@example.org,Houlson3909@kuromaku-u.org,M,7/12/95,2017,2017,ASN,COM,UND,970-111-7908,714-555-0132,3909.png,f,8/20/13,5/31/17,,,
3910,Selene,Sappson,ssappson3910@example.com,Sappson3910@kuromaku-u.org,M,3/8/95,2017,2017,AFR,CIV,UND,970-111-7909,716-555-0117,3910.png,f,8/20/13,5/31/17,,,
3911,Steward,Jimes,sjimes3911@example.net,Jimes3911@kuromaku-u.org,M,10/3/95,2017,2017,ASN,NUC,MAT,970-111-7910,217-555-0190,3911.png,f,8/20/13,5/31/17,,,
3912,Rock,Diter,rditer3912@example.com,Diter3912@kuromaku-u.org,F,8/17/95,2017,2017,WHT,CIV,UND,970-111-7911,719-555-0184,3912.png,f,8/20/13,5/31/17,,,
3913,Kearney,Pattie,kpattie3913@example.org,Pattie3913@kuromaku-u.org,M,8/22/95,2017,2017,WHT,CIV,UND,970-111-7912,559-555-0152,3913.png,f,8/20/13,5/31/17,,,
3914,Lloyd,Biggerstaff,lbiggerstaff3914@example.org,Biggerstaff3914@kuromaku-u.org,F,4/5/95,2017,2017,HSP,CHE,UND,970-111-7913,202-555-0151,3914.png,f,8/20/13,5/31/17,,,
3915,Oralee,Boards,oboards3915@example.net,Boards3915@kuromaku-u.org,F,2/4/95,2017,2017,AFR,ENG,COM,970-111-7914,701-555-0112,3915.png,f,8/20/13,5/31/17,,,
3916,Teriann,Vader,tvader3916@example.net,Vader3916@kuromaku-u.org,M,6/9/95,2017,2017,AFR,CHE,UND,970-111-7915,941-555-0129,3916.png,f,8/20/13,5/31/17,,,
3917,Bernardo,Tolfrey,btolfrey3917@example.net,Tolfrey3917@kuromaku-u.org,M,12/27/95,2017,2017,AFR,MEC,UND,970-111-7916,714-555-0152,3917.png,f,8/20/13,5/31/17,,,
3918,Terence,Olivia,tolivia3918@example.org,Olivia3918@kuromaku-u.org,M,1/5/95,2017,2017,AFR,CHE,UND,970-111-7917,323-555-0164,3918.png,f,8/20/13,5/31/17,,,
3919,Fara,Cleal,fcleal3919@example.com,Cleal3919@kuromaku-u.org,M,9/20/95,2017,2017,AFR,AER,COM,970-111-7918,941-555-0174,3919.png,f,8/20/13,5/31/17,,,
3920,Janaye,Opie,jopie3920@example.org,Opie3920@kuromaku-u.org,M,3/25/95,2017,2017,ASN,MEC,ENG,970-111-7919,806-555-0111,3920.png,f,8/20/13,5/31/17,,,
3921,Urbano,Brunnstein,ubrunnstein3921@example.net,Brunnstein3921@kuromaku-u.org,M,9/1/95,2017,2017,ASN,MAN,UND,970-111-7920,419-555-0113,3921.png,f,8/20/13,5/31/17,,,
3922,Dulce,Shird,dshird3922@example.net,Shird3922@kuromaku-u.org,F,5/8/95,2017,2017,ASN,MAT,UND,970-111-7921,330-555-0172,3922.png,f,8/20/13,5/31/17,,,
3923,Beau,Ridde,bridde3923@example.net,Ridde3923@kuromaku-u.org,M,6/10/95,2017,2017,WHT,MEC,UND,970-111-7922,909-555-0107,3923.png,f,8/20/13,5/31/17,,,
3924,Hi,Alyukin,halyukin3924@example.org,Alyukin3924@kuromaku-u.org,F,9/14/95,2017,2017,ASN,NUC,AER,970-111-7923,212-555-0141,3924.png,f,8/20/13,5/31/17,,,
3925,Hebert,Hunstone,hhunstone3925@example.com,Hunstone3925@kuromaku-u.org,F,1/28/95,2017,2017,HSP,NUC,UND,970-111-7924,520-555-0180,3925.png,f,8/20/13,5/31/17,,,
3926,Koo,Davoren,kdavoren3926@example.net,Davoren3926@kuromaku-u.org,M,4/12/95,2017,2017,AFR,MAN,ENG,970-111-7925,678-555-0175,3926.png,f,8/20/13,5/31/17,,,
3927,Glenn,Burchall,gburchall3927@example.com,Burchall3927@kuromaku-u.org,F,7/22/95,2017,2017,ASN,MEC,UND,970-111-7926,424-555-0116,3927.png,f,8/20/13,5/31/17,,,
3928,Shurlocke,Sarsfield,ssarsfield3928@example.com,Sarsfield3928@kuromaku-u.org,M,2/13/95,2017,2017,WHT,AER,UND,970-111-7927,717-555-0178,3928.png,f,8/20/13,5/31/17,,,
3929,Jackson,Stobart,jstobart3929@example.org,Stobart3929@kuromaku-u.org,F,11/16/95,2017,2017,AFR,NUC,MEC,970-111-7928,916-555-0199,3929.png,f,8/20/13,5/31/17,,,
3930,Mignon,Tomblings,mtomblings3930@example.com,Tomblings3930@kuromaku-u.org,F,12/4/95,2017,2017,ASN,NUC,UND,970-111-7929,317-555-0185,3930.png,f,8/20/13,5/31/17,,,
3931,Mona,Silvers,msilvers3931@example.com,Silvers3931@kuromaku-u.org,M,9/23/95,2017,2017,AFR,AER,CHE,970-111-7930,214-555-0160,3931.png,f,8/20/13,5/31/17,,,
3932,Natalee,Casado,ncasado3932@example.net,Casado3932@kuromaku-u.org,F,1/17/95,2017,2017,ASN,AER,UND,970-111-7931,513-555-0106,3932.png,f,8/20/13,5/31/17,,,
3933,Hi,Tomblings,htomblings3933@example.org,Tomblings3933@kuromaku-u.org,M,5/21/95,2017,2017,ASN,ENG,UND,970-111-7932,312-555-0163,3933.png,f,8/20/13,5/31/17,,,
3934,Marlow,Fenich,mfenich3934@example.org,Fenich3934@kuromaku-u.org,M,6/2/95,2017,2017,WHT,CHE,UND,970-111-7933,614-555-0141,3934.png,f,8/20/13,5/31/17,,,
3935,Gray,Peaple,gpeaple3935@example.net,Peaple3935@kuromaku-u.org,M,3/20/95,2017,2017,WHT,COM,CHE,970-111-7934,918-555-0176,3935.png,f,8/20/13,5/31/17,,,
3936,Bette-ann,Grint,bgrint3936@example.org,Grint3936@kuromaku-u.org,M,11/2/95,2017,2017,AFR,AER,UND,970-111-7935,786-555-0136,3936.png,f,8/20/13,5/31/17,,,
3937,Melicent,Bilson,mbilson3937@example.org,Bilson3937@kuromaku-u.org,F,7/28/95,2017,2017,ASN,CHE,UND,970-111-7936,757-555-0149,3937.png,f,8/20/13,5/31/17,,,
3938,Tybalt,Caldero,tcaldero3938@example.com,Caldero3938@kuromaku-u.org,M,6/4/95,2017,2017,ASN,MAT,UND,970-111-7937,801-555-0135,3938.png,f,8/20/13,5/31/17,,,
3939,Penrod,Clewer,pclewer3939@example.net,Clewer3939@kuromaku-u.org,M,2/12/95,2017,2017,AFR,CHE,UND,970-111-7938,305-555-0132,3939.png,f,8/20/13,5/31/17,,,
3940,Gibb,Parfett,gparfett3940@example.net,Parfett3940@kuromaku-u.org,M,7/3/95,2017,2017,AFR,COM,MAN,970-111-7939,510-555-0158,3940.png,f,8/20/13,5/31/17,,,
3941,Ephrem,Opie,eopie3941@example.org,Opie3941@kuromaku-u.org,M,3/17/95,2017,2017,HSP,MAN,UND,970-111-7940,971-555-0126,3941.png,f,8/20/13,5/31/17,,,
3942,Stan,Boneham,sboneham3942@example.com,Boneham3942@kuromaku-u.org,F,7/20/95,2017,2017,WHT,MAN,UND,970-111-7941,423-555-0160,3942.png,f,8/20/13,5/31/17,,,
3943,Virginie,Hush,vhush3943@example.com,Hush3943@kuromaku-u.org,M,7/13/95,2017,2017,WHT,CIV,AER,970-111-7942,704-555-0143,3943.png,f,8/20/13,5/31/17,,,
3944,Darby,Sudell,dsudell3944@example.net,Sudell3944@kuromaku-u.org,M,11/4/95,2017,2017,AFR,CHE,CIV,970-111-7943,716-555-0141,3944.png,f,8/20/13,5/31/17,,,
3945,Rourke,Clemes,rclemes3945@example.org,Clemes3945@kuromaku-u.org,M,1/19/95,2017,2017,WHT,NUC,UND,970-111-7944,217-555-0119,3945.png,f,8/20/13,5/31/17,,,
3946,Euell,Ciccarello,eciccarello3946@example.com,Ciccarello3946@kuromaku-u.org,F,10/28/95,2017,2017,WHT,MAT,MEC,970-111-7945,714-555-0160,3946.png,f,8/20/13,5/31/17,,,
3947,Porter,Crews,pcrews3947@example.org,Crews3947@kuromaku-u.org,M,1/5/95,2017,2017,AFR,ENG,UND,970-111-7946,908-555-0137,3947.png,f,8/20/13,5/31/17,,,
3948,Cort,Demageard,cdemageard3948@example.com,Demageard3948@kuromaku-u.org,F,8/5/95,2017,2017,AFR,ENG,UND,970-111-7947,318-555-0167,3948.png,f,8/20/13,5/31/17,,,
3949,Cynthea,Monni,cmonni3949@example.net,Monni3949@kuromaku-u.org,M,10/12/95,2017,2017,HSP,MAN,CIV,970-111-7948,509-555-0100,3949.png,f,8/20/13,5/31/17,,,
3950,Tristan,Falkinder,tfalkinder3950@example.net,Falkinder3950@kuromaku-u.org,M,11/23/95,2017,2017,ASN,MAN,UND,970-111-7949,520-555-0135,3950.png,f,8/20/13,5/31/17,,,
3951,Jo,Livingston,jlivingston3951@example.com,Livingston3951@kuromaku-u.org,M,2/16/95,2017,2017,AFR,MAT,ENG,970-111-7950,704-555-0173,3951.png,f,8/20/13,5/31/17,,,
3952,Zulema,Doumenc,zdoumenc3952@example.org,Doumenc3952@kuromaku-u.org,F,2/10/95,2017,2017,AFR,AER,UND,970-111-7951,952-555-0126,3952.png,f,8/20/13,5/31/17,,,
3953,Noelle,Crews,ncrews3953@example.com,Crews3953@kuromaku-u.org,M,11/23/95,2017,2017,WHT,NUC,UND,970-111-7952,360-555-0118,3953.png,f,8/20/13,5/31/17,,,
3954,Boigie,Goodbarne,bgoodbarne3954@example.com,Goodbarne3954@kuromaku-u.org,F,10/12/95,2017,2017,HSP,NUC,MAN,970-111-7953,954-555-0105,3954.png,f,8/20/13,5/31/17,,,
3955,Lloyd,Bartlam,lbartlam3955@example.org,Bartlam3955@kuromaku-u.org,M,7/1/95,2017,2017,ASN,COM,MAT,970-111-7954,205-555-0193,3955.png,f,8/20/13,5/31/17,,,
3956,Celestyn,Opie,copie3956@example.org,Opie3956@kuromaku-u.org,F,11/6/95,2017,2017,ASN,CIV,UND,970-111-7955,603-555-0145,3956.png,f,8/20/13,5/31/17,,,
3957,Northrup,Bettam,nbettam3957@example.com,Bettam3957@kuromaku-u.org,M,8/23/95,2017,2017,AFR,CIV,UND,970-111-7956,804-555-0118,3957.png,f,8/20/13,5/31/17,,,
3958,Abraham,Enriques,aenriques3958@example.com,Enriques3958@kuromaku-u.org,F,2/26/95,2017,2017,HSP,ENG,UND,970-111-7957,479-555-0141,3958.png,f,8/20/13,5/31/17,,,
3959,Griselda,Pirkis,gpirkis3959@example.net,Pirkis3959@kuromaku-u.org,F,10/16/95,2017,2017,HSP,CHE,UND,970-111-7958,404-555-0190,3959.png,f,8/20/13,5/31/17,,,
3960,Lorri,Craddock,lcraddock3960@example.org,Craddock3960@kuromaku-u.org,F,5/15/95,2017,2017,ASN,COM,MAN,970-111-7959,727-555-0174,3960.png,f,8/20/13,5/31/17,,,
3961,Tuck,Sudell,tsudell3961@example.net,Sudell3961@kuromaku-u.org,M,1/1/95,2017,2017,HSP,AER,UND,970-111-7960,281-555-0162,3961.png,f,8/20/13,5/31/17,,,
3962,Alidia,Dykas,adykas3962@example.net,Dykas3962@kuromaku-u.org,F,2/1/95,2017,2017,ASN,AER,UND,970-111-7961,504-555-0101,3962.png,f,8/20/13,5/31/17,,,
3963,Isobel,Zorzutti,izorzutti3963@example.com,Zorzutti3963@kuromaku-u.org,F,3/26/95,2017,2017,HSP,ENG,UND,970-111-7962,208-555-0168,3963.png,f,8/20/13,5/31/17,,,
3964,Muffin,Daughtry,mdaughtry3964@example.com,Daughtry3964@kuromaku-u.org,M,7/10/95,2017,2017,HSP,MAN,UND,970-111-7963,832-555-0130,3964.png,f,8/20/13,5/31/17,,,
3965,Karyn,Blackmoor,kblackmoor3965@example.net,Blackmoor3965@kuromaku-u.org,M,12/20/95,2017,2017,ASN,AER,ENG,970-111-7964,206-555-0191,3965.png,f,8/20/13,5/31/17,,,
3966,Jerome,Minnette,jminnette3966@example.com,Minnette3966@kuromaku-u.org,M,11/26/95,2017,2017,AFR,NUC,UND,970-111-7965,210-555-0146,3966.png,f,8/20/13,5/31/17,,,
3967,Travus,Ponder,tponder3967@example.com,Ponder3967@kuromaku-u.org,F,7/14/95,2017,2017,ASN,COM,MAN,970-111-7966,504-555-0100,3967.png,f,8/20/13,5/31/17,,,
3968,Tito,Revie,trevie3968@example.com,Revie3968@kuromaku-u.org,M,8/19/95,2017,2017,ASN,CIV,UND,970-111-7967,785-555-0178,3968.png,f,8/20/13,5/31/17,,,
3969,Nona,Fortie,nfortie3969@example.com,Fortie3969@kuromaku-u.org,M,10/10/95,2017,2017,WHT,MAT,UND,970-111-7968,518-555-0190,3969.png,f,8/20/13,5/31/17,,,
3970,Andros,Silverthorne,asilverthorne3970@example.com,Silverthorne3970@kuromaku-u.org,F,2/24/95,2017,2017,HSP,MEC,COM,970-111-7969,520-555-0155,3970.png,f,8/20/13,5/31/17,,,
3971,Wit,Elgood,welgood3971@example.org,Elgood3971@kuromaku-u.org,M,1/15/95,2017,2017,AFR,COM,UND,970-111-7970,520-555-0191,3971.png,f,8/20/13,5/31/17,,,
3972,Stanley,Dunne,sdunne3972@example.net,Dunne3972@kuromaku-u.org,F,7/4/95,2017,2017,AFR,CHE,MAN,970-111-7971,323-555-0180,3972.png,f,8/20/13,5/31/17,,,
3973,Boot,MacLoughlin,bmacloughlin3973@example.org,MacLoughlin3973@kuromaku-u.org,M,6/5/95,2017,2017,AFR,CIV,NUC,970-111-7972,405-555-0156,3973.png,f,8/20/13,5/31/17,,,
3974,Viva,Verdey,vverdey3974@example.com,Verdey3974@kuromaku-u.org,M,4/11/95,2017,2017,ASN,MAN,UND,970-111-7973,336-555-0120,3974.png,f,8/20/13,5/31/17,,,
3975,Carly,Wanklin,cwanklin3975@example.org,Wanklin3975@kuromaku-u.org,F,9/6/95,2017,2017,AFR,AER,MAT,970-111-7974,859-555-0152,3975.png,f,8/20/13,5/31/17,,,
3976,Prudence,Pulster,ppulster3976@example.net,Pulster3976@kuromaku-u.org,F,4/19/95,2017,2017,HSP,CIV,MAT,970-111-7975,972-555-0147,3976.png,f,8/20/13,5/31/17,,,
3977,Prudence,Dobinson,pdobinson3977@example.net,Dobinson3977@kuromaku-u.org,F,1/15/95,2017,2017,WHT,NUC,UND,970-111-7976,434-555-0160,3977.png,f,8/20/13,5/31/17,,,
3978,Anthea,Kyme,akyme3978@example.net,Kyme3978@kuromaku-u.org,M,5/13/95,2017,2017,HSP,NUC,UND,970-111-7977,612-555-0130,3978.png,f,8/20/13,5/31/17,,,
3979,Herrick,Hunstone,hhunstone3979@example.org,Hunstone3979@kuromaku-u.org,M,7/6/95,2017,2017,HSP,MAN,UND,970-111-7978,616-555-0147,3979.png,f,8/20/13,5/31/17,,,
3980,Remy,Karchewski,rkarchewski3980@example.com,Karchewski3980@kuromaku-u.org,F,6/15/95,2017,2017,ASN,NUC,UND,970-111-7979,212-555-0192,3980.png,f,8/20/13,5/31/17,,,
3981,Jack,Wardesworth,jwardesworth3981@example.org,Wardesworth3981@kuromaku-u.org,M,8/15/95,2017,2017,ASN,ENG,MAT,970-111-7980,240-555-0134,3981.png,f,8/20/13,5/31/17,,,
3982,Kristyn,Kevlin,kkevlin3982@example.net,Kevlin3982@kuromaku-u.org,M,2/3/95,2017,2017,HSP,ENG,UND,970-111-7981,360-555-0189,3982.png,f,8/20/13,5/31/17,,,
3983,Lannie,Harry,lharry3983@example.org,Harry3983@kuromaku-u.org,F,3/2/95,2017,2017,ASN,COM,UND,970-111-7982,202-555-0137,3983.png,f,8/20/13,5/31/17,,,
3984,Basile,Fazackerley,bfazackerley3984@example.com,Fazackerley3984@kuromaku-u.org,M,3/28/95,2017,2017,AFR,AER,UND,970-111-7983,502-555-0142,3984.png,f,8/20/13,5/31/17,,,
3985,Britney,Dosdell,bdosdell3985@example.org,Dosdell3985@kuromaku-u.org,M,1/16/95,2017,2017,ASN,ENG,UND,970-111-7984,952-555-0151,3985.png,f,8/20/13,5/31/17,,,
3986,Dore,Wanklin,dwanklin3986@example.net,Wanklin3986@kuromaku-u.org,M,2/24/95,2017,2017,AFR,COM,UND,970-111-7985,508-555-0158,3986.png,f,8/20/13,5/31/17,,,
3987,Anjanette,Bartleman,abartleman3987@example.com,Bartleman3987@kuromaku-u.org,M,2/15/95,2017,2017,HSP,MAN,CHE,970-111-7986,917-555-0121,3987.png,f,8/20/13,5/31/17,,,
3988,Bryon,Ditt,bditt3988@example.org,Ditt3988@kuromaku-u.org,F,5/21/95,2017,2017,HSP,NUC,ENG,970-111-7987,256-555-0139,3988.png,f,8/20/13,5/31/17,,,
3989,Domenic,Rowlands,drowlands3989@example.net,Rowlands3989@kuromaku-u.org,M,10/10/95,2017,2017,AFR,NUC,UND,970-111-7988,850-555-0162,3989.png,f,8/20/13,5/31/17,,,
3990,Baron,Cooper,bcooper3990@example.net,Cooper3990@kuromaku-u.org,F,12/18/95,2017,2017,AFR,MAT,UND,970-111-7989,210-555-0160,3990.png,f,8/20/13,5/31/17,,,
3991,Rafa,Skpsey,rskpsey3991@example.com,Skpsey3991@kuromaku-u.org,M,7/1/95,2017,2017,HSP,MAT,MEC,970-111-7990,928-555-0156,3991.png,f,8/20/13,5/31/17,,,
3992,Erhard,Arbon,earbon3992@example.com,Arbon3992@kuromaku-u.org,F,11/10/95,2017,2017,ASN,MEC,UND,970-111-7991,321-555-0101,3992.png,f,8/20/13,5/31/17,,,
3993,Bobbie,Rutter,brutter3993@example.net,Rutter3993@kuromaku-u.org,F,9/17/95,2017,2017,AFR,ENG,UND,970-111-7992,206-555-0163,3993.png,f,8/20/13,5/31/17,,,
3994,Catarina,Iacopini,ciacopini3994@example.org,Iacopini3994@kuromaku-u.org,F,3/23/95,2017,2017,AFR,MEC,UND,970-111-7993,806-555-0113,3994.png,f,8/20/13,5/31/17,,,
3995,Judith,Riding,jriding3995@example.com,Riding3995@kuromaku-u.org,M,1/18/95,2017,2017,HSP,COM,AER,970-111-7994,909-555-0151,3995.png,f,8/20/13,5/31/17,,,
3996,Solly,Bussens,sbussens3996@example.net,Bussens3996@kuromaku-u.org,M,11/22/95,2017,2017,AFR,NUC,UND,970-111-7995,603-555-0189,3996.png,f,8/20/13,5/31/17,,,
3997,Georges,Tatton,gtatton3997@example.org,Tatton3997@kuromaku-u.org,F,6/7/95,2017,2017,AFR,MAT,UND,970-111-7996,813-555-0109,3997.png,f,8/20/13,5/31/17,,,
3998,Winifield,Dalliwatr,wdalliwatr3998@example.com,Dalliwatr3998@kuromaku-u.org,M,8/10/95,2017,2017,AFR,AER,MEC,970-111-7997,425-555-0132,3998.png,f,8/20/13,5/31/17,,,
3999,Galvan,Fernandez,gfernandez3999@example.com,Fernandez3999@kuromaku-u.org,M,6/20/95,2017,2017,WHT,ENG,UND,970-111-7998,646-555-0143,3999.png,f,8/20/13,5/31/17,,,
4000,Tiffanie,Lardeur,tlardeur4000@example.com,Lardeur4000@kuromaku-u.org,M,1/28/95,2017,2017,AFR,MEC,UND,970-111-7999,941-555-0112,4000.png,f,8/20/13,5/31/17,,,
4001,Drucill,Lyness,dlyness4001@example.net,Lyness4001@kuromaku-u.org,M,7/26/96,2018,2018,AFR,AER,CHE,970-111-8000,240-555-0130,4001.png,f,8/20/14,5/31/18,,,
4002,Borden,Cheyne,bcheyne4002@example.org,Cheyne4002@kuromaku-u.org,F,1/21/96,2018,2018,HSP,MEC,UND,970-111-8001,971-555-0139,4002.png,f,8/20/14,5/31/18,,,
4003,Vinnie,Fowler,vfowler4003@example.com,Fowler4003@kuromaku-u.org,F,4/12/96,2018,2018,HSP,MAT,UND,970-111-8002,404-555-0169,4003.png,f,8/20/14,5/31/18,,,
4004,Truda,Setchfield,tsetchfield4004@example.com,Setchfield4004@kuromaku-u.org,F,4/7/96,2018,2018,AFR,AER,UND,970-111-8003,614-555-0135,4004.png,f,8/20/14,5/31/18,,,
4005,Pepe,Porte,pporte4005@example.org,Porte4005@kuromaku-u.org,M,1/11/96,2018,2018,ASN,CHE,ENG,970-111-8004,413-555-0167,4005.png,f,8/20/14,5/31/18,,,
4006,Muffin,Elwell,melwell4006@example.net,Elwell4006@kuromaku-u.org,M,5/21/96,2018,2018,ASN,MEC,UND,970-111-8005,334-555-0171,4006.png,f,8/20/14,5/31/18,,,
4007,Angy,Pellamonuten,apellamonuten4007@example.net,Pellamonuten4007@kuromaku-u.org,M,11/24/96,2018,2018,ASN,COM,UND,970-111-8006,202-555-0104,4007.png,f,8/20/14,5/31/18,,,
4008,Raeann,Hargroves,rhargroves4008@example.com,Hargroves4008@kuromaku-u.org,F,11/3/96,2018,2018,WHT,NUC,UND,970-111-8007,801-555-0192,4008.png,f,8/20/14,5/31/18,,,
4009,Ava,Dietsche,adietsche4009@example.net,Dietsche4009@kuromaku-u.org,M,7/26/96,2018,2018,HSP,AER,UND,970-111-8008,415-555-0161,4009.png,f,8/20/14,5/31/18,,,
4010,Garek,Daughtry,gdaughtry4010@example.org,Daughtry4010@kuromaku-u.org,M,11/6/96,2018,2018,AFR,COM,UND,970-111-8009,859-555-0141,4010.png,f,8/20/14,5/31/18,,,
4011,Mead,Putson,mputson4011@example.org,Putson4011@kuromaku-u.org,F,11/23/96,2018,2018,AFR,CHE,UND,970-111-8010,812-555-0139,4011.png,f,8/20/14,5/31/18,,,
4012,Staci,Baxstair,sbaxstair4012@example.com,Baxstair4012@kuromaku-u.org,M,3/16/96,2018,2018,WHT,MAN,CIV,970-111-8011,754-555-0156,4012.png,f,8/20/14,5/31/18,,,
4013,Lannie,Sander,lsander4013@example.net,Sander4013@kuromaku-u.org,M,2/13/96,2018,2018,AFR,CHE,MAT,970-111-8012,678-555-0184,4013.png,f,8/20/14,5/31/18,,,
4014,Olenka,Trembath,otrembath4014@example.net,Trembath4014@kuromaku-u.org,M,1/3/96,2018,2018,HSP,ENG,CHE,970-111-8013,573-555-0114,4014.png,f,8/20/14,5/31/18,,,
4015,Mead,Fairbrass,mfairbrass4015@example.org,Fairbrass4015@kuromaku-u.org,F,5/5/96,2018,2018,HSP,ENG,UND,970-111-8014,772-555-0107,4015.png,f,8/20/14,5/31/18,,,
4016,Orazio,Beeze,obeeze4016@example.com,Beeze4016@kuromaku-u.org,F,6/28/96,2018,2018,ASN,NUC,UND,970-111-8015,214-555-0121,4016.png,f,8/20/14,5/31/18,,,
4017,Althea,Ronald,aronald4017@example.com,Ronald4017@kuromaku-u.org,F,10/19/96,2018,2018,ASN,MEC,UND,970-111-8016,802-555-0183,4017.png,f,8/20/14,5/31/18,,,
4018,Madelaine,Ridewood,mridewood4018@example.org,Ridewood4018@kuromaku-u.org,F,2/24/96,2018,2018,WHT,MAT,UND,970-111-8017,701-555-0198,4018.png,f,8/20/14,5/31/18,,,
4019,Mortimer,Prine,mprine4019@example.com,Prine4019@kuromaku-u.org,M,1/13/96,2018,2018,WHT,NUC,UND,970-111-8018,971-555-0141,4019.png,f,8/20/14,5/31/18,,,
4020,Alicea,Stockbridge,astockbridge4020@example.com,Stockbridge4020@kuromaku-u.org,M,1/27/96,2018,2018,AFR,MAT,UND,970-111-8019,434-555-0109,4020.png,f,8/20/14,5/31/18,,,
4021,Noam,Rihanek,nrihanek4021@example.org,Rihanek4021@kuromaku-u.org,F,4/4/96,2018,2018,HSP,MEC,CIV,970-111-8020,407-555-0104,4021.png,f,8/20/14,5/31/18,,,
4022,Lannie,Chaloner,lchaloner4022@example.net,Chaloner4022@kuromaku-u.org,M,8/22/96,2018,2018,WHT,MAN,UND,970-111-8021,972-555-0156,4022.png,f,8/20/14,5/31/18,,,
4023,Donnie,Silvers,dsilvers4023@example.net,Silvers4023@kuromaku-u.org,F,12/24/96,2018,2018,ASN,CIV,UND,970-111-8022,918-555-0115,4023.png,f,8/20/14,5/31/18,,,
4024,Mario,Rustich,mrustich4024@example.org,Rustich4024@kuromaku-u.org,M,6/2/96,2018,2018,AFR,ENG,UND,970-111-8023,682-555-0105,4024.png,f,8/20/14,5/31/18,,,
4025,Gayler,Keld,gkeld4025@example.com,Keld4025@kuromaku-u.org,M,9/13/96,2018,2018,ASN,MAN,UND,970-111-8024,530-555-0117,4025.png,f,8/20/14,5/31/18,,,
4026,Dore,Cornils,dcornils4026@example.net,Cornils4026@kuromaku-u.org,F,5/17/96,2018,2018,ASN,ENG,UND,970-111-8025,202-555-0106,4026.png,f,8/20/14,5/31/18,,,
4027,Galvan,Balogh,gbalogh4027@example.org,Balogh4027@kuromaku-u.org,M,9/18/96,2018,2018,ASN,NUC,CHE,970-111-8026,509-555-0190,4027.png,f,8/20/14,5/31/18,,,
4028,Vern,Volante,vvolante4028@example.org,Volante4028@kuromaku-u.org,M,12/26/96,2018,2018,AFR,ENG,AER,970-111-8027,916-555-0100,4028.png,f,8/20/14,5/31/18,,,
4029,Bartholomew,Cust,bcust4029@example.org,Cust4029@kuromaku-u.org,F,3/8/96,2018,2018,WHT,CIV,UND,970-111-8028,614-555-0156,4029.png,f,8/20/14,5/31/18,,,
4030,Koo,De Witt,kdewitt4030@example.com,De Witt4030@kuromaku-u.org,M,1/6/96,2018,2018,AFR,MAN,UND,970-111-8029,303-555-0111,4030.png,f,8/20/14,5/31/18,,,
4031,Lise,Ridewood,lridewood4031@example.net,Ridewood4031@kuromaku-u.org,M,12/3/96,2018,2018,AFR,CHE,UND,970-111-8030,912-555-0132,4031.png,f,8/20/14,5/31/18,,,
4032,Everett,Shavel,eshavel4032@example.net,Shavel4032@kuromaku-u.org,F,12/27/96,2018,2018,ASN,CIV,UND,970-111-8031,415-555-0123,4032.png,f,8/20/14,5/31/18,,,
4033,Rhoda,Corkitt,rcorkitt4033@example.com,Corkitt4033@kuromaku-u.org,M,12/28/96,2018,2018,HSP,ENG,UND,970-111-8032,936-555-0135,4033.png,f,8/20/14,5/31/18,,,
4034,Lian,Fidler,lfidler4034@example.com,Fidler4034@kuromaku-u.org,M,1/27/96,2018,2018,ASN,NUC,MEC,970-111-8033,860-555-0132,4034.png,f,8/20/14,5/31/18,,,
4035,Jedd,Wichard,jwichard4035@example.net,Wichard4035@kuromaku-u.org,F,10/20/96,2018,2018,WHT,MAN,UND,970-111-8034,862-555-0149,4035.png,f,8/20/14,5/31/18,,,
4036,Bliss,Quarlis,bquarlis4036@example.org,Quarlis4036@kuromaku-u.org,M,5/24/96,2018,2018,HSP,CIV,UND,970-111-8035,512-555-0183,4036.png,f,8/20/14,5/31/18,,,
4037,Rutger,Casado,rcasado4037@example.com,Casado4037@kuromaku-u.org,M,4/22/96,2018,2018,ASN,NUC,UND,970-111-8036,504-555-0154,4037.png,f,8/20/14,5/31/18,,,
4038,Palmer,Elgood,pelgood4038@example.com,Elgood4038@kuromaku-u.org,M,1/19/96,2018,2018,WHT,ENG,UND,970-111-8037,612-555-0167,4038.png,f,8/20/14,5/31/18,,,
4039,Ezequiel,Randerson,eranderson4039@example.com,Randerson4039@kuromaku-u.org,F,11/14/96,2018,2018,WHT,CIV,UND,970-111-8038,206-555-0192,4039.png,f,8/20/14,5/31/18,,,
4040,Sandye,Ogger,sogger4040@example.com,Ogger4040@kuromaku-u.org,F,9/17/96,2018,2018,WHT,MEC,UND,970-111-8039,202-555-0187,4040.png,f,8/20/14,5/31/18,,,
4041,Beatrisa,Pawels,bpawels4041@example.com,Pawels4041@kuromaku-u.org,M,11/24/96,2018,2018,ASN,NUC,MEC,970-111-8040,907-555-0166,4041.png,f,8/20/14,5/31/18,,,
4042,Kerry,Tours,ktours4042@example.com,Tours4042@kuromaku-u.org,F,7/24/96,2018,2018,WHT,MAT,UND,970-111-8041,602-555-0161,4042.png,f,8/20/14,5/31/18,,,
4043,Biddy,Kondrat,bkondrat4043@example.net,Kondrat4043@kuromaku-u.org,F,7/28/96,2018,2018,ASN,ENG,UND,970-111-8042,605-555-0105,4043.png,f,8/20/14,5/31/18,,,
4044,Lynna,Biernat,lbiernat4044@example.net,Biernat4044@kuromaku-u.org,M,6/17/96,2018,2018,AFR,NUC,UND,970-111-8043,918-555-0130,4044.png,f,8/20/14,5/31/18,,,
4045,Anjanette,Klainman,aklainman4045@example.com,Klainman4045@kuromaku-u.org,M,12/18/96,2018,2018,WHT,NUC,COM,970-111-8044,210-555-0162,4045.png,f,8/20/14,5/31/18,,,
4046,Jude,Bernli,jbernli4046@example.com,Bernli4046@kuromaku-u.org,F,3/6/96,2018,2018,ASN,MAN,UND,970-111-8045,650-555-0179,4046.png,f,8/20/14,5/31/18,,,
4047,Rosco,MacLoughlin,rmacloughlin4047@example.com,MacLoughlin4047@kuromaku-u.org,F,4/2/96,2018,2018,WHT,MAT,COM,970-111-8046,217-555-0130,4047.png,f,8/20/14,5/31/18,,,
4048,Dalli,Doughtery,ddoughtery4048@example.org,Doughtery4048@kuromaku-u.org,M,4/18/96,2018,2018,AFR,CIV,UND,970-111-8047,309-555-0160,4048.png,f,8/20/14,5/31/18,,,
4049,Wynn,Zorzoni,wzorzoni4049@example.org,Zorzoni4049@kuromaku-u.org,M,9/6/96,2018,2018,ASN,MEC,AER,970-111-8048,336-555-0171,4049.png,f,8/20/14,5/31/18,,,
4050,Mathew,Tetlow,mtetlow4050@example.org,Tetlow4050@kuromaku-u.org,F,1/13/96,2018,2018,HSP,CHE,UND,970-111-8049,937-555-0163,4050.png,f,8/20/14,5/31/18,,,
4051,Shurlocke,Milillo,smilillo4051@example.com,Milillo4051@kuromaku-u.org,F,3/21/96,2018,2018,AFR,MAN,ENG,970-111-8050,714-555-0180,4051.png,f,8/20/14,5/31/18,,,
4052,Granthem,Inge,ginge4052@example.com,Inge4052@kuromaku-u.org,M,12/14/96,2018,2018,AFR,MAN,UND,970-111-8051,719-555-0197,4052.png,f,8/20/14,5/31/18,,,
4053,Isiahi,Arbon,iarbon4053@example.com,Arbon4053@kuromaku-u.org,F,11/8/96,2018,2018,AFR,NUC,MEC,970-111-8052,908-555-0178,4053.png,f,8/20/14,5/31/18,,,
4054,Todd,Capel,tcapel4054@example.net,Capel4054@kuromaku-u.org,M,2/23/96,2018,2018,HSP,MAT,COM,970-111-8053,954-555-0101,4054.png,f,8/20/14,5/31/18,,,
4055,Pierre,Nelligan,pnelligan4055@example.org,Nelligan4055@kuromaku-u.org,M,2/4/96,2018,2018,AFR,MAN,CHE,970-111-8054,770-555-0175,4055.png,f,8/20/14,5/31/18,,,
4056,Percival,Niezen,pniezen4056@example.net,Niezen4056@kuromaku-u.org,M,7/6/96,2018,2018,HSP,ENG,UND,970-111-8055,215-555-0169,4056.png,f,8/20/14,5/31/18,,,
4057,Bastian,Putson,bputson4057@example.net,Putson4057@kuromaku-u.org,M,12/28/96,2018,2018,ASN,CHE,UND,970-111-8056,281-555-0123,4057.png,f,8/20/14,5/31/18,,,
4058,Lura,Knight,lknight4058@example.org,Knight4058@kuromaku-u.org,F,11/6/96,2018,2018,ASN,ENG,UND,970-111-8057,734-555-0111,4058.png,f,8/20/14,5/31/18,,,
4059,Jeramie,Oldaker,joldaker4059@example.net,Oldaker4059@kuromaku-u.org,F,2/5/96,2018,2018,WHT,MAT,NUC,970-111-8058,913-555-0170,4059.png,f,8/20/14,5/31/18,,,
4060,Harmony,Chessum,hchessum4060@example.org,Chessum4060@kuromaku-u.org,M,12/21/96,2018,2018,ASN,NUC,UND,970-111-8059,202-555-0198,4060.png,f,8/20/14,5/31/18,,,
4061,Theodoric,Arlidge,tarlidge4061@example.org,Arlidge4061@kuromaku-u.org,F,7/24/96,2018,2018,WHT,MEC,UND,970-111-8060,361-555-0153,4061.png,f,8/20/14,5/31/18,,,
4062,Ros,Best,rbest4062@example.net,Best4062@kuromaku-u.org,M,2/22/96,2018,2018,HSP,MAN,UND,970-111-8061,217-555-0102,4062.png,f,8/20/14,5/31/18,,,
4063,Bernardo,Cleland,bcleland4063@example.net,Cleland4063@kuromaku-u.org,M,8/25/96,2018,2018,ASN,AER,UND,970-111-8062,505-555-0183,4063.png,f,8/20/14,5/31/18,,,
4064,Wolfy,Silverthorne,wsilverthorne4064@example.net,Silverthorne4064@kuromaku-u.org,M,3/22/96,2018,2018,HSP,ENG,UND,970-111-8063,785-555-0104,4064.png,f,8/20/14,5/31/18,,,
4065,Ferdy,Hubball,fhubball4065@example.net,Hubball4065@kuromaku-u.org,M,10/3/96,2018,2018,ASN,NUC,UND,970-111-8064,402-555-0116,4065.png,f,8/20/14,5/31/18,,,
4066,Cleavland,Epelett,cepelett4066@example.net,Epelett4066@kuromaku-u.org,F,8/15/96,2018,2018,ASN,MAN,UND,970-111-8065,412-555-0114,4066.png,f,8/20/14,5/31/18,,,
4067,Hubey,Pitcaithly,hpitcaithly4067@example.com,Pitcaithly4067@kuromaku-u.org,M,11/11/96,2018,2018,WHT,NUC,UND,970-111-8066,215-555-0141,4067.png,f,8/20/14,5/31/18,,,
4068,Alphonse,McMurthy,amcmurthy4068@example.net,McMurthy4068@kuromaku-u.org,M,12/22/96,2018,2018,WHT,NUC,UND,970-111-8067,602-555-0112,4068.png,f,8/20/14,5/31/18,,,
4069,Hill,Bloxsum,hbloxsum4069@example.com,Bloxsum4069@kuromaku-u.org,M,6/24/96,2018,2018,HSP,CIV,MAN,970-111-8068,301-555-0165,4069.png,f,8/20/14,5/31/18,,,
4070,Feliks,Capel,fcapel4070@example.net,Capel4070@kuromaku-u.org,F,11/26/96,2018,2018,HSP,NUC,UND,970-111-8069,559-555-0147,4070.png,f,8/20/14,5/31/18,,,
4071,Rhody,Warlow,rwarlow4071@example.net,Warlow4071@kuromaku-u.org,F,1/17/96,2018,2018,ASN,CHE,UND,970-111-8070,717-555-0182,4071.png,f,8/20/14,5/31/18,,,
4072,Marin,Beccera,mbeccera4072@example.com,Beccera4072@kuromaku-u.org,F,6/28/96,2018,2018,AFR,COM,UND,970-111-8071,757-555-0115,4072.png,f,8/20/14,5/31/18,,,
4073,Luci,Hens,lhens4073@example.com,Hens4073@kuromaku-u.org,F,9/11/96,2018,2018,HSP,CHE,UND,970-111-8072,312-555-0134,4073.png,f,8/20/14,5/31/18,,,
4074,Bernardo,Hens,bhens4074@example.net,Hens4074@kuromaku-u.org,M,6/25/96,2018,2018,AFR,ENG,MAN,970-111-8073,212-555-0144,4074.png,f,8/20/14,5/31/18,,,
4075,Gayler,Ketch,gketch4075@example.com,Ketch4075@kuromaku-u.org,M,4/10/96,2018,2018,HSP,MAT,UND,970-111-8074,808-555-0140,4075.png,f,8/20/14,5/31/18,,,
4076,Nananne,Claiden,nclaiden4076@example.net,Claiden4076@kuromaku-u.org,M,6/2/96,2018,2018,ASN,ENG,UND,970-111-8075,203-555-0108,4076.png,f,8/20/14,5/31/18,,,
4077,Jean,Mertsching,jmertsching4077@example.org,Mertsching4077@kuromaku-u.org,M,4/26/96,2018,2018,HSP,MAN,UND,970-111-8076,704-555-0185,4077.png,f,8/20/14,5/31/18,,,
4078,Margaretta,Breese,mbreese4078@example.com,Breese4078@kuromaku-u.org,M,4/25/96,2018,2018,HSP,AER,UND,970-111-8077,614-555-0160,4078.png,f,8/20/14,5/31/18,,,
4079,Cort,Benaine,cbenaine4079@example.com,Benaine4079@kuromaku-u.org,F,2/16/96,2018,2018,AFR,MAT,MAN,970-111-8078,603-555-0110,4079.png,f,8/20/14,5/31/18,,,
4080,Sauncho,Braidwood,sbraidwood4080@example.net,Braidwood4080@kuromaku-u.org,F,4/16/96,2018,2018,HSP,ENG,UND,970-111-8079,786-555-0127,4080.png,f,8/20/14,5/31/18,,,
4081,Federico,Diter,fditer4081@example.org,Diter4081@kuromaku-u.org,M,3/2/96,2018,2018,ASN,AER,UND,970-111-8080,850-555-0100,4081.png,f,8/20/14,5/31/18,,,
4082,Tristam,Ketch,tketch4082@example.org,Ketch4082@kuromaku-u.org,F,5/8/96,2018,2018,WHT,COM,MAN,970-111-8081,501-555-0133,4082.png,f,8/20/14,5/31/18,,,
4083,Lloyd,Dyde,ldyde4083@example.net,Dyde4083@kuromaku-u.org,F,3/10/96,2018,2018,ASN,MEC,MAN,970-111-8082,478-555-0154,4083.png,f,8/20/14,5/31/18,,,
4084,Lindsey,Hillyatt,lhillyatt4084@example.net,Hillyatt4084@kuromaku-u.org,M,1/23/96,2018,2018,ASN,COM,UND,970-111-8083,334-555-0159,4084.png,f,8/20/14,5/31/18,,,
4085,Donia,Stainburn,dstainburn4085@example.com,Stainburn4085@kuromaku-u.org,F,1/14/96,2018,2018,WHT,CIV,UND,970-111-8084,928-555-0127,4085.png,f,8/20/14,5/31/18,,,
4086,Mario,McGibbon,mmcgibbon4086@example.com,McGibbon4086@kuromaku-u.org,F,3/26/96,2018,2018,ASN,AER,UND,970-111-8085,309-555-0154,4086.png,f,8/20/14,5/31/18,,,
4087,Stanford,Heephy,sheephy4087@example.com,Heephy4087@kuromaku-u.org,F,7/6/96,2018,2018,WHT,MAT,COM,970-111-8086,907-555-0162,4087.png,f,8/20/14,5/31/18,,,
4088,Delia,Dogerty,ddogerty4088@example.net,Dogerty4088@kuromaku-u.org,F,2/21/96,2018,2018,AFR,MAN,UND,970-111-8087,216-555-0199,4088.png,f,8/20/14,5/31/18,,,
4089,Maddie,Grebner,mgrebner4089@example.net,Grebner4089@kuromaku-u.org,M,7/7/96,2018,2018,ASN,NUC,UND,970-111-8088,928-555-0108,4089.png,f,8/20/14,5/31/18,,,
4090,Jerry,Livingston,jlivingston4090@example.org,Livingston4090@kuromaku-u.org,M,10/10/96,2018,2018,ASN,MAT,UND,970-111-8089,413-555-0141,4090.png,f,8/20/14,5/31/18,,,
4091,Mario,Lilford,mlilford4091@example.org,Lilford4091@kuromaku-u.org,M,3/14/96,2018,2018,HSP,NUC,UND,970-111-8090,724-555-0158,4091.png,f,8/20/14,5/31/18,,,
4092,Carling,Pawels,cpawels4092@example.org,Pawels4092@kuromaku-u.org,F,1/16/96,2018,2018,ASN,NUC,UND,970-111-8091,801-555-0116,4092.png,f,8/20/14,5/31/18,,,
4093,Alphonse,Cohrs,acohrs4093@example.com,Cohrs4093@kuromaku-u.org,F,8/7/96,2018,2018,HSP,NUC,COM,970-111-8092,361-555-0155,4093.png,f,8/20/14,5/31/18,,,
4094,Jory,Lorman,jlorman4094@example.org,Lorman4094@kuromaku-u.org,M,4/11/96,2018,2018,ASN,NUC,AER,970-111-8093,802-555-0147,4094.png,f,8/20/14,5/31/18,,,
4095,Lurlene,Marden,lmarden4095@example.com,Marden4095@kuromaku-u.org,M,7/20/96,2018,2018,HSP,MEC,UND,970-111-8094,757-555-0173,4095.png,f,8/20/14,5/31/18,,,
4096,Emanuel,Fussell,efussell4096@example.net,Fussell4096@kuromaku-u.org,F,1/8/96,2018,2018,AFR,COM,UND,970-111-8095,504-555-0102,4096.png,f,8/20/14,5/31/18,,,
4097,Genny,Shalliker,gshalliker4097@example.org,Shalliker4097@kuromaku-u.org,F,11/10/96,2018,2018,AFR,MEC,UND,970-111-8096,334-555-0197,4097.png,f,8/20/14,5/31/18,,,
4098,Palmer,Bartoletti,pbartoletti4098@example.com,Bartoletti4098@kuromaku-u.org,F,4/1/96,2018,2018,AFR,CHE,COM,970-111-8097,850-555-0152,4098.png,f,8/20/14,5/31/18,,,
4099,Betsy,Lillee,blillee4099@example.com,Lillee4099@kuromaku-u.org,F,1/27/96,2018,2018,WHT,NUC,CIV,970-111-8098,305-555-0110,4099.png,f,8/20/14,5/31/18,,,
4100,Benjy,Houlson,bhoulson4100@example.org,Houlson4100@kuromaku-u.org,F,7/4/96,2018,2018,ASN,COM,MAN,970-111-8099,305-555-0113,4100.png,f,8/20/14,5/31/18,,,
4101,Maryanna,Andrzejczak,mandrzejczak4101@example.net,Andrzejczak4101@kuromaku-u.org,F,3/1/96,2018,2018,AFR,MAN,UND,970-111-8100,904-555-0113,4101.png,f,8/20/14,5/31/18,,,
4102,Jaine,Whylie,jwhylie4102@example.com,Whylie4102@kuromaku-u.org,M,5/28/96,2018,2018,WHT,MAN,NUC,970-111-8101,956-555-0128,4102.png,f,8/20/14,5/31/18,,,
4103,Joline,Southers,jsouthers4103@example.com,Southers4103@kuromaku-u.org,F,5/28/96,2018,2018,ASN,MEC,UND,970-111-8102,312-555-0144,4103.png,f,8/20/14,5/31/18,,,
4104,Goldia,Hallum,ghallum4104@example.net,Hallum4104@kuromaku-u.org,M,8/14/96,2018,2018,HSP,AER,UND,970-111-8103,413-555-0170,4104.png,f,8/20/14,5/31/18,,,
4105,Theodora,Heephy,theephy4105@example.com,Heephy4105@kuromaku-u.org,M,6/13/96,2018,2018,WHT,MAN,MAT,970-111-8104,972-555-0105,4105.png,f,8/20/14,5/31/18,,,
4106,Glennie,Cosstick,gcosstick4106@example.com,Cosstick4106@kuromaku-u.org,F,7/1/96,2018,2018,HSP,CIV,NUC,970-111-8105,253-555-0111,4106.png,f,8/20/14,5/31/18,,,
4107,Jeramie,Stodit,jstodit4107@example.net,Stodit4107@kuromaku-u.org,M,4/18/96,2018,2018,HSP,COM,UND,970-111-8106,314-555-0129,4107.png,f,8/20/14,5/31/18,,,
4108,Paloma,Tilsley,ptilsley4108@example.org,Tilsley4108@kuromaku-u.org,M,10/26/96,2018,2018,AFR,CHE,COM,970-111-8107,205-555-0153,4108.png,f,8/20/14,5/31/18,,,
4109,Ken,Suddards,ksuddards4109@example.net,Suddards4109@kuromaku-u.org,M,8/26/96,2018,2018,AFR,ENG,UND,970-111-8108,949-555-0149,4109.png,f,8/20/14,5/31/18,,,
4110,Graig,Anyene,ganyene4110@example.com,Anyene4110@kuromaku-u.org,F,7/16/96,2018,2018,ASN,CHE,UND,970-111-8109,314-555-0128,4110.png,f,8/20/14,5/31/18,,,
4111,Antoni,Sporle,asporle4111@example.com,Sporle4111@kuromaku-u.org,M,1/25/96,2018,2018,WHT,NUC,UND,970-111-8110,512-555-0125,4111.png,f,8/20/14,5/31/18,,,
4112,Odey,Stobart,ostobart4112@example.com,Stobart4112@kuromaku-u.org,M,6/14/96,2018,2018,ASN,ENG,MEC,970-111-8111,559-555-0141,4112.png,f,8/20/14,5/31/18,,,
4113,Ransom,Carrol,rcarrol4113@example.net,Carrol4113@kuromaku-u.org,M,6/12/96,2018,2018,WHT,MAN,UND,970-111-8112,915-555-0195,4113.png,f,8/20/14,5/31/18,,,
4114,Prent,Pitkins,ppitkins4114@example.com,Pitkins4114@kuromaku-u.org,M,11/6/96,2018,2018,ASN,MAT,CIV,970-111-8113,720-555-0131,4114.png,f,8/20/14,5/31/18,,,
4115,Rosalind,Fannon,rfannon4115@example.com,Fannon4115@kuromaku-u.org,M,10/27/96,2018,2018,WHT,CHE,COM,970-111-8114,331-555-0182,4115.png,f,8/20/14,5/31/18,,,
4116,Aimil,Bryce,abryce4116@example.com,Bryce4116@kuromaku-u.org,F,8/20/96,2018,2018,AFR,ENG,CIV,970-111-8115,352-555-0193,4116.png,f,8/20/14,5/31/18,,,
4117,Carmelia,Able,cable4117@example.org,Able4117@kuromaku-u.org,M,3/1/96,2018,2018,HSP,CHE,UND,970-111-8116,228-555-0144,4117.png,f,8/20/14,5/31/18,,,
4118,Sigismundo,Prier,sprier4118@example.org,Prier4118@kuromaku-u.org,F,2/16/96,2018,2018,ASN,MAT,UND,970-111-8117,972-555-0108,4118.png,f,8/20/14,5/31/18,,,
4119,Delia,Barthelet,dbarthelet4119@example.org,Barthelet4119@kuromaku-u.org,M,1/14/96,2018,2018,ASN,CHE,AER,970-111-8118,281-555-0112,4119.png,f,8/20/14,5/31/18,,,
4120,Antonie,Randerson,aranderson4120@example.com,Randerson4120@kuromaku-u.org,F,4/27/96,2018,2018,WHT,ENG,UND,970-111-8119,434-555-0107,4120.png,f,8/20/14,5/31/18,,,
4121,Enid,Sporle,esporle4121@example.net,Sporle4121@kuromaku-u.org,F,1/9/96,2018,2018,WHT,MEC,UND,970-111-8120,561-555-0127,4121.png,f,8/20/14,5/31/18,,,
4122,Sallyann,Nurcombe,snurcombe4122@example.net,Nurcombe4122@kuromaku-u.org,F,1/21/96,2018,2018,HSP,MAN,UND,970-111-8121,405-555-0175,4122.png,f,8/20/14,5/31/18,,,
4123,Alaster,Dogerty,adogerty4123@example.com,Dogerty4123@kuromaku-u.org,F,10/12/96,2018,2018,ASN,MAT,UND,970-111-8122,702-555-0101,4123.png,f,8/20/14,5/31/18,,,
4124,Zolly,Trembath,ztrembath4124@example.net,Trembath4124@kuromaku-u.org,M,5/25/96,2018,2018,ASN,MAN,UND,970-111-8123,562-555-0149,4124.png,f,8/20/14,5/31/18,,,
4125,Terry,Ramalho,tramalho4125@example.net,Ramalho4125@kuromaku-u.org,M,6/12/96,2018,2018,WHT,AER,UND,970-111-8124,602-555-0162,4125.png,f,8/20/14,5/31/18,,,
4126,Reggy,Jellico,rjellico4126@example.net,Jellico4126@kuromaku-u.org,F,7/2/96,2018,2018,WHT,MEC,UND,970-111-8125,304-555-0180,4126.png,f,8/20/14,5/31/18,,,
4127,Donia,Westby,dwestby4127@example.com,Westby4127@kuromaku-u.org,F,4/8/96,2018,2018,AFR,NUC,UND,970-111-8126,205-555-0118,4127.png,f,8/20/14,5/31/18,,,
4128,Tito,Kondrat,tkondrat4128@example.org,Kondrat4128@kuromaku-u.org,F,11/18/96,2018,2018,WHT,ENG,UND,970-111-8127,260-555-0142,4128.png,f,8/20/14,5/31/18,,,
4129,Lief,Casiroli,lcasiroli4129@example.org,Casiroli4129@kuromaku-u.org,M,9/14/96,2018,2018,WHT,COM,UND,970-111-8128,360-555-0117,4129.png,f,8/20/14,5/31/18,,,
4130,Selma,Trigwell,strigwell4130@example.org,Trigwell4130@kuromaku-u.org,M,6/22/96,2018,2018,HSP,MEC,UND,970-111-8129,504-555-0109,4130.png,f,8/20/14,5/31/18,,,
4131,Bebe,Boat,bboat4131@example.net,Boat4131@kuromaku-u.org,F,1/2/96,2018,2018,AFR,AER,UND,970-111-8130,502-555-0170,4131.png,f,8/20/14,5/31/18,,,
4132,Dalli,Hardy-Piggin,dhardypiggin4132@example.org,Hardy-Piggin4132@kuromaku-u.org,F,11/21/96,2018,2018,AFR,MAT,UND,970-111-8131,313-555-0198,4132.png,f,8/20/14,5/31/18,,,
4133,Terry,Macbane,tmacbane4133@example.net,Macbane4133@kuromaku-u.org,F,3/17/96,2018,2018,AFR,NUC,UND,970-111-8132,785-555-0162,4133.png,f,8/20/14,5/31/18,,,
4134,Harriette,Zumbusch,hzumbusch4134@example.org,Zumbusch4134@kuromaku-u.org,M,1/20/96,2018,2018,WHT,AER,COM,970-111-8133,941-555-0134,4134.png,f,8/20/14,5/31/18,,,
4135,Sheba,Skpsey,sskpsey4135@example.com,Skpsey4135@kuromaku-u.org,F,10/2/96,2018,2018,ASN,NUC,UND,970-111-8134,915-555-0198,4135.png,f,8/20/14,5/31/18,,,
4136,Derward,Giacaponi,dgiacaponi4136@example.org,Giacaponi4136@kuromaku-u.org,M,8/11/96,2018,2018,WHT,MAN,UND,970-111-8135,603-555-0187,4136.png,f,8/20/14,5/31/18,,,
4137,Beckie,Fenge,bfenge4137@example.com,Fenge4137@kuromaku-u.org,F,3/16/96,2018,2018,ASN,MAT,ENG,970-111-8136,651-555-0143,4137.png,f,8/20/14,5/31/18,,,
4138,Alexander,Farlam,afarlam4138@example.org,Farlam4138@kuromaku-u.org,M,9/3/96,2018,2018,HSP,COM,MAT,970-111-8137,254-555-0141,4138.png,f,8/20/14,5/31/18,,,
4139,Truda,Phillpotts,tphillpotts4139@example.com,Phillpotts4139@kuromaku-u.org,M,3/12/96,2018,2018,WHT,NUC,UND,970-111-8138,202-555-0187,4139.png,f,8/20/14,5/31/18,,,
4140,Marni,Bishopp,mbishopp4140@example.net,Bishopp4140@kuromaku-u.org,F,11/22/96,2018,2018,HSP,MAT,UND,970-111-8139,865-555-0176,4140.png,f,8/20/14,5/31/18,,,
4141,Julina,Monnoyer,jmonnoyer4141@example.com,Monnoyer4141@kuromaku-u.org,F,5/18/96,2018,2018,HSP,AER,UND,970-111-8140,253-555-0123,4141.png,f,8/20/14,5/31/18,,,
4142,Dalli,Ferrier,dferrier4142@example.com,Ferrier4142@kuromaku-u.org,F,11/5/96,2018,2018,HSP,COM,UND,970-111-8141,832-555-0104,4142.png,f,8/20/14,5/31/18,,,
4143,Andree,Harding,aharding4143@example.com,Harding4143@kuromaku-u.org,M,12/14/96,2018,2018,ASN,MAT,UND,970-111-8142,786-555-0130,4143.png,f,8/20/14,5/31/18,,,
4144,Garek,Dunne,gdunne4144@example.com,Dunne4144@kuromaku-u.org,F,3/24/96,2018,2018,HSP,CIV,NUC,970-111-8143,410-555-0104,4144.png,f,8/20/14,5/31/18,,,
4145,Oralee,De Witt,odewitt4145@example.com,De Witt4145@kuromaku-u.org,F,1/11/96,2018,2018,HSP,NUC,UND,970-111-8144,786-555-0192,4145.png,f,8/20/14,5/31/18,,,
4146,Frederik,Dillingstone,fdillingstone4146@example.com,Dillingstone4146@kuromaku-u.org,F,9/28/96,2018,2018,ASN,ENG,MAN,970-111-8145,920-555-0152,4146.png,f,8/20/14,5/31/18,,,
4147,Noam,Lampitt,nlampitt4147@example.org,Lampitt4147@kuromaku-u.org,F,8/14/96,2018,2018,ASN,ENG,UND,970-111-8146,516-555-0111,4147.png,f,8/20/14,5/31/18,,,
4148,Denys,Trice,dtrice4148@example.net,Trice4148@kuromaku-u.org,M,5/3/96,2018,2018,ASN,MAT,UND,970-111-8147,309-555-0108,4148.png,f,8/20/14,5/31/18,,,
4149,Lian,Jutson,ljutson4149@example.com,Jutson4149@kuromaku-u.org,M,12/2/96,2018,2018,ASN,COM,UND,970-111-8148,801-555-0176,4149.png,f,8/20/14,5/31/18,,,
4150,Berky,Cleal,bcleal4150@example.net,Cleal4150@kuromaku-u.org,F,4/7/96,2018,2018,AFR,CIV,UND,970-111-8149,801-555-0130,4150.png,f,8/20/14,5/31/18,,,
4151,Donnie,Baxstair,dbaxstair4151@example.net,Baxstair4151@kuromaku-u.org,F,3/23/96,2018,2018,WHT,AER,UND,970-111-8150,502-555-0102,4151.png,f,8/20/14,5/31/18,,,
4152,Virginie,Espinas,vespinas4152@example.net,Espinas4152@kuromaku-u.org,F,5/8/96,2018,2018,AFR,MAN,AER,970-111-8151,314-555-0125,4152.png,f,8/20/14,5/31/18,,,
4153,Lorin,Pattie,lpattie4153@example.com,Pattie4153@kuromaku-u.org,M,5/2/96,2018,2018,ASN,NUC,CIV,970-111-8152,918-555-0137,4153.png,f,8/20/14,5/31/18,,,
4154,Delbert,Bettleson,dbettleson4154@example.net,Bettleson4154@kuromaku-u.org,M,10/9/96,2018,2018,AFR,MAN,UND,970-111-8153,818-555-0113,4154.png,f,8/20/14,5/31/18,,,
4155,Billye,Dillon,bdillon4155@example.net,Dillon4155@kuromaku-u.org,M,1/14/96,2018,2018,ASN,CIV,CHE,970-111-8154,717-555-0176,4155.png,f,8/20/14,5/31/18,,,
4156,Kevon,Silvers,ksilvers4156@example.org,Silvers4156@kuromaku-u.org,M,1/28/96,2018,2018,ASN,AER,NUC,970-111-8155,202-555-0105,4156.png,f,8/20/14,5/31/18,,,
4157,Lindsey,Hens,lhens4157@example.com,Hens4157@kuromaku-u.org,F,6/20/96,2018,2018,AFR,MAT,UND,970-111-8156,412-555-0185,4157.png,f,8/20/14,5/31/18,,,
4158,Darren,Reeday,dreeday4158@example.net,Reeday4158@kuromaku-u.org,M,10/12/96,2018,2018,AFR,MAN,UND,970-111-8157,254-555-0171,4158.png,f,8/20/14,5/31/18,,,
4159,Alva,Porte,aporte4159@example.net,Porte4159@kuromaku-u.org,M,6/20/96,2018,2018,AFR,COM,MEC,970-111-8158,786-555-0194,4159.png,f,8/20/14,5/31/18,,,
4160,Urson,Truett,utruett4160@example.org,Truett4160@kuromaku-u.org,M,2/14/96,2018,2018,WHT,NUC,UND,970-111-8159,612-555-0145,4160.png,f,8/20/14,5/31/18,,,
4161,Toby,Healings,thealings4161@example.org,Healings4161@kuromaku-u.org,F,10/4/96,2018,2018,HSP,AER,MAN,970-111-8160,407-555-0114,4161.png,f,8/20/14,5/31/18,,,
4162,Alfy,Greenhough,agreenhough4162@example.com,Greenhough4162@kuromaku-u.org,F,9/1/96,2018,2018,HSP,MAN,UND,970-111-8161,202-555-0170,4162.png,f,8/20/14,5/31/18,,,
4163,Paquito,Grocutt,pgrocutt4163@example.org,Grocutt4163@kuromaku-u.org,F,2/12/96,2018,2018,HSP,MEC,UND,970-111-8162,716-555-0159,4163.png,f,8/20/14,5/31/18,,,
4164,Roanna,Pattie,rpattie4164@example.com,Pattie4164@kuromaku-u.org,M,2/11/96,2018,2018,HSP,MAN,UND,970-111-8163,336-555-0160,4164.png,f,8/20/14,5/31/18,,,
4165,Ibbie,Fellgett,ifellgett4165@example.net,Fellgett4165@kuromaku-u.org,M,8/11/96,2018,2018,ASN,MAN,UND,970-111-8164,301-555-0154,4165.png,f,8/20/14,5/31/18,,,
4166,Bibbye,Barthelet,bbarthelet4166@example.org,Barthelet4166@kuromaku-u.org,F,5/13/96,2018,2018,AFR,MEC,AER,970-111-8165,202-555-0144,4166.png,f,8/20/14,5/31/18,,,
4167,Alisun,Biggerstaff,abiggerstaff4167@example.net,Biggerstaff4167@kuromaku-u.org,F,10/18/96,2018,2018,WHT,CIV,MAT,970-111-8166,210-555-0159,4167.png,f,8/20/14,5/31/18,,,
4168,Gibbie,Minnette,gminnette4168@example.org,Minnette4168@kuromaku-u.org,M,1/23/96,2018,2018,ASN,ENG,UND,970-111-8167,360-555-0193,4168.png,f,8/20/14,5/31/18,,,
4169,Prent,Potkin,ppotkin4169@example.net,Potkin4169@kuromaku-u.org,F,11/8/96,2018,2018,WHT,NUC,UND,970-111-8168,585-555-0163,4169.png,f,8/20/14,5/31/18,,,
4170,Melvyn,Rouf,mrouf4170@example.org,Rouf4170@kuromaku-u.org,F,6/17/96,2018,2018,ASN,CIV,MAN,970-111-8169,706-555-0198,4170.png,f,8/20/14,5/31/18,,,
4171,Danella,Warne,dwarne4171@example.org,Warne4171@kuromaku-u.org,F,9/13/96,2018,2018,HSP,COM,UND,970-111-8170,937-555-0150,4171.png,f,8/20/14,5/31/18,,,
4172,Tuck,Ridewood,tridewood4172@example.net,Ridewood4172@kuromaku-u.org,M,5/27/96,2018,2018,AFR,MAT,MAN,970-111-8171,570-555-0130,4172.png,f,8/20/14,5/31/18,,,
4173,Arlette,Fowler,afowler4173@example.org,Fowler4173@kuromaku-u.org,M,5/28/96,2018,2018,HSP,COM,ENG,970-111-8172,706-555-0182,4173.png,f,8/20/14,5/31/18,,,
4174,Emanuel,Wichard,ewichard4174@example.net,Wichard4174@kuromaku-u.org,F,6/8/96,2018,2018,WHT,AER,COM,970-111-8173,814-555-0113,4174.png,f,8/20/14,5/31/18,,,
4175,Alphonse,Foulis,afoulis4175@example.net,Foulis4175@kuromaku-u.org,F,7/1/96,2018,2018,WHT,MAN,UND,970-111-8174,808-555-0121,4175.png,f,8/20/14,5/31/18,,,
4176,Bev,Stout,bstout4176@example.org,Stout4176@kuromaku-u.org,F,12/22/96,2018,2018,ASN,MAN,NUC,970-111-8175,212-555-0114,4176.png,f,8/20/14,5/31/18,,,
4177,Madelina,Elgood,melgood4177@example.net,Elgood4177@kuromaku-u.org,F,4/2/96,2018,2018,AFR,CIV,UND,970-111-8176,414-555-0127,4177.png,f,8/20/14,5/31/18,,,
4178,Lutero,Spellacey,lspellacey4178@example.com,Spellacey4178@kuromaku-u.org,M,3/26/96,2018,2018,HSP,COM,UND,970-111-8177,718-555-0198,4178.png,f,8/20/14,5/31/18,,,
4179,Albie,Suddards,asuddards4179@example.com,Suddards4179@kuromaku-u.org,M,12/6/96,2018,2018,AFR,MAN,UND,970-111-8178,212-555-0129,4179.png,f,8/20/14,5/31/18,,,
4180,Wilfred,McVittie,wmcvittie4180@example.com,McVittie4180@kuromaku-u.org,F,7/5/96,2018,2018,AFR,MEC,UND,970-111-8179,916-555-0158,4180.png,f,8/20/14,5/31/18,,,
4181,Jerome,Niezen,jniezen4181@example.com,Niezen4181@kuromaku-u.org,F,10/24/96,2018,2018,ASN,ENG,UND,970-111-8180,434-555-0145,4181.png,f,8/20/14,5/31/18,,,
4182,Wit,Wiltshier,wwiltshier4182@example.net,Wiltshier4182@kuromaku-u.org,M,10/14/96,2018,2018,AFR,ENG,UND,970-111-8181,770-555-0100,4182.png,f,8/20/14,5/31/18,,,
4183,Janean,Bromwich,jbromwich4183@example.net,Bromwich4183@kuromaku-u.org,F,4/10/96,2018,2018,AFR,COM,AER,970-111-8182,971-555-0131,4183.png,f,8/20/14,5/31/18,,,
4184,Melita,Pimmocke,mpimmocke4184@example.net,Pimmocke4184@kuromaku-u.org,F,8/3/96,2018,2018,AFR,AER,CHE,970-111-8183,714-555-0111,4184.png,f,8/20/14,5/31/18,,,
4185,Federica,Zorzutti,fzorzutti4185@example.org,Zorzutti4185@kuromaku-u.org,F,3/2/96,2018,2018,HSP,MAN,UND,970-111-8184,909-555-0178,4185.png,f,8/20/14,5/31/18,,,
4186,Astrix,Hendron,ahendron4186@example.org,Hendron4186@kuromaku-u.org,F,6/17/96,2018,2018,ASN,CIV,UND,970-111-8185,309-555-0121,4186.png,f,8/20/14,5/31/18,,,
4187,Denny,Riding,driding4187@example.org,Riding4187@kuromaku-u.org,F,6/27/96,2018,2018,ASN,COM,UND,970-111-8186,718-555-0141,4187.png,f,8/20/14,5/31/18,,,
4188,Val,Cesco,vcesco4188@example.net,Cesco4188@kuromaku-u.org,M,11/19/96,2018,2018,AFR,CHE,AER,970-111-8187,570-555-0173,4188.png,f,8/20/14,5/31/18,,,
4189,Muffin,Smedmore,msmedmore4189@example.net,Smedmore4189@kuromaku-u.org,M,4/12/96,2018,2018,ASN,MEC,MAT,970-111-8188,847-555-0154,4189.png,f,8/20/14,5/31/18,,,
4190,Giusto,Meriguet,gmeriguet4190@example.org,Meriguet4190@kuromaku-u.org,F,9/19/96,2018,2018,ASN,CHE,UND,970-111-8189,334-555-0121,4190.png,f,8/20/14,5/31/18,,,
4191,Pippa,Pezey,ppezey4191@example.net,Pezey4191@kuromaku-u.org,M,8/6/96,2018,2018,WHT,MAN,UND,970-111-8190,586-555-0121,4191.png,f,8/20/14,5/31/18,,,
4192,Issi,Tocque,itocque4192@example.net,Tocque4192@kuromaku-u.org,M,4/26/96,2018,2018,HSP,AER,CHE,970-111-8191,281-555-0138,4192.png,f,8/20/14,5/31/18,,,
4193,Raimondo,Muckeen,rmuckeen4193@example.com,Muckeen4193@kuromaku-u.org,M,1/24/96,2018,2018,AFR,CHE,UND,970-111-8192,256-555-0134,4193.png,f,8/20/14,5/31/18,,,
4194,Lydon,Pellamonuten,lpellamonuten4194@example.org,Pellamonuten4194@kuromaku-u.org,F,8/24/96,2018,2018,ASN,COM,UND,970-111-8193,303-555-0194,4194.png,f,8/20/14,5/31/18,,,
4195,Drusy,Dufaire,ddufaire4195@example.net,Dufaire4195@kuromaku-u.org,M,11/6/96,2018,2018,HSP,ENG,UND,970-111-8194,913-555-0141,4195.png,f,8/20/14,5/31/18,,,
4196,Alphonse,Tolomio,atolomio4196@example.com,Tolomio4196@kuromaku-u.org,F,4/21/96,2018,2018,ASN,COM,UND,970-111-8195,817-555-0145,4196.png,f,8/20/14,5/31/18,,,
4197,Ailbert,Froggatt,afroggatt4197@example.com,Froggatt4197@kuromaku-u.org,F,7/4/96,2018,2018,HSP,MEC,UND,970-111-8196,410-555-0134,4197.png,f,8/20/14,5/31/18,,,
4198,Ros,Reicherz,rreicherz4198@example.com,Reicherz4198@kuromaku-u.org,M,4/22/96,2018,2018,AFR,NUC,UND,970-111-8197,213-555-0199,4198.png,f,8/20/14,5/31/18,,,
4199,Wilt,Knapper,wknapper4199@example.com,Knapper4199@kuromaku-u.org,F,3/27/96,2018,2018,ASN,ENG,UND,970-111-8198,202-555-0152,4199.png,f,8/20/14,5/31/18,,,
4200,Darren,Opie,dopie4200@example.org,Opie4200@kuromaku-u.org,F,9/24/96,2018,2018,WHT,CHE,UND,970-111-8199,810-555-0158,4200.png,f,8/20/14,5/31/18,,,
4201,Brandon,Hovert,bhovert4201@example.org,Hovert4201@kuromaku-u.org,M,8/8/96,2018,2018,ASN,ENG,CHE,970-111-8200,918-555-0151,4201.png,f,8/20/14,5/31/18,,,
4202,Donia,Arkle,darkle4202@example.com,Arkle4202@kuromaku-u.org,M,2/19/96,2018,2018,AFR,NUC,UND,970-111-8201,314-555-0134,4202.png,f,8/20/14,5/31/18,,,
4203,Naoma,Fonte,nfonte4203@example.com,Fonte4203@kuromaku-u.org,F,9/28/96,2018,2018,AFR,COM,AER,970-111-8202,240-555-0132,4203.png,f,8/20/14,5/31/18,,,
4204,Burnard,Philippet,bphilippet4204@example.com,Philippet4204@kuromaku-u.org,M,7/12/96,2018,2018,WHT,COM,UND,970-111-8203,352-555-0179,4204.png,f,8/20/14,5/31/18,,,
4205,Bobbie,Dunne,bdunne4205@example.org,Dunne4205@kuromaku-u.org,F,3/23/96,2018,2018,WHT,NUC,UND,970-111-8204,479-555-0111,4205.png,f,8/20/14,5/31/18,,,
4206,Margaretta,Cockroft,mcockroft4206@example.net,Cockroft4206@kuromaku-u.org,M,8/27/96,2018,2018,WHT,NUC,AER,970-111-8205,202-555-0155,4206.png,f,8/20/14,5/31/18,,,
4207,Kliment,Gullefant,kgullefant4207@example.net,Gullefant4207@kuromaku-u.org,M,4/15/96,2018,2018,WHT,AER,CHE,970-111-8206,305-555-0198,4207.png,f,8/20/14,5/31/18,,,
4208,Ardyth,Florence,aflorence4208@example.net,Florence4208@kuromaku-u.org,M,5/18/96,2018,2018,WHT,CIV,COM,970-111-8207,210-555-0127,4208.png,f,8/20/14,5/31/18,,,
4209,Bail,Ketch,bketch4209@example.org,Ketch4209@kuromaku-u.org,F,2/25/96,2018,2018,AFR,ENG,UND,970-111-8208,847-555-0132,4209.png,f,8/20/14,5/31/18,,,
4210,Adorne,Redier,aredier4210@example.com,Redier4210@kuromaku-u.org,F,2/23/96,2018,2018,WHT,MAT,UND,970-111-8209,972-555-0115,4210.png,f,8/20/14,5/31/18,,,
4211,Thomasina,Trembath,ttrembath4211@example.org,Trembath4211@kuromaku-u.org,M,11/3/96,2018,2018,ASN,ENG,NUC,970-111-8210,603-555-0165,4211.png,f,8/20/14,5/31/18,,,
4212,Bernardo,Jee,bjee4212@example.org,Jee4212@kuromaku-u.org,F,12/1/96,2018,2018,AFR,MAN,CIV,970-111-8211,513-555-0114,4212.png,f,8/20/14,5/31/18,,,
4213,Lion,McVittie,lmcvittie4213@example.org,McVittie4213@kuromaku-u.org,M,3/7/96,2018,2018,AFR,MAN,UND,970-111-8212,212-555-0169,4213.png,f,8/20/14,5/31/18,,,
4214,Vin,Trice,vtrice4214@example.com,Trice4214@kuromaku-u.org,M,11/9/96,2018,2018,HSP,MEC,UND,970-111-8213,469-555-0141,4214.png,f,8/20/14,5/31/18,,,
4215,Melisse,Buist,mbuist4215@example.com,Buist4215@kuromaku-u.org,M,5/3/96,2018,2018,WHT,CHE,MAN,970-111-8214,850-555-0172,4215.png,f,8/20/14,5/31/18,,,
4216,Antonie,Wistance,awistance4216@example.org,Wistance4216@kuromaku-u.org,F,5/21/96,2018,2018,HSP,CIV,UND,970-111-8215,314-555-0165,4216.png,f,8/20/14,5/31/18,,,
4217,Remy,Gogay,rgogay4217@example.org,Gogay4217@kuromaku-u.org,M,7/10/96,2018,2018,ASN,MAT,UND,970-111-8216,303-555-0173,4217.png,f,8/20/14,5/31/18,,,
4218,Maridel,Fleischmann,mfleischmann4218@example.org,Fleischmann4218@kuromaku-u.org,F,7/5/96,2018,2018,ASN,MAN,UND,970-111-8217,913-555-0172,4218.png,f,8/20/14,5/31/18,,,
4219,Rosita,Jee,rjee4219@example.net,Jee4219@kuromaku-u.org,M,9/26/96,2018,2018,ASN,ENG,UND,970-111-8218,612-555-0191,4219.png,f,8/20/14,5/31/18,,,
4220,Harriette,Demageard,hdemageard4220@example.com,Demageard4220@kuromaku-u.org,F,1/2/96,2018,2018,ASN,MAN,UND,970-111-8219,312-555-0119,4220.png,f,8/20/14,5/31/18,,,
4221,Nikolaos,Feakins,nfeakins4221@example.net,Feakins4221@kuromaku-u.org,F,5/27/96,2018,2018,AFR,MEC,MAT,970-111-8220,520-555-0115,4221.png,f,8/20/14,5/31/18,,,
4222,Albie,Ponder,aponder4222@example.com,Ponder4222@kuromaku-u.org,M,8/18/96,2018,2018,HSP,MEC,MAN,970-111-8221,210-555-0184,4222.png,f,8/20/14,5/31/18,,,
4223,Penrod,Smiz,psmiz4223@example.com,Smiz4223@kuromaku-u.org,M,9/2/96,2018,2018,ASN,MEC,UND,970-111-8222,801-555-0193,4223.png,f,8/20/14,5/31/18,,,
4224,Livia,Shemmans,lshemmans4224@example.com,Shemmans4224@kuromaku-u.org,F,12/7/96,2018,2018,HSP,MAT,AER,970-111-8223,972-555-0167,4224.png,f,8/20/14,5/31/18,,,
4225,Shir,MacGillivray,smacgillivray4225@example.com,MacGillivray4225@kuromaku-u.org,F,1/9/96,2018,2018,ASN,ENG,UND,970-111-8224,915-555-0193,4225.png,f,8/20/14,5/31/18,,,
4226,Radcliffe,Redier,rredier4226@example.com,Redier4226@kuromaku-u.org,M,4/23/96,2018,2018,ASN,CHE,UND,970-111-8225,954-555-0100,4226.png,f,8/20/14,5/31/18,,,
4227,Stephana,Oxlee,soxlee4227@example.net,Oxlee4227@kuromaku-u.org,F,9/19/96,2018,2018,ASN,MEC,UND,970-111-8226,832-555-0169,4227.png,f,8/20/14,5/31/18,,,
4228,Kennedy,Harcourt,kharcourt4228@example.com,Harcourt4228@kuromaku-u.org,M,12/1/96,2018,2018,WHT,MEC,UND,970-111-8227,334-555-0142,4228.png,f,8/20/14,5/31/18,,,
4229,Emylee,Hallum,ehallum4229@example.org,Hallum4229@kuromaku-u.org,F,5/3/96,2018,2018,HSP,MAT,UND,970-111-8228,623-555-0189,4229.png,f,8/20/14,5/31/18,,,
4230,Valida,Cawood,vcawood4230@example.com,Cawood4230@kuromaku-u.org,F,6/23/96,2018,2018,AFR,MAN,UND,970-111-8229,831-555-0196,4230.png,f,8/20/14,5/31/18,,,
4231,Silvan,Strike,sstrike4231@example.com,Strike4231@kuromaku-u.org,M,4/12/96,2018,2018,AFR,MAN,UND,970-111-8230,213-555-0112,4231.png,f,8/20/14,5/31/18,,,
4232,Micky,Lowes,mlowes4232@example.com,Lowes4232@kuromaku-u.org,M,10/25/96,2018,2018,WHT,CHE,UND,970-111-8231,914-555-0152,4232.png,f,8/20/14,5/31/18,,,
4233,Jimmy,Faulds,jfaulds4233@example.net,Faulds4233@kuromaku-u.org,M,11/15/96,2018,2018,WHT,AER,MAN,970-111-8232,234-555-0111,4233.png,f,8/20/14,5/31/18,,,
4234,Feliks,Kondrat,fkondrat4234@example.net,Kondrat4234@kuromaku-u.org,F,6/13/96,2018,2018,HSP,AER,UND,970-111-8233,479-555-0103,4234.png,f,8/20/14,5/31/18,,,
4235,Ansel,Januszkiewicz,ajanuszkiewicz4235@example.net,Januszkiewicz4235@kuromaku-u.org,F,4/13/96,2018,2018,AFR,NUC,UND,970-111-8234,262-555-0198,4235.png,f,8/20/14,5/31/18,,,
4236,Rutger,Capel,rcapel4236@example.com,Capel4236@kuromaku-u.org,M,1/4/96,2018,2018,WHT,MAN,UND,970-111-8235,330-555-0119,4236.png,f,8/20/14,5/31/18,,,
4237,Aile,Philipsen,aphilipsen4237@example.com,Philipsen4237@kuromaku-u.org,M,12/6/96,2018,2018,WHT,MEC,UND,970-111-8236,205-555-0136,4237.png,f,8/20/14,5/31/18,,,
4238,Emilia,Feakins,efeakins4238@example.com,Feakins4238@kuromaku-u.org,F,10/18/96,2018,2018,HSP,AER,MEC,970-111-8237,949-555-0178,4238.png,f,8/20/14,5/31/18,,,
4239,Palmer,McMurthy,pmcmurthy4239@example.com,McMurthy4239@kuromaku-u.org,F,3/2/96,2018,2018,WHT,MAN,CHE,970-111-8238,713-555-0113,4239.png,f,8/20/14,5/31/18,,,
4240,Jae,Letertre,jletertre4240@example.net,Letertre4240@kuromaku-u.org,F,4/9/96,2018,2018,HSP,NUC,AER,970-111-8239,559-555-0139,4240.png,f,8/20/14,5/31/18,,,
4241,Benjy,Bartlam,bbartlam4241@example.net,Bartlam4241@kuromaku-u.org,F,1/7/96,2018,2018,WHT,COM,UND,970-111-8240,757-555-0126,4241.png,f,8/20/14,5/31/18,,,
4242,Reginauld,Fernandez,rfernandez4242@example.net,Fernandez4242@kuromaku-u.org,F,11/4/96,2018,2018,WHT,COM,AER,970-111-8241,401-555-0137,4242.png,f,8/20/14,5/31/18,,,
4243,Cleavland,Doole,cdoole4243@example.net,Doole4243@kuromaku-u.org,M,3/19/96,2018,2018,WHT,MAT,MEC,970-111-8242,757-555-0139,4243.png,f,8/20/14,5/31/18,,,
4244,Bearnard,Mayze,bmayze4244@example.com,Mayze4244@kuromaku-u.org,F,4/24/96,2018,2018,WHT,NUC,UND,970-111-8243,360-555-0194,4244.png,f,8/20/14,5/31/18,,,
4245,Kimball,Nelthorp,knelthorp4245@example.net,Nelthorp4245@kuromaku-u.org,M,8/25/96,2018,2018,AFR,ENG,MEC,970-111-8244,814-555-0174,4245.png,f,8/20/14,5/31/18,,,
4246,Gabbie,Enriques,genriques4246@example.net,Enriques4246@kuromaku-u.org,M,2/14/96,2018,2018,HSP,AER,UND,970-111-8245,832-555-0105,4246.png,f,8/20/14,5/31/18,,,
4247,Teddie,Chark,tchark4247@example.com,Chark4247@kuromaku-u.org,F,7/6/96,2018,2018,HSP,MAT,UND,970-111-8246,314-555-0143,4247.png,f,8/20/14,5/31/18,,,
4248,Myrwyn,Tippett,mtippett4248@example.com,Tippett4248@kuromaku-u.org,M,4/5/96,2018,2018,HSP,CHE,UND,970-111-8247,302-555-0154,4248.png,f,8/20/14,5/31/18,,,
4249,Coralie,Dugdale,cdugdale4249@example.org,Dugdale4249@kuromaku-u.org,F,10/21/96,2018,2018,WHT,COM,UND,970-111-8248,334-555-0147,4249.png,f,8/20/14,5/31/18,,,
4250,Maryjo,Alphonso,malphonso4250@example.com,Alphonso4250@kuromaku-u.org,M,3/2/96,2018,2018,WHT,MAT,NUC,970-111-8249,859-555-0132,4250.png,f,8/20/14,5/31/18,,,
4251,Aeriel,Heine,aheine4251@example.com,Heine4251@kuromaku-u.org,M,2/10/97,2019,2019,WHT,MAT,COM,970-111-8250,804-555-0121,4251.png,f,8/20/15,5/31/19,,,
4252,Naoma,Shemmans,nshemmans4252@example.net,Shemmans4252@kuromaku-u.org,M,6/22/97,2019,2019,AFR,NUC,UND,970-111-8251,512-555-0130,4252.png,f,8/20/15,5/31/19,,,
4253,Federico,Warnes,fwarnes4253@example.net,Warnes4253@kuromaku-u.org,F,2/21/97,2019,2019,HSP,MAT,NUC,970-111-8252,612-555-0182,4253.png,f,8/20/15,5/31/19,,,
4254,Lissi,Shepherdson,lshepherdson4254@example.net,Shepherdson4254@kuromaku-u.org,F,2/11/97,2019,2019,ASN,CIV,UND,970-111-8253,360-555-0172,4254.png,f,8/20/15,5/31/19,,,
4255,Clotilda,Burrass,cburrass4255@example.com,Burrass4255@kuromaku-u.org,F,9/8/97,2019,2019,AFR,MAN,UND,970-111-8254,234-555-0151,4255.png,f,8/20/15,5/31/19,,,
4256,Selma,Sander,ssander4256@example.org,Sander4256@kuromaku-u.org,F,6/25/97,2019,2019,HSP,CHE,UND,970-111-8255,214-555-0131,4256.png,f,8/20/15,5/31/19,,,
4257,Galvan,Fannon,gfannon4257@example.org,Fannon4257@kuromaku-u.org,F,8/17/97,2019,2019,ASN,CIV,UND,970-111-8256,216-555-0146,4257.png,f,8/20/15,5/31/19,,,
4258,Anjanette,Sendley,asendley4258@example.org,Sendley4258@kuromaku-u.org,M,9/22/97,2019,2019,AFR,ENG,UND,970-111-8257,956-555-0184,4258.png,f,8/20/15,5/31/19,,,
4259,Oralee,Dillingstone,odillingstone4259@example.net,Dillingstone4259@kuromaku-u.org,M,11/17/97,2019,2019,WHT,MAN,UND,970-111-8258,908-555-0153,4259.png,f,8/20/15,5/31/19,,,
4260,Carling,Greensmith,cgreensmith4260@example.com,Greensmith4260@kuromaku-u.org,M,8/20/97,2019,2019,ASN,MEC,UND,970-111-8259,816-555-0179,4260.png,f,8/20/15,5/31/19,,,
4261,Virginie,Ferrant,vferrant4261@example.net,Ferrant4261@kuromaku-u.org,F,7/13/97,2019,2019,ASN,CIV,UND,970-111-8260,502-555-0163,4261.png,f,8/20/15,5/31/19,,,
4262,Anthiathia,Grebner,agrebner4262@example.org,Grebner4262@kuromaku-u.org,F,3/25/97,2019,2019,HSP,MAN,MAT,970-111-8261,412-555-0197,4262.png,f,8/20/15,5/31/19,,,
4263,Miguela,Halsey,mhalsey4263@example.net,Halsey4263@kuromaku-u.org,M,8/6/97,2019,2019,AFR,MAN,UND,970-111-8262,318-555-0128,4263.png,f,8/20/15,5/31/19,,,
4264,Dorelia,Howley,dhowley4264@example.com,Howley4264@kuromaku-u.org,F,11/19/97,2019,2019,WHT,NUC,UND,970-111-8263,716-555-0187,4264.png,f,8/20/15,5/31/19,,,
4265,Sylvia,Stobart,sstobart4265@example.com,Stobart4265@kuromaku-u.org,F,2/26/97,2019,2019,AFR,NUC,UND,970-111-8264,971-555-0135,4265.png,f,8/20/15,5/31/19,,,
4266,Carly,Iffland,ciffland4266@example.net,Iffland4266@kuromaku-u.org,M,7/22/97,2019,2019,AFR,COM,ENG,970-111-8265,334-555-0107,4266.png,f,8/20/15,5/31/19,,,
4267,Arden,Vezey,avezey4267@example.org,Vezey4267@kuromaku-u.org,F,9/11/97,2019,2019,HSP,NUC,ENG,970-111-8266,717-555-0130,4267.png,f,8/20/15,5/31/19,,,
4268,Bail,McColm,bmccolm4268@example.net,McColm4268@kuromaku-u.org,F,2/6/97,2019,2019,AFR,MAN,UND,970-111-8267,434-555-0113,4268.png,f,8/20/15,5/31/19,,,
4269,Sande,Rihanek,srihanek4269@example.com,Rihanek4269@kuromaku-u.org,M,2/8/97,2019,2019,WHT,CIV,NUC,970-111-8268,956-555-0181,4269.png,f,8/20/15,5/31/19,,,
4270,Cheryl,Hagland,chagland4270@example.org,Hagland4270@kuromaku-u.org,M,9/27/97,2019,2019,ASN,NUC,ENG,970-111-8269,704-555-0138,4270.png,f,8/20/15,5/31/19,,,
4271,Vern,Matteris,vmatteris4271@example.com,Matteris4271@kuromaku-u.org,F,12/24/97,2019,2019,ASN,AER,UND,970-111-8270,256-555-0110,4271.png,f,8/20/15,5/31/19,,,
4272,Rourke,Reinert,rreinert4272@example.org,Reinert4272@kuromaku-u.org,M,10/15/97,2019,2019,WHT,ENG,UND,970-111-8271,202-555-0151,4272.png,f,8/20/15,5/31/19,,,
4273,Padgett,Chesnay,pchesnay4273@example.com,Chesnay4273@kuromaku-u.org,M,2/19/97,2019,2019,WHT,ENG,UND,970-111-8272,323-555-0179,4273.png,f,8/20/15,5/31/19,,,
4274,Mead,Cornthwaite,mcornthwaite4274@example.org,Cornthwaite4274@kuromaku-u.org,M,11/20/97,2019,2019,AFR,NUC,AER,970-111-8273,937-555-0183,4274.png,f,8/20/15,5/31/19,,,
4275,Wilt,Kristufek,wkristufek4275@example.org,Kristufek4275@kuromaku-u.org,F,5/1/97,2019,2019,AFR,MEC,UND,970-111-8274,602-555-0187,4275.png,f,8/20/15,5/31/19,,,
4276,Bertie,Kibbey,bkibbey4276@example.com,Kibbey4276@kuromaku-u.org,M,5/20/97,2019,2019,ASN,CHE,UND,970-111-8275,865-555-0198,4276.png,f,8/20/15,5/31/19,,,
4277,Agretha,Boards,aboards4277@example.net,Boards4277@kuromaku-u.org,F,1/19/97,2019,2019,HSP,CIV,MAN,970-111-8276,713-555-0145,4277.png,f,8/20/15,5/31/19,,,
4278,Hi,Brunnstein,hbrunnstein4278@example.org,Brunnstein4278@kuromaku-u.org,F,12/18/97,2019,2019,WHT,ENG,UND,970-111-8277,702-555-0132,4278.png,f,8/20/15,5/31/19,,,
4279,Millisent,Boame,mboame4279@example.org,Boame4279@kuromaku-u.org,F,12/15/97,2019,2019,WHT,AER,UND,970-111-8278,602-555-0136,4279.png,f,8/20/15,5/31/19,,,
4280,Joye,McMurthy,jmcmurthy4280@example.org,McMurthy4280@kuromaku-u.org,F,3/1/97,2019,2019,ASN,MAT,UND,970-111-8279,909-555-0175,4280.png,f,8/20/15,5/31/19,,,
4281,Celestyna,Craddock,ccraddock4281@example.net,Craddock4281@kuromaku-u.org,F,2/18/97,2019,2019,HSP,CHE,MAN,970-111-8280,303-555-0180,4281.png,f,8/20/15,5/31/19,,,
4282,Ruth,Enticott,renticott4282@example.net,Enticott4282@kuromaku-u.org,M,3/22/97,2019,2019,AFR,CIV,UND,970-111-8281,754-555-0157,4282.png,f,8/20/15,5/31/19,,,
4283,Mario,Cleland,mcleland4283@example.com,Cleland4283@kuromaku-u.org,F,4/26/97,2019,2019,WHT,ENG,UND,970-111-8282,913-555-0158,4283.png,f,8/20/15,5/31/19,,,
4284,Lydon,Burrass,lburrass4284@example.com,Burrass4284@kuromaku-u.org,F,8/2/97,2019,2019,AFR,NUC,UND,970-111-8283,239-555-0144,4284.png,f,8/20/15,5/31/19,,,
4285,Cleavland,Prier,cprier4285@example.com,Prier4285@kuromaku-u.org,F,9/5/97,2019,2019,AFR,ENG,UND,970-111-8284,212-555-0172,4285.png,f,8/20/15,5/31/19,,,
4286,Albie,Luce,aluce4286@example.org,Luce4286@kuromaku-u.org,F,8/8/97,2019,2019,ASN,AER,UND,970-111-8285,412-555-0189,4286.png,f,8/20/15,5/31/19,,,
4287,Jo,Ketch,jketch4287@example.com,Ketch4287@kuromaku-u.org,F,3/6/97,2019,2019,ASN,COM,NUC,970-111-8286,915-555-0191,4287.png,f,8/20/15,5/31/19,,,
4288,Augy,Caldero,acaldero4288@example.net,Caldero4288@kuromaku-u.org,M,1/21/97,2019,2019,WHT,CHE,UND,970-111-8287,202-555-0116,4288.png,f,8/20/15,5/31/19,,,
4289,Selene,Bamforth,sbamforth4289@example.com,Bamforth4289@kuromaku-u.org,F,8/27/97,2019,2019,AFR,COM,UND,970-111-8288,818-555-0195,4289.png,f,8/20/15,5/31/19,,,
4290,Janean,Fessby,jfessby4290@example.org,Fessby4290@kuromaku-u.org,M,9/25/97,2019,2019,HSP,AER,COM,970-111-8289,818-555-0122,4290.png,f,8/20/15,5/31/19,,,
4291,Tristan,Charlesworth,tcharlesworth4291@example.org,Charlesworth4291@kuromaku-u.org,M,8/25/97,2019,2019,WHT,AER,ENG,970-111-8290,253-555-0155,4291.png,f,8/20/15,5/31/19,,,
4292,Riannon,Vezey,rvezey4292@example.net,Vezey4292@kuromaku-u.org,M,8/19/97,2019,2019,WHT,CHE,CIV,970-111-8291,202-555-0182,4292.png,f,8/20/15,5/31/19,,,
4293,Margot,McIlvoray,mmcilvoray4293@example.com,McIlvoray4293@kuromaku-u.org,M,6/17/97,2019,2019,ASN,MAT,ENG,970-111-8292,719-555-0122,4293.png,f,8/20/15,5/31/19,,,
4294,Jean,Tonkinson,jtonkinson4294@example.org,Tonkinson4294@kuromaku-u.org,F,9/19/97,2019,2019,AFR,NUC,AER,970-111-8293,412-555-0131,4294.png,f,8/20/15,5/31/19,,,
4295,Brandon,Kimbury,bkimbury4295@example.com,Kimbury4295@kuromaku-u.org,F,12/11/97,2019,2019,ASN,ENG,UND,970-111-8294,805-555-0192,4295.png,f,8/20/15,5/31/19,,,
4296,Caldwell,Pitsall,cpitsall4296@example.net,Pitsall4296@kuromaku-u.org,F,7/27/97,2019,2019,HSP,CHE,UND,970-111-8295,330-555-0181,4296.png,f,8/20/15,5/31/19,,,
4297,Vin,Giggie,vgiggie4297@example.net,Giggie4297@kuromaku-u.org,M,5/5/97,2019,2019,HSP,AER,UND,970-111-8296,813-555-0166,4297.png,f,8/20/15,5/31/19,,,
4298,Ravi,Shemmans,rshemmans4298@example.com,Shemmans4298@kuromaku-u.org,M,8/8/97,2019,2019,WHT,CIV,COM,970-111-8297,512-555-0160,4298.png,f,8/20/15,5/31/19,,,
4299,Yankee,Fearnyough,yfearnyough4299@example.org,Fearnyough4299@kuromaku-u.org,M,1/19/97,2019,2019,HSP,COM,UND,970-111-8298,860-555-0130,4299.png,f,8/20/15,5/31/19,,,
4300,Averil,Pattie,apattie4300@example.net,Pattie4300@kuromaku-u.org,M,12/23/97,2019,2019,ASN,ENG,UND,970-111-8299,502-555-0199,4300.png,f,8/20/15,5/31/19,,,
4301,Harmony,Czajka,hczajka4301@example.net,Czajka4301@kuromaku-u.org,M,8/17/97,2019,2019,HSP,AER,UND,970-111-8300,404-555-0193,4301.png,f,8/20/15,5/31/19,,,
4302,Riannon,Shenton,rshenton4302@example.com,Shenton4302@kuromaku-u.org,M,8/9/97,2019,2019,WHT,MAN,UND,970-111-8301,260-555-0159,4302.png,f,8/20/15,5/31/19,,,
4303,Deonne,Breitler,dbreitler4303@example.com,Breitler4303@kuromaku-u.org,F,9/20/97,2019,2019,ASN,COM,UND,970-111-8302,404-555-0143,4303.png,f,8/20/15,5/31/19,,,
4304,My,Truett,mtruett4304@example.net,Truett4304@kuromaku-u.org,M,7/1/97,2019,2019,HSP,MEC,UND,970-111-8303,972-555-0134,4304.png,f,8/20/15,5/31/19,,,
4305,Goldia,Klain,gklain4305@example.net,Klain4305@kuromaku-u.org,F,10/21/97,2019,2019,AFR,MEC,UND,970-111-8304,215-555-0103,4305.png,f,8/20/15,5/31/19,,,
4306,Alisun,Satcher,asatcher4306@example.org,Satcher4306@kuromaku-u.org,F,11/4/97,2019,2019,ASN,NUC,CIV,970-111-8305,858-555-0139,4306.png,f,8/20/15,5/31/19,,,
4307,Sal,Mauser,smauser4307@example.org,Mauser4307@kuromaku-u.org,F,7/17/97,2019,2019,WHT,CIV,UND,970-111-8306,509-555-0175,4307.png,f,8/20/15,5/31/19,,,
4308,Malanie,Menichillo,mmenichillo4308@example.net,Menichillo4308@kuromaku-u.org,F,8/27/97,2019,2019,ASN,AER,NUC,970-111-8307,862-555-0180,4308.png,f,8/20/15,5/31/19,,,
4309,Fernandina,Hargroves,fhargroves4309@example.com,Hargroves4309@kuromaku-u.org,F,10/23/97,2019,2019,ASN,MEC,UND,970-111-8308,512-555-0100,4309.png,f,8/20/15,5/31/19,,,
4310,Evered,Cohrs,ecohrs4310@example.com,Cohrs4310@kuromaku-u.org,M,12/4/97,2019,2019,WHT,NUC,MAT,970-111-8309,941-555-0181,4310.png,f,8/20/15,5/31/19,,,
4311,Bertie,Lafoy,blafoy4311@example.net,Lafoy4311@kuromaku-u.org,M,5/20/97,2019,2019,WHT,MAN,UND,970-111-8310,913-555-0166,4311.png,f,8/20/15,5/31/19,,,
4312,Yankee,Bartlam,ybartlam4312@example.org,Bartlam4312@kuromaku-u.org,M,11/4/97,2019,2019,HSP,CIV,AER,970-111-8311,360-555-0150,4312.png,f,8/20/15,5/31/19,,,
4313,Shalna,Peedell,speedell4313@example.com,Peedell4313@kuromaku-u.org,F,4/10/97,2019,2019,HSP,ENG,AER,970-111-8312,816-555-0171,4313.png,f,8/20/15,5/31/19,,,
4314,Stephana,Wray,swray4314@example.org,Wray4314@kuromaku-u.org,M,5/21/97,2019,2019,HSP,MEC,UND,970-111-8313,904-555-0187,4314.png,f,8/20/15,5/31/19,,,
4315,Griswold,Preshous,gpreshous4315@example.org,Preshous4315@kuromaku-u.org,M,3/19/97,2019,2019,HSP,CHE,UND,970-111-8314,228-555-0156,4315.png,f,8/20/15,5/31/19,,,
4316,Emylee,Cohrs,ecohrs4316@example.com,Cohrs4316@kuromaku-u.org,F,3/7/97,2019,2019,WHT,MAT,UND,970-111-8315,202-555-0190,4316.png,f,8/20/15,5/31/19,,,
4317,Urbano,Kording,ukording4317@example.net,Kording4317@kuromaku-u.org,F,11/14/97,2019,2019,AFR,CHE,ENG,970-111-8316,302-555-0183,4317.png,f,8/20/15,5/31/19,,,
4318,Consalve,Warlow,cwarlow4318@example.org,Warlow4318@kuromaku-u.org,M,12/24/97,2019,2019,ASN,NUC,COM,970-111-8317,562-555-0118,4318.png,f,8/20/15,5/31/19,,,
4319,Reynolds,McGlaud,rmcglaud4319@example.com,McGlaud4319@kuromaku-u.org,M,7/18/97,2019,2019,WHT,MAN,UND,970-111-8318,818-555-0191,4319.png,f,8/20/15,5/31/19,,,
4320,Hilary,Walsh,hwalsh4320@example.net,Walsh4320@kuromaku-u.org,M,10/19/97,2019,2019,HSP,MAT,UND,970-111-8319,727-555-0120,4320.png,f,8/20/15,5/31/19,,,
4321,Giulietta,Davoren,gdavoren4321@example.net,Davoren4321@kuromaku-u.org,M,7/2/97,2019,2019,AFR,COM,UND,970-111-8320,213-555-0165,4321.png,f,8/20/15,5/31/19,,,
4322,Prent,Jellico,pjellico4322@example.com,Jellico4322@kuromaku-u.org,F,4/10/97,2019,2019,AFR,COM,UND,970-111-8321,626-555-0195,4322.png,f,8/20/15,5/31/19,,,
4323,Joline,Jee,jjee4323@example.net,Jee4323@kuromaku-u.org,M,5/16/97,2019,2019,HSP,CIV,UND,970-111-8322,910-555-0164,4323.png,f,8/20/15,5/31/19,,,
4324,Welch,McTeggart,wmcteggart4324@example.net,McTeggart4324@kuromaku-u.org,M,2/25/97,2019,2019,HSP,CHE,CIV,970-111-8323,203-555-0114,4324.png,f,8/20/15,5/31/19,,,
4325,Evvy,Calverd,ecalverd4325@example.com,Calverd4325@kuromaku-u.org,M,5/12/97,2019,2019,HSP,ENG,UND,970-111-8324,239-555-0157,4325.png,f,8/20/15,5/31/19,,,
4326,Winslow,Bouette,wbouette4326@example.com,Bouette4326@kuromaku-u.org,M,11/26/97,2019,2019,AFR,MAT,UND,970-111-8325,608-555-0128,4326.png,f,8/20/15,5/31/19,,,
4327,Orville,Cohrs,ocohrs4327@example.com,Cohrs4327@kuromaku-u.org,F,3/2/97,2019,2019,HSP,AER,MAT,970-111-8326,570-555-0148,4327.png,f,8/20/15,5/31/19,,,
4328,Valida,Audley,vaudley4328@example.com,Audley4328@kuromaku-u.org,F,4/28/97,2019,2019,ASN,AER,MAT,970-111-8327,810-555-0179,4328.png,f,8/20/15,5/31/19,,,
4329,Aeriel,Sherebrooke,asherebrooke4329@example.com,Sherebrooke4329@kuromaku-u.org,F,10/26/97,2019,2019,WHT,MAN,CHE,970-111-8328,314-555-0146,4329.png,f,8/20/15,5/31/19,,,
4330,Taddeusz,Trimme,ttrimme4330@example.com,Trimme4330@kuromaku-u.org,M,11/18/97,2019,2019,AFR,AER,UND,970-111-8329,305-555-0176,4330.png,f,8/20/15,5/31/19,,,
4331,Hebert,Heineke,hheineke4331@example.net,Heineke4331@kuromaku-u.org,M,8/14/97,2019,2019,ASN,CHE,UND,970-111-8330,714-555-0122,4331.png,f,8/20/15,5/31/19,,,
4332,Cleavland,Trice,ctrice4332@example.com,Trice4332@kuromaku-u.org,F,7/10/97,2019,2019,ASN,CHE,UND,970-111-8331,561-555-0162,4332.png,f,8/20/15,5/31/19,,,
4333,Malanie,Petegrew,mpetegrew4333@example.com,Petegrew4333@kuromaku-u.org,F,5/27/97,2019,2019,HSP,ENG,AER,970-111-8332,309-555-0111,4333.png,f,8/20/15,5/31/19,,,
4334,Martie,Oughtright,moughtright4334@example.com,Oughtright4334@kuromaku-u.org,M,2/17/97,2019,2019,ASN,MAT,UND,970-111-8333,203-555-0102,4334.png,f,8/20/15,5/31/19,,,
4335,Becki,Chark,bchark4335@example.net,Chark4335@kuromaku-u.org,F,2/11/97,2019,2019,HSP,NUC,UND,970-111-8334,210-555-0142,4335.png,f,8/20/15,5/31/19,,,
4336,Val,Sperski,vsperski4336@example.net,Sperski4336@kuromaku-u.org,M,5/3/97,2019,2019,AFR,NUC,UND,970-111-8335,941-555-0154,4336.png,f,8/20/15,5/31/19,,,
4337,Farrand,Foulis,ffoulis4337@example.org,Foulis4337@kuromaku-u.org,F,8/6/97,2019,2019,HSP,AER,UND,970-111-8336,267-555-0197,4337.png,f,8/20/15,5/31/19,,,
4338,Philis,Harrell,pharrell4338@example.org,Harrell4338@kuromaku-u.org,M,10/25/97,2019,2019,AFR,COM,UND,970-111-8337,907-555-0150,4338.png,f,8/20/15,5/31/19,,,
4339,Zollie,Lardeur,zlardeur4339@example.net,Lardeur4339@kuromaku-u.org,M,5/14/97,2019,2019,WHT,NUC,UND,970-111-8338,918-555-0105,4339.png,f,8/20/15,5/31/19,,,
4340,Eddi,Sucre,esucre4340@example.com,Sucre4340@kuromaku-u.org,F,9/15/97,2019,2019,WHT,NUC,UND,970-111-8339,415-555-0145,4340.png,f,8/20/15,5/31/19,,,
4341,Godfrey,Knight,gknight4341@example.org,Knight4341@kuromaku-u.org,M,9/6/97,2019,2019,WHT,NUC,MAT,970-111-8340,719-555-0182,4341.png,f,8/20/15,5/31/19,,,
4342,Miguela,Boat,mboat4342@example.com,Boat4342@kuromaku-u.org,M,9/1/97,2019,2019,HSP,CIV,UND,970-111-8341,202-555-0145,4342.png,f,8/20/15,5/31/19,,,
4343,Staci,Corrao,scorrao4343@example.com,Corrao4343@kuromaku-u.org,M,4/11/97,2019,2019,WHT,MEC,UND,970-111-8342,402-555-0139,4343.png,f,8/20/15,5/31/19,,,
4344,Sauncho,Harry,sharry4344@example.org,Harry4344@kuromaku-u.org,F,4/26/97,2019,2019,ASN,AER,UND,970-111-8343,801-555-0145,4344.png,f,8/20/15,5/31/19,,,
4345,My,Tabard,mtabard4345@example.org,Tabard4345@kuromaku-u.org,M,1/10/97,2019,2019,WHT,NUC,COM,970-111-8344,302-555-0159,4345.png,f,8/20/15,5/31/19,,,
4346,Silvio,Sazio,ssazio4346@example.org,Sazio4346@kuromaku-u.org,M,12/17/97,2019,2019,WHT,CHE,NUC,970-111-8345,702-555-0102,4346.png,f,8/20/15,5/31/19,,,
4347,Gasper,Tubridy,gtubridy4347@example.org,Tubridy4347@kuromaku-u.org,M,7/11/97,2019,2019,AFR,CHE,UND,970-111-8346,714-555-0100,4347.png,f,8/20/15,5/31/19,,,
4348,Worth,Haton,whaton4348@example.com,Haton4348@kuromaku-u.org,F,3/13/97,2019,2019,WHT,AER,UND,970-111-8347,801-555-0131,4348.png,f,8/20/15,5/31/19,,,
4349,Travus,Sappson,tsappson4349@example.org,Sappson4349@kuromaku-u.org,F,8/16/97,2019,2019,ASN,AER,MAT,970-111-8348,603-555-0135,4349.png,f,8/20/15,5/31/19,,,
4350,Tailor,Pomroy,tpomroy4350@example.com,Pomroy4350@kuromaku-u.org,M,4/5/97,2019,2019,HSP,AER,UND,970-111-8349,313-555-0133,4350.png,f,8/20/15,5/31/19,,,
4351,Shanon,Turnell,sturnell4351@example.com,Turnell4351@kuromaku-u.org,F,1/18/97,2019,2019,HSP,MAN,UND,970-111-8350,785-555-0106,4351.png,f,8/20/15,5/31/19,,,
4352,Job,Ketch,jketch4352@example.com,Ketch4352@kuromaku-u.org,M,9/6/97,2019,2019,HSP,NUC,UND,970-111-8351,239-555-0147,4352.png,f,8/20/15,5/31/19,,,
4353,Shurlocke,Dowsett,sdowsett4353@example.net,Dowsett4353@kuromaku-u.org,M,5/19/97,2019,2019,HSP,MAN,UND,970-111-8352,913-555-0108,4353.png,f,8/20/15,5/31/19,,,
4354,Fara,Roset,froset4354@example.net,Roset4354@kuromaku-u.org,F,4/6/97,2019,2019,HSP,CHE,UND,970-111-8353,972-555-0158,4354.png,f,8/20/15,5/31/19,,,
4355,Maynord,Ponder,mponder4355@example.com,Ponder4355@kuromaku-u.org,M,9/18/97,2019,2019,AFR,CIV,UND,970-111-8354,719-555-0114,4355.png,f,8/20/15,5/31/19,,,
4356,Ravi,Berney,rberney4356@example.com,Berney4356@kuromaku-u.org,F,8/24/97,2019,2019,AFR,AER,MAN,970-111-8355,941-555-0141,4356.png,f,8/20/15,5/31/19,,,
4357,Virginie,Francescuzzi,vfrancescuzzi4357@example.org,Francescuzzi4357@kuromaku-u.org,M,6/10/97,2019,2019,HSP,NUC,UND,970-111-8356,360-555-0198,4357.png,f,8/20/15,5/31/19,,,
4358,Garek,Canfer,gcanfer4358@example.com,Canfer4358@kuromaku-u.org,F,6/22/97,2019,2019,ASN,ENG,UND,970-111-8357,205-555-0185,4358.png,f,8/20/15,5/31/19,,,
4359,Frederik,Dobinson,fdobinson4359@example.org,Dobinson4359@kuromaku-u.org,M,12/17/97,2019,2019,ASN,MAT,UND,970-111-8358,651-555-0130,4359.png,f,8/20/15,5/31/19,,,
4360,Jorie,Moakes,jmoakes4360@example.com,Moakes4360@kuromaku-u.org,F,11/1/97,2019,2019,ASN,MAN,UND,970-111-8359,201-555-0197,4360.png,f,8/20/15,5/31/19,,,
4361,Stefano,Dillingstone,sdillingstone4361@example.com,Dillingstone4361@kuromaku-u.org,F,6/27/97,2019,2019,WHT,NUC,ENG,970-111-8360,512-555-0178,4361.png,f,8/20/15,5/31/19,,,
4362,Gothart,Leydon,gleydon4362@example.org,Leydon4362@kuromaku-u.org,M,6/10/97,2019,2019,ASN,AER,UND,970-111-8361,717-555-0148,4362.png,f,8/20/15,5/31/19,,,
4363,Kerry,Aldham,kaldham4363@example.org,Aldham4363@kuromaku-u.org,M,9/17/97,2019,2019,WHT,AER,UND,970-111-8362,205-555-0131,4363.png,f,8/20/15,5/31/19,,,
4364,Vilma,Florence,vflorence4364@example.org,Florence4364@kuromaku-u.org,M,8/25/97,2019,2019,ASN,CHE,UND,970-111-8363,314-555-0117,4364.png,f,8/20/15,5/31/19,,,
4365,Etan,Goggey,egoggey4365@example.net,Goggey4365@kuromaku-u.org,F,2/12/97,2019,2019,WHT,NUC,UND,970-111-8364,334-555-0166,4365.png,f,8/20/15,5/31/19,,,
4366,Silvio,Duplain,sduplain4366@example.org,Duplain4366@kuromaku-u.org,F,2/7/97,2019,2019,WHT,ENG,UND,970-111-8365,775-555-0142,4366.png,f,8/20/15,5/31/19,,,
4367,Isobel,Fernandez,ifernandez4367@example.com,Fernandez4367@kuromaku-u.org,F,9/8/97,2019,2019,ASN,AER,UND,970-111-8366,909-555-0160,4367.png,f,8/20/15,5/31/19,,,
4368,Olenka,Klain,oklain4368@example.net,Klain4368@kuromaku-u.org,F,10/1/97,2019,2019,AFR,CIV,UND,970-111-8367,404-555-0114,4368.png,f,8/20/15,5/31/19,,,
4369,Bette-ann,Klais,bklais4369@example.org,Klais4369@kuromaku-u.org,M,4/10/97,2019,2019,ASN,ENG,MAN,970-111-8368,205-555-0177,4369.png,f,8/20/15,5/31/19,,,
4370,Urson,Elwell,uelwell4370@example.net,Elwell4370@kuromaku-u.org,F,8/17/97,2019,2019,AFR,NUC,CHE,970-111-8369,303-555-0123,4370.png,f,8/20/15,5/31/19,,,
4371,Dinny,Graveston,dgraveston4371@example.net,Graveston4371@kuromaku-u.org,F,6/24/97,2019,2019,ASN,COM,UND,970-111-8370,503-555-0116,4371.png,f,8/20/15,5/31/19,,,
4372,Ellerey,Fannon,efannon4372@example.com,Fannon4372@kuromaku-u.org,F,12/25/97,2019,2019,HSP,CHE,MAT,970-111-8371,210-555-0105,4372.png,f,8/20/15,5/31/19,,,
4373,Demetria,Porte,dporte4373@example.com,Porte4373@kuromaku-u.org,F,5/7/97,2019,2019,WHT,COM,UND,970-111-8372,502-555-0119,4373.png,f,8/20/15,5/31/19,,,
4374,Bonny,Flewitt,bflewitt4374@example.net,Flewitt4374@kuromaku-u.org,F,9/3/97,2019,2019,ASN,NUC,UND,970-111-8373,734-555-0132,4374.png,f,8/20/15,5/31/19,,,
4375,Allegra,Pirnie,apirnie4375@example.net,Pirnie4375@kuromaku-u.org,F,4/10/97,2019,2019,AFR,NUC,UND,970-111-8374,804-555-0171,4375.png,f,8/20/15,5/31/19,,,
4376,Lola,Sperski,lsperski4376@example.net,Sperski4376@kuromaku-u.org,M,6/11/97,2019,2019,WHT,MEC,UND,970-111-8375,248-555-0158,4376.png,f,8/20/15,5/31/19,,,
4377,Carlene,Oldaker,coldaker4377@example.org,Oldaker4377@kuromaku-u.org,F,3/18/97,2019,2019,AFR,ENG,UND,970-111-8376,916-555-0111,4377.png,f,8/20/15,5/31/19,,,
4378,Todd,Cleobury,tcleobury4378@example.org,Cleobury4378@kuromaku-u.org,F,7/8/97,2019,2019,HSP,COM,MAT,970-111-8377,770-555-0179,4378.png,f,8/20/15,5/31/19,,,
4379,Torrance,Zorzoni,tzorzoni4379@example.net,Zorzoni4379@kuromaku-u.org,F,6/26/97,2019,2019,HSP,MAT,MAN,970-111-8378,914-555-0172,4379.png,f,8/20/15,5/31/19,,,
4380,Guendolen,Syvret,gsyvret4380@example.net,Syvret4380@kuromaku-u.org,M,4/10/97,2019,2019,ASN,NUC,UND,970-111-8379,623-555-0187,4380.png,f,8/20/15,5/31/19,,,
4381,Obed,Ruse,oruse4381@example.net,Ruse4381@kuromaku-u.org,F,7/9/97,2019,2019,ASN,MAT,NUC,970-111-8380,215-555-0109,4381.png,f,8/20/15,5/31/19,,,
4382,Leticia,Embleton,lembleton4382@example.org,Embleton4382@kuromaku-u.org,M,6/8/97,2019,2019,ASN,AER,CHE,970-111-8381,336-555-0164,4382.png,f,8/20/15,5/31/19,,,
4383,Polly,Serotsky,pserotsky4383@example.org,Serotsky4383@kuromaku-u.org,F,12/4/97,2019,2019,ASN,CIV,CHE,970-111-8382,920-555-0166,4383.png,f,8/20/15,5/31/19,,,
4384,Becki,Biggerstaff,bbiggerstaff4384@example.net,Biggerstaff4384@kuromaku-u.org,M,1/1/97,2019,2019,HSP,COM,UND,970-111-8383,412-555-0168,4384.png,f,8/20/15,5/31/19,,,
4385,Stanislaus,Zorzutti,szorzutti4385@example.net,Zorzutti4385@kuromaku-u.org,F,4/3/97,2019,2019,HSP,MEC,UND,970-111-8384,913-555-0160,4385.png,f,8/20/15,5/31/19,,,
4386,Bernardo,Fenge,bfenge4386@example.com,Fenge4386@kuromaku-u.org,F,3/18/97,2019,2019,AFR,NUC,UND,970-111-8385,817-555-0158,4386.png,f,8/20/15,5/31/19,,,
4387,Coralie,Newcomb,cnewcomb4387@example.org,Newcomb4387@kuromaku-u.org,M,1/26/97,2019,2019,HSP,COM,UND,970-111-8386,704-555-0147,4387.png,f,8/20/15,5/31/19,,,
4388,Anatol,Kording,akording4388@example.net,Kording4388@kuromaku-u.org,F,8/27/97,2019,2019,ASN,MAT,UND,970-111-8387,973-555-0125,4388.png,f,8/20/15,5/31/19,,,
4389,Donnie,Cleaves,dcleaves4389@example.net,Cleaves4389@kuromaku-u.org,F,8/23/97,2019,2019,HSP,COM,CIV,970-111-8388,713-555-0106,4389.png,f,8/20/15,5/31/19,,,
4390,Bekki,Peacher,bpeacher4390@example.net,Peacher4390@kuromaku-u.org,M,4/22/97,2019,2019,ASN,AER,UND,970-111-8389,909-555-0184,4390.png,f,8/20/15,5/31/19,,,
4391,Carly,Kelle,ckelle4391@example.com,Kelle4391@kuromaku-u.org,F,8/24/97,2019,2019,WHT,CIV,UND,970-111-8390,209-555-0144,4391.png,f,8/20/15,5/31/19,,,
4392,Desiree,Buttfield,dbuttfield4392@example.net,Buttfield4392@kuromaku-u.org,M,9/19/97,2019,2019,AFR,CIV,UND,970-111-8391,502-555-0146,4392.png,f,8/20/15,5/31/19,,,
4393,Vin,Cainey,vcainey4393@example.com,Cainey4393@kuromaku-u.org,F,11/26/97,2019,2019,HSP,NUC,UND,970-111-8392,304-555-0178,4393.png,f,8/20/15,5/31/19,,,
4394,Odille,Rutter,orutter4394@example.org,Rutter4394@kuromaku-u.org,M,6/13/97,2019,2019,AFR,COM,CHE,970-111-8393,419-555-0132,4394.png,f,8/20/15,5/31/19,,,
4395,Arny,Hazzard,ahazzard4395@example.com,Hazzard4395@kuromaku-u.org,F,3/16/97,2019,2019,WHT,AER,UND,970-111-8394,305-555-0175,4395.png,f,8/20/15,5/31/19,,,
4396,Ailbert,Veillard,aveillard4396@example.com,Veillard4396@kuromaku-u.org,M,9/24/97,2019,2019,AFR,NUC,UND,970-111-8395,713-555-0114,4396.png,f,8/20/15,5/31/19,,,
4397,Drusy,Sherebrooke,dsherebrooke4397@example.net,Sherebrooke4397@kuromaku-u.org,F,8/14/97,2019,2019,HSP,NUC,UND,970-111-8396,701-555-0159,4397.png,f,8/20/15,5/31/19,,,
4398,Mona,Joney,mjoney4398@example.com,Joney4398@kuromaku-u.org,F,9/23/97,2019,2019,AFR,ENG,UND,970-111-8397,412-555-0111,4398.png,f,8/20/15,5/31/19,,,
4399,Calv,Bonnett,cbonnett4399@example.org,Bonnett4399@kuromaku-u.org,F,6/3/97,2019,2019,HSP,CIV,UND,970-111-8398,850-555-0142,4399.png,f,8/20/15,5/31/19,,,
4400,Nikolaos,Wenger,nwenger4400@example.net,Wenger4400@kuromaku-u.org,F,11/26/97,2019,2019,ASN,COM,UND,970-111-8399,508-555-0121,4400.png,f,8/20/15,5/31/19,,,
4401,Rolph,Farlam,rfarlam4401@example.net,Farlam4401@kuromaku-u.org,F,6/26/97,2019,2019,WHT,CIV,MAT,970-111-8400,318-555-0148,4401.png,f,8/20/15,5/31/19,,,
4402,Rolf,Cleobury,rcleobury4402@example.org,Cleobury4402@kuromaku-u.org,F,4/17/97,2019,2019,AFR,CHE,NUC,970-111-8401,405-555-0182,4402.png,f,8/20/15,5/31/19,,,
4403,Micky,Goggey,mgoggey4403@example.org,Goggey4403@kuromaku-u.org,F,4/24/97,2019,2019,ASN,CHE,UND,970-111-8402,260-555-0133,4403.png,f,8/20/15,5/31/19,,,
4404,Martie,Phippin,mphippin4404@example.com,Phippin4404@kuromaku-u.org,M,2/8/97,2019,2019,ASN,ENG,UND,970-111-8403,971-555-0118,4404.png,f,8/20/15,5/31/19,,,
4405,Rourke,Grigorian,rgrigorian4405@example.net,Grigorian4405@kuromaku-u.org,F,4/19/97,2019,2019,ASN,AER,CHE,970-111-8404,805-555-0143,4405.png,f,8/20/15,5/31/19,,,
4406,Bernardo,Sivior,bsivior4406@example.net,Sivior4406@kuromaku-u.org,F,10/9/97,2019,2019,AFR,MEC,UND,970-111-8405,920-555-0159,4406.png,f,8/20/15,5/31/19,,,
4407,Janaye,Auld,jauld4407@example.com,Auld4407@kuromaku-u.org,M,9/26/97,2019,2019,ASN,CHE,UND,970-111-8406,240-555-0126,4407.png,f,8/20/15,5/31/19,,,
4408,Gabbie,Duffy,gduffy4408@example.com,Duffy4408@kuromaku-u.org,F,6/26/97,2019,2019,WHT,MAT,COM,970-111-8407,785-555-0144,4408.png,f,8/20/15,5/31/19,,,
4409,Feodor,Leteurtre,fleteurtre4409@example.org,Leteurtre4409@kuromaku-u.org,F,9/28/97,2019,2019,HSP,CHE,MAN,970-111-8408,608-555-0100,4409.png,f,8/20/15,5/31/19,,,
4410,Brana,Marsham,bmarsham4410@example.net,Marsham4410@kuromaku-u.org,F,6/10/97,2019,2019,AFR,MAT,UND,970-111-8409,918-555-0104,4410.png,f,8/20/15,5/31/19,,,
4411,Roanna,Sudworth,rsudworth4411@example.net,Sudworth4411@kuromaku-u.org,M,4/27/97,2019,2019,ASN,CHE,UND,970-111-8410,334-555-0110,4411.png,f,8/20/15,5/31/19,,,
4412,Ailbert,Ryles,aryles4412@example.net,Ryles4412@kuromaku-u.org,M,3/2/97,2019,2019,AFR,MAN,UND,970-111-8411,205-555-0105,4412.png,f,8/20/15,5/31/19,,,
4413,Darill,Mallabon,dmallabon4413@example.org,Mallabon4413@kuromaku-u.org,F,9/18/97,2019,2019,WHT,MEC,CHE,970-111-8412,203-555-0122,4413.png,f,8/20/15,5/31/19,,,
4414,Sigfried,Hubball,shubball4414@example.net,Hubball4414@kuromaku-u.org,F,2/3/97,2019,2019,ASN,CIV,UND,970-111-8413,727-555-0149,4414.png,f,8/20/15,5/31/19,,,
4415,Myrwyn,Penniall,mpenniall4415@example.com,Penniall4415@kuromaku-u.org,F,9/8/97,2019,2019,HSP,MEC,UND,970-111-8414,817-555-0165,4415.png,f,8/20/15,5/31/19,,,
4416,Kristyn,Applewhite,kapplewhite4416@example.com,Applewhite4416@kuromaku-u.org,F,3/24/97,2019,2019,HSP,NUC,UND,970-111-8415,651-555-0150,4416.png,f,8/20/15,5/31/19,,,
4417,Amie,Quarlis,aquarlis4417@example.org,Quarlis4417@kuromaku-u.org,M,11/18/97,2019,2019,HSP,CHE,AER,970-111-8416,775-555-0179,4417.png,f,8/20/15,5/31/19,,,
4418,Dalli,Pourvoieur,dpourvoieur4418@example.com,Pourvoieur4418@kuromaku-u.org,M,10/4/97,2019,2019,AFR,MEC,UND,970-111-8417,775-555-0105,4418.png,f,8/20/15,5/31/19,,,
4419,Vern,Emm,vemm4419@example.org,Emm4419@kuromaku-u.org,F,4/1/97,2019,2019,HSP,AER,UND,970-111-8418,509-555-0176,4419.png,f,8/20/15,5/31/19,,,
4420,Alphonse,Riding,ariding4420@example.net,Riding4420@kuromaku-u.org,F,6/9/97,2019,2019,ASN,NUC,UND,970-111-8419,908-555-0104,4420.png,f,8/20/15,5/31/19,,,
4421,Anjela,Celli,acelli4421@example.net,Celli4421@kuromaku-u.org,F,9/11/97,2019,2019,WHT,ENG,UND,970-111-8420,267-555-0121,4421.png,f,8/20/15,5/31/19,,,
4422,Kendall,Dykas,kdykas4422@example.org,Dykas4422@kuromaku-u.org,F,10/26/97,2019,2019,ASN,CHE,UND,970-111-8421,832-555-0112,4422.png,f,8/20/15,5/31/19,,,
4423,Doe,Denisot,ddenisot4423@example.net,Denisot4423@kuromaku-u.org,M,9/8/97,2019,2019,AFR,CIV,AER,970-111-8422,918-555-0108,4423.png,f,8/20/15,5/31/19,,,
4424,Thomasina,Goggey,tgoggey4424@example.net,Goggey4424@kuromaku-u.org,F,6/22/97,2019,2019,AFR,COM,UND,970-111-8423,209-555-0137,4424.png,f,8/20/15,5/31/19,,,
4425,Britney,Connell,bconnell4425@example.org,Connell4425@kuromaku-u.org,M,3/8/97,2019,2019,WHT,NUC,UND,970-111-8424,706-555-0196,4425.png,f,8/20/15,5/31/19,,,
4426,Desiree,Kelle,dkelle4426@example.com,Kelle4426@kuromaku-u.org,F,11/22/97,2019,2019,AFR,MEC,UND,970-111-8425,360-555-0101,4426.png,f,8/20/15,5/31/19,,,
4427,Aeriel,Ciccarello,aciccarello4427@example.com,Ciccarello4427@kuromaku-u.org,F,3/28/97,2019,2019,AFR,CHE,COM,970-111-8426,309-555-0173,4427.png,f,8/20/15,5/31/19,,,
4428,Boigie,Sudworth,bsudworth4428@example.net,Sudworth4428@kuromaku-u.org,M,9/11/97,2019,2019,WHT,CHE,UND,970-111-8427,202-555-0188,4428.png,f,8/20/15,5/31/19,,,
4429,Astrix,Goodrick,agoodrick4429@example.net,Goodrick4429@kuromaku-u.org,F,8/23/97,2019,2019,WHT,NUC,UND,970-111-8428,801-555-0106,4429.png,f,8/20/15,5/31/19,,,
4430,Lishe,Grzelewski,lgrzelewski4430@example.org,Grzelewski4430@kuromaku-u.org,F,7/23/97,2019,2019,ASN,CIV,UND,970-111-8429,626-555-0121,4430.png,f,8/20/15,5/31/19,,,
4431,Teriann,Bonus,tbonus4431@example.com,Bonus4431@kuromaku-u.org,F,6/22/97,2019,2019,HSP,CHE,UND,970-111-8430,513-555-0151,4431.png,f,8/20/15,5/31/19,,,
4432,Dorelia,Blackleech,dblackleech4432@example.com,Blackleech4432@kuromaku-u.org,F,11/1/97,2019,2019,HSP,MAT,CIV,970-111-8431,404-555-0141,4432.png,f,8/20/15,5/31/19,,,
4433,Dare,Rowter,drowter4433@example.net,Rowter4433@kuromaku-u.org,M,9/8/97,2019,2019,WHT,MAT,UND,970-111-8432,510-555-0134,4433.png,f,8/20/15,5/31/19,,,
4434,Bette-ann,Deamer,bdeamer4434@example.com,Deamer4434@kuromaku-u.org,F,9/5/97,2019,2019,AFR,MEC,MAN,970-111-8433,913-555-0180,4434.png,f,8/20/15,5/31/19,,,
4435,Dinny,McMurthy,dmcmurthy4435@example.com,McMurthy4435@kuromaku-u.org,M,1/14/97,2019,2019,WHT,ENG,MEC,970-111-8434,225-555-0135,4435.png,f,8/20/15,5/31/19,,,
4436,Georgianne,Pic,gpic4436@example.org,Pic4436@kuromaku-u.org,M,3/8/97,2019,2019,ASN,NUC,UND,970-111-8435,352-555-0148,4436.png,f,8/20/15,5/31/19,,,
4437,Georgia,Casiroli,gcasiroli4437@example.com,Casiroli4437@kuromaku-u.org,F,12/21/97,2019,2019,AFR,AER,UND,970-111-8436,920-555-0107,4437.png,f,8/20/15,5/31/19,,,
4438,Riobard,McRavey,rmcravey4438@example.com,McRavey4438@kuromaku-u.org,M,11/15/97,2019,2019,AFR,MEC,UND,970-111-8437,907-555-0124,4438.png,f,8/20/15,5/31/19,,,
4439,Orville,Diack,odiack4439@example.net,Diack4439@kuromaku-u.org,M,7/4/97,2019,2019,HSP,NUC,UND,970-111-8438,816-555-0142,4439.png,f,8/20/15,5/31/19,,,
4440,Darill,Bartoletti,dbartoletti4440@example.net,Bartoletti4440@kuromaku-u.org,F,7/13/97,2019,2019,ASN,NUC,ENG,970-111-8439,205-555-0165,4440.png,f,8/20/15,5/31/19,,,
4441,Galvan,Reuben,greuben4441@example.com,Reuben4441@kuromaku-u.org,F,6/8/97,2019,2019,ASN,MEC,UND,970-111-8440,936-555-0154,4441.png,f,8/20/15,5/31/19,,,
4442,Legra,Olivia,lolivia4442@example.com,Olivia4442@kuromaku-u.org,F,6/17/97,2019,2019,WHT,MAN,UND,970-111-8441,253-555-0134,4442.png,f,8/20/15,5/31/19,,,
4443,Chloe,Roset,croset4443@example.org,Roset4443@kuromaku-u.org,F,10/22/97,2019,2019,ASN,ENG,UND,970-111-8442,215-555-0157,4443.png,f,8/20/15,5/31/19,,,
4444,Fara,Minors,fminors4444@example.net,Minors4444@kuromaku-u.org,M,1/8/97,2019,2019,HSP,MEC,UND,970-111-8443,512-555-0168,4444.png,f,8/20/15,5/31/19,,,
4445,Helaina,Pemble,hpemble4445@example.net,Pemble4445@kuromaku-u.org,M,6/1/97,2019,2019,WHT,MAN,UND,970-111-8444,936-555-0112,4445.png,f,8/20/15,5/31/19,,,
4446,Genvieve,Venditto,gvenditto4446@example.org,Venditto4446@kuromaku-u.org,F,4/1/97,2019,2019,ASN,AER,MAT,970-111-8445,208-555-0196,4446.png,f,8/20/15,5/31/19,,,
4447,Gannon,Searchwell,gsearchwell4447@example.org,Searchwell4447@kuromaku-u.org,M,6/3/97,2019,2019,WHT,NUC,UND,970-111-8446,330-555-0163,4447.png,f,8/20/15,5/31/19,,,
4448,Baron,Mucillo,bmucillo4448@example.net,Mucillo4448@kuromaku-u.org,F,3/22/97,2019,2019,AFR,ENG,COM,970-111-8447,571-555-0172,4448.png,f,8/20/15,5/31/19,,,
4449,Weber,Oxnam,woxnam4449@example.com,Oxnam4449@kuromaku-u.org,M,9/10/97,2019,2019,AFR,MAN,CIV,970-111-8448,775-555-0191,4449.png,f,8/20/15,5/31/19,,,
4450,Polly,Barthelet,pbarthelet4450@example.net,Barthelet4450@kuromaku-u.org,M,6/20/97,2019,2019,ASN,NUC,MEC,970-111-8449,754-555-0189,4450.png,f,8/20/15,5/31/19,,,
4451,Any,Olivie,aolivie4451@example.net,Olivie4451@kuromaku-u.org,M,8/22/97,2019,2019,ASN,MAT,UND,970-111-8450,304-555-0174,4451.png,f,8/20/15,5/31/19,,,
4452,Dulce,Bilson,dbilson4452@example.org,Bilson4452@kuromaku-u.org,M,1/4/97,2019,2019,HSP,COM,UND,970-111-8451,501-555-0164,4452.png,f,8/20/15,5/31/19,,,
4453,Hi,Lacky,hlacky4453@example.org,Lacky4453@kuromaku-u.org,F,11/24/97,2019,2019,WHT,NUC,UND,970-111-8452,202-555-0168,4453.png,f,8/20/15,5/31/19,,,
4454,Baird,McMurthy,bmcmurthy4454@example.org,McMurthy4454@kuromaku-u.org,M,10/20/97,2019,2019,AFR,NUC,UND,970-111-8453,850-555-0118,4454.png,f,8/20/15,5/31/19,,,
4455,Myrna,Mattheeuw,mmattheeuw4455@example.net,Mattheeuw4455@kuromaku-u.org,M,6/8/97,2019,2019,AFR,ENG,UND,970-111-8454,314-555-0188,4455.png,f,8/20/15,5/31/19,,,
4456,Gilberta,Bourget,gbourget4456@example.org,Bourget4456@kuromaku-u.org,F,3/25/97,2019,2019,HSP,MAT,UND,970-111-8455,323-555-0137,4456.png,f,8/20/15,5/31/19,,,
4457,Lanny,Pleager,lpleager4457@example.net,Pleager4457@kuromaku-u.org,F,10/9/97,2019,2019,ASN,NUC,CHE,970-111-8456,212-555-0191,4457.png,f,8/20/15,5/31/19,,,
4458,Gothart,Weich,gweich4458@example.org,Weich4458@kuromaku-u.org,M,5/5/97,2019,2019,HSP,CIV,UND,970-111-8457,813-555-0125,4458.png,f,8/20/15,5/31/19,,,
4459,Fara,Abotson,fabotson4459@example.org,Abotson4459@kuromaku-u.org,F,6/19/97,2019,2019,WHT,CIV,COM,970-111-8458,512-555-0174,4459.png,f,8/20/15,5/31/19,,,
4460,Michele,Amery,mamery4460@example.net,Amery4460@kuromaku-u.org,F,2/14/97,2019,2019,ASN,CIV,MAN,970-111-8459,619-555-0123,4460.png,f,8/20/15,5/31/19,,,
4461,Clay,Bussens,cbussens4461@example.net,Bussens4461@kuromaku-u.org,F,2/11/97,2019,2019,AFR,AER,MAT,970-111-8460,309-555-0134,4461.png,f,8/20/15,5/31/19,,,
4462,Madelina,Craine,mcraine4462@example.org,Craine4462@kuromaku-u.org,F,2/17/97,2019,2019,HSP,CHE,MAT,970-111-8461,361-555-0102,4462.png,f,8/20/15,5/31/19,,,
4463,Wilfred,Livesley,wlivesley4463@example.org,Livesley4463@kuromaku-u.org,F,6/18/97,2019,2019,AFR,AER,MEC,970-111-8462,408-555-0159,4463.png,f,8/20/15,5/31/19,,,
4464,Dulce,Minnette,dminnette4464@example.com,Minnette4464@kuromaku-u.org,M,5/17/97,2019,2019,ASN,AER,UND,970-111-8463,512-555-0195,4464.png,f,8/20/15,5/31/19,,,
4465,Wynn,Walsh,wwalsh4465@example.net,Walsh4465@kuromaku-u.org,M,12/5/97,2019,2019,ASN,CHE,CIV,970-111-8464,916-555-0176,4465.png,f,8/20/15,5/31/19,,,
4466,Gus,Halsey,ghalsey4466@example.net,Halsey4466@kuromaku-u.org,M,3/5/97,2019,2019,ASN,MAT,UND,970-111-8465,202-555-0151,4466.png,f,8/20/15,5/31/19,,,
4467,Griz,Roset,groset4467@example.org,Roset4467@kuromaku-u.org,M,9/2/97,2019,2019,AFR,CHE,UND,970-111-8466,251-555-0180,4467.png,f,8/20/15,5/31/19,,,
4468,Jessy,Audley,jaudley4468@example.net,Audley4468@kuromaku-u.org,F,2/3/97,2019,2019,WHT,CIV,COM,970-111-8467,678-555-0128,4468.png,f,8/20/15,5/31/19,,,
4469,Ravi,McTeggart,rmcteggart4469@example.net,McTeggart4469@kuromaku-u.org,F,1/13/97,2019,2019,AFR,NUC,UND,970-111-8468,713-555-0153,4469.png,f,8/20/15,5/31/19,,,
4470,Rock,Boorer,rboorer4470@example.com,Boorer4470@kuromaku-u.org,F,8/15/97,2019,2019,WHT,CIV,UND,970-111-8469,305-555-0150,4470.png,f,8/20/15,5/31/19,,,
4471,Tully,Nucci,tnucci4471@example.com,Nucci4471@kuromaku-u.org,F,11/10/97,2019,2019,WHT,ENG,UND,970-111-8470,503-555-0148,4471.png,f,8/20/15,5/31/19,,,
4472,Sherman,Hagland,shagland4472@example.net,Hagland4472@kuromaku-u.org,F,6/20/97,2019,2019,ASN,ENG,UND,970-111-8471,315-555-0120,4472.png,f,8/20/15,5/31/19,,,
4473,Lona,Kitcat,lkitcat4473@example.org,Kitcat4473@kuromaku-u.org,M,2/15/97,2019,2019,HSP,MEC,UND,970-111-8472,623-555-0171,4473.png,f,8/20/15,5/31/19,,,
4474,Anjela,Novakovic,anovakovic4474@example.org,Novakovic4474@kuromaku-u.org,F,4/22/97,2019,2019,ASN,MAN,UND,970-111-8473,303-555-0199,4474.png,f,8/20/15,5/31/19,,,
4475,Diannne,Asple,dasple4475@example.net,Asple4475@kuromaku-u.org,F,3/11/97,2019,2019,AFR,MAN,MEC,970-111-8474,701-555-0104,4475.png,f,8/20/15,5/31/19,,,
4476,Leena,Malby,lmalby4476@example.net,Malby4476@kuromaku-u.org,F,10/19/97,2019,2019,ASN,ENG,UND,970-111-8475,817-555-0146,4476.png,f,8/20/15,5/31/19,,,
4477,Urson,Burchall,uburchall4477@example.com,Burchall4477@kuromaku-u.org,M,7/23/97,2019,2019,AFR,NUC,UND,970-111-8476,559-555-0105,4477.png,f,8/20/15,5/31/19,,,
4478,Kaylee,Spellacey,kspellacey4478@example.net,Spellacey4478@kuromaku-u.org,F,1/6/97,2019,2019,HSP,AER,CIV,970-111-8477,210-555-0144,4478.png,f,8/20/15,5/31/19,,,
4479,Lanny,Blouet,lblouet4479@example.org,Blouet4479@kuromaku-u.org,F,4/4/97,2019,2019,ASN,ENG,UND,970-111-8478,510-555-0161,4479.png,f,8/20/15,5/31/19,,,
4480,Clea,Tonkinson,ctonkinson4480@example.com,Tonkinson4480@kuromaku-u.org,F,1/15/97,2019,2019,WHT,AER,UND,970-111-8479,702-555-0120,4480.png,f,8/20/15,5/31/19,,,
4481,Margaretta,Crutchfield,mcrutchfield4481@example.net,Crutchfield4481@kuromaku-u.org,F,12/15/97,2019,2019,AFR,NUC,UND,970-111-8480,810-555-0161,4481.png,f,8/20/15,5/31/19,,,
4482,Benjy,Works,bworks4482@example.net,Works4482@kuromaku-u.org,M,10/12/97,2019,2019,WHT,COM,UND,970-111-8481,314-555-0149,4482.png,f,8/20/15,5/31/19,,,
4483,Frannie,Claiden,fclaiden4483@example.org,Claiden4483@kuromaku-u.org,M,12/8/97,2019,2019,WHT,CIV,UND,970-111-8482,817-555-0199,4483.png,f,8/20/15,5/31/19,,,
4484,Staci,Prier,sprier4484@example.org,Prier4484@kuromaku-u.org,M,8/6/97,2019,2019,AFR,CIV,UND,970-111-8483,701-555-0168,4484.png,f,8/20/15,5/31/19,,,
4485,Desmund,Milillo,dmilillo4485@example.com,Milillo4485@kuromaku-u.org,F,6/23/97,2019,2019,WHT,COM,UND,970-111-8484,303-555-0124,4485.png,f,8/20/15,5/31/19,,,
4486,Jason,Southers,jsouthers4486@example.net,Southers4486@kuromaku-u.org,M,3/9/97,2019,2019,WHT,MAT,UND,970-111-8485,573-555-0131,4486.png,f,8/20/15,5/31/19,,,
4487,Leonanie,McVitie,lmcvitie4487@example.com,McVitie4487@kuromaku-u.org,F,8/7/97,2019,2019,HSP,ENG,CHE,970-111-8486,415-555-0187,4487.png,f,8/20/15,5/31/19,,,
4488,Shir,Penniall,spenniall4488@example.org,Penniall4488@kuromaku-u.org,M,2/10/97,2019,2019,AFR,MEC,UND,970-111-8487,312-555-0156,4488.png,f,8/20/15,5/31/19,,,
4489,Waldo,Prine,wprine4489@example.org,Prine4489@kuromaku-u.org,F,1/4/97,2019,2019,AFR,NUC,COM,970-111-8488,714-555-0137,4489.png,f,8/20/15,5/31/19,,,
4490,Nicolette,Farron,nfarron4490@example.com,Farron4490@kuromaku-u.org,F,5/8/97,2019,2019,WHT,CIV,UND,970-111-8489,202-555-0177,4490.png,f,8/20/15,5/31/19,,,
4491,Janean,Muckeen,jmuckeen4491@example.net,Muckeen4491@kuromaku-u.org,F,10/12/97,2019,2019,ASN,CIV,UND,970-111-8490,254-555-0170,4491.png,f,8/20/15,5/31/19,,,
4492,Vania,Mallabon,vmallabon4492@example.net,Mallabon4492@kuromaku-u.org,F,2/9/97,2019,2019,WHT,MEC,UND,970-111-8491,559-555-0121,4492.png,f,8/20/15,5/31/19,,,
4493,Federico,Mitchall,fmitchall4493@example.net,Mitchall4493@kuromaku-u.org,M,4/3/97,2019,2019,WHT,ENG,UND,970-111-8492,423-555-0185,4493.png,f,8/20/15,5/31/19,,,
4494,Jacinta,Philipsen,jphilipsen4494@example.org,Philipsen4494@kuromaku-u.org,M,5/1/97,2019,2019,WHT,AER,UND,970-111-8493,262-555-0131,4494.png,f,8/20/15,5/31/19,,,
4495,Fancy,Houlson,fhoulson4495@example.com,Houlson4495@kuromaku-u.org,F,10/19/97,2019,2019,ASN,MEC,UND,970-111-8494,240-555-0188,4495.png,f,8/20/15,5/31/19,,,
4496,Riane,Poytheras,rpoytheras4496@example.org,Poytheras4496@kuromaku-u.org,M,10/23/97,2019,2019,ASN,MAT,UND,970-111-8495,239-555-0166,4496.png,f,8/20/15,5/31/19,,,
4497,Val,Portsmouth,vportsmouth4497@example.com,Portsmouth4497@kuromaku-u.org,M,5/19/97,2019,2019,AFR,ENG,UND,970-111-8496,562-555-0192,4497.png,f,8/20/15,5/31/19,,,
4498,Arny,Lilford,alilford4498@example.net,Lilford4498@kuromaku-u.org,M,6/15/97,2019,2019,HSP,COM,UND,970-111-8497,312-555-0185,4498.png,f,8/20/15,5/31/19,,,
4499,Jecho,Trout,jtrout4499@example.com,Trout4499@kuromaku-u.org,M,3/14/97,2019,2019,ASN,CHE,UND,970-111-8498,858-555-0197,4499.png,f,8/20/15,5/31/19,,,
4500,Pepe,Warnes,pwarnes4500@example.net,Warnes4500@kuromaku-u.org,M,7/6/97,2019,2019,AFR,AER,UND,970-111-8499,918-555-0121,4500.png,f,8/20/15,5/31/19,,,
